,time,poi,latitude,longitude
0,2015-10-24 11:50:00,"San Leandro, CA",37.72836304,-122.15861511
1,2015-10-20 21:39:00,"San Francisco, CA",37.78007889,-122.42015839
2,2015-10-20 21:06:00,"San Francisco, CA",37.78007889,-122.42015839
3,2015-10-18 17:15:00,"California, USA",37.25466919,-119.61727905
4,2015-10-15 13:01:00,"Kentfield, CA",37.95681381,-122.54911804
5,2015-10-12 20:17:00,"Alameda, CA",37.76533508,-122.24187469
6,2015-09-27 18:11:00,"San Francisco, CA",37.78007889,-122.42015839
7,2015-09-26 14:18:00,"San Francisco, CA",37.78007889,-122.42015839
8,2015-08-31 21:45:00,"Nevada, USA",39.35644913,-116.65539551
9,2015-08-27 21:24:00,"Nevada, USA",39.35644913,-116.65539551
10,2015-08-22 21:15:00,"San Francisco, CA",37.78007889,-122.42015839
11,2015-08-16 06:54:00,"Enterprise, AL",31.32795715,-85.84635925
12,2015-08-12 16:24:00,"LaGrange, GA",33.03874207,-85.0296402
13,2015-08-09 16:05:00,"San Francisco, CA",37.78007889,-122.42015839
14,2015-07-31 22:23:00,"San Francisco, CA",37.78007889,-122.42015839
15,2015-07-30 20:15:00,"Burlingame, CA",37.58419418,-122.36626434
16,2015-07-28 20:15:00,"San Francisco, CA",37.78007889,-122.42015839
17,2015-07-27 18:43:00,"San Francisco, CA",37.78007889,-122.42015839
18,2015-07-23 00:04:00,"San Francisco, CA",37.78007889,-122.42015839
19,2015-07-20 20:17:00,"San Francisco, CA",37.78007889,-122.42015839
20,2015-07-16 20:56:00,"San Francisco, CA",37.78007889,-122.42015839
21,2015-07-16 20:53:00,"San Francisco, CA",37.78007889,-122.42015839
22,2015-07-09 23:17:00,"Seattle, WA",47.60322952,-122.33027649
23,2015-07-09 21:24:00,"Seattle, WA",47.60322952,-122.33027649
24,2015-07-09 20:35:00,"Seattle, WA",47.60322952,-122.33027649
25,2015-07-09 11:01:00,"Seattle, WA",47.60322952,-122.33027649
26,2015-07-09 10:55:00,"Seattle, WA",47.60322952,-122.33027649
27,2015-07-08 11:37:00,"Seattle, WA",47.60322952,-122.33027649
28,2015-07-07 19:59:00,"Seattle, WA",47.60322952,-122.33027649
29,2015-07-02 11:18:00,"San Francisco, CA",37.78007889,-122.42015839
30,2015-07-02 09:33:00,"East Palo Alto, CA",37.46416092,-122.13928223
31,2015-06-28 12:35:00,"San Francisco, CA",37.78007889,-122.42015839
32,2015-06-27 23:16:00,"Inner Richmond, San Francisco",37.77846527,-122.4781723
33,2015-06-27 23:40:00,"Tremonton, UT",41.71174622,-112.16605377
34,2015-06-28 00:53:00,"Mission, San Francisco",37.76209259,-122.41499329
35,2015-06-28 03:36:00,"Kilimanjaro, Tanzania",-2.95314598,37.20215225
36,2015-06-21 21:24:00,"Kilimanjaro, Tanzania",-2.95314598,37.20215225
37,2015-06-21 09:23:00,"Kilimanjaro, Tanzania",-2.95314598,37.20215225
38,2015-06-17 11:00:00,Madagascar,-18.92496109,46.44164276
39,2015-06-13 11:19:00,"San Francisco, CA",37.78007889,-122.42015839
40,2015-06-11 09:41:00,South Africa,-28.99632072,25.08714294
41,2015-06-11 00:41:00,South Africa,-28.99632072,25.08714294
42,2015-06-11 00:40:00,South Africa,-28.99632072,25.08714294
43,2015-06-10 10:35:00,"Saint Lucia, South Africa",-28.37655067,32.41303253
44,2015-06-09 21:58:00,South Africa,-28.99632072,25.08714294
45,2015-06-09 21:28:00,South Africa,-28.99632072,25.08714294
46,2015-06-09 21:26:00,South Africa,-28.99632072,25.08714294
47,2015-06-09 20:53:00,South Africa,-28.99632072,25.08714294
48,2015-06-09 20:53:00,South Africa,-28.99632072,25.08714294
49,2015-06-09 20:43:00,South Africa,-28.99632072,25.08714294
50,2015-06-09 20:33:00,South Africa,-28.99632072,25.08714294
51,2015-06-09 20:18:00,South Africa,-28.99632072,25.08714294
52,2015-06-09 20:17:00,South Africa,-28.99632072,25.08714294
53,2015-06-08 12:25:00,South Africa,-28.99632072,25.08714294
54,2015-06-08 12:07:00,"Civic Center, San Francisco",37.78424835,-122.41773224
55,2015-06-08 12:16:00,South Africa,-28.99632072,25.08714294
56,2015-06-08 11:56:00,"Berkeley, CA",37.8690567,-122.27046204
57,2015-06-08 11:59:00,South Africa,-28.99632072,25.08714294
58,2015-06-08 11:49:00,"Nob Hill, San Francisco",37.79457474,-122.41812897
59,2015-06-08 11:47:00,"Civic Center, San Francisco",37.78424835,-122.41773224
60,2015-06-08 11:43:00,South Africa,-28.99632072,25.08714294
61,2015-06-08 11:34:00,"Bath, England",51.38488388,-2.36196899
62,2015-06-08 11:37:00,South Africa,-28.99632072,25.08714294
63,2015-06-08 11:30:00,South Africa,-28.99632072,25.08714294
64,2015-06-08 06:04:00,"Hluhluwe, South Africa",-28.01945496,32.26834869
65,2015-06-06 09:41:00,Swaziland,-26.56248093,31.39913177
66,2015-06-05 09:48:00,"Islington, London",51.53483963,-0.103436
67,2015-06-05 09:58:00,"Randburg, South Africa",-26.09409714,28.00160599
68,2015-06-03 05:45:00,"Pretoria, South Africa",-25.74601936,28.18712044
69,2015-06-03 05:32:00,"Pretoria, South Africa",-25.74601936,28.18712044
70,2015-06-02 02:32:00,"Johannesburg, South Africa",-26.20145226,28.04548836
71,2015-05-31 13:27:00,"San Francisco, CA",37.78007889,-122.42015839
72,2015-05-31 09:19:00,"San Francisco, CA",37.78007889,-122.42015839
73,2015-05-30 00:20:00,"San Francisco, CA",37.78007889,-122.42015839
74,2015-05-26 21:39:00,"San Francisco, CA",37.78007889,-122.42015839
75,2015-05-26 21:19:00,"San Francisco, CA",37.78007889,-122.42015839
76,2015-05-26 21:02:00,"San Francisco, CA",37.78007889,-122.42015839
77,2015-05-26 20:50:00,"San Francisco, CA",37.78007889,-122.42015839
78,2015-05-26 20:04:00,"San Francisco, CA",37.78007889,-122.42015839
79,2015-05-26 19:42:00,"San Francisco, CA",37.78007889,-122.42015839
80,2015-05-25 13:23:00,"California, USA",37.25466919,-119.61727905
81,2015-05-20 19:55:00,"San Francisco, CA",37.78007889,-122.42015839
82,2015-05-19 18:31:00,"San Francisco, CA",37.78007889,-122.42015839
83,2015-05-18 07:50:00,"San Francisco, CA",37.78007889,-122.42015839
84,2015-05-14 21:41:00,"Seattle, WA",47.60322952,-122.33027649
85,2015-05-15 14:07:00,"Sonoma, CA",38.43969727,-122.71564484
86,2015-05-15 12:00:00,"Boyes Hot Springs, CA",38.31392288,-122.48152924
87,2015-05-15 11:59:00,"Boyes Hot Springs, CA",38.31392288,-122.48152924
88,2015-05-15 08:31:00,"San Francisco, CA",37.78007889,-122.42015839
89,2015-05-15 00:55:00,"San Francisco, CA",37.78007889,-122.42015839
90,2015-05-12 21:54:00,"San Francisco, CA",37.78007889,-122.42015839
91,2015-05-12 21:54:00,"San Francisco, CA",37.78007889,-122.42015839
92,2015-05-12 21:53:00,"San Francisco, CA",37.78007889,-122.42015839
93,2015-05-12 21:52:00,"San Francisco, CA",37.78007889,-122.42015839
94,2015-05-12 21:32:00,"San Francisco, CA",37.78007889,-122.42015839
95,2015-05-12 20:30:00,"San Francisco, CA",37.78007889,-122.42015839
96,2015-05-12 19:36:00,"San Francisco, CA",37.78007889,-122.42015839
97,2015-05-07 09:18:00,"San Francisco, CA",37.78007889,-122.42015839
98,2015-05-05 20:44:00,"San Francisco, CA",37.78007889,-122.42015839
99,2015-05-01 22:31:00,"San Francisco, CA",37.78007889,-122.42015839
100,2015-05-01 20:53:00,"San Francisco, CA",37.78007889,-122.42015839
101,2015-05-01 16:48:00,"San Francisco, CA",37.78007889,-122.42015839
102,2015-04-25 19:40:00,"San Francisco, CA",37.78007889,-122.42015839
103,2015-04-23 20:11:00,"Pearl District, Portland",45.53007889,-122.68236542
104,2015-04-22 00:27:00,"San Francisco, CA",37.78007889,-122.42015839
105,2015-04-22 00:26:00,"San Francisco, CA",37.78007889,-122.42015839
106,2015-04-21 23:21:00,"San Francisco, CA",37.78007889,-122.42015839
107,2015-04-21 20:13:00,"San Francisco, CA",37.78007889,-122.42015839
108,2015-04-21 19:37:00,"San Francisco, CA",37.78007889,-122.42015839
109,2015-04-19 16:59:00,"Alameda, CA",37.76533508,-122.24187469
110,2015-04-19 10:38:00,"Alameda, CA",37.76533508,-122.24187469
111,2015-04-17 22:36:00,"San Francisco, CA",37.78007889,-122.42015839
112,2015-04-17 15:48:00,"Oakland, CA",37.80482864,-122.2724762
113,2015-04-17 09:10:00,"Seattle, WA",47.60322952,-122.33027649
114,2015-04-17 07:39:00,"Berkeley, CA",37.8690567,-122.27046204
115,2015-04-16 22:15:00,"Seattle, WA",47.60322952,-122.33027649
116,2015-04-16 20:42:00,"Seattle, WA",47.60322952,-122.33027649
117,2015-04-16 19:40:00,"Seattle, WA",47.60322952,-122.33027649
118,2015-04-16 08:14:00,"Seattle, WA",47.60322952,-122.33027649
119,2015-04-14 21:42:00,"Seattle, WA",47.60322952,-122.33027649
120,2015-04-14 13:06:00,"SeaTac, WA",47.44525909,-122.29453278
121,2015-04-10 18:33:00,"California, USA",37.25466919,-119.61727905
122,2015-04-10 18:27:00,"California, USA",37.25466919,-119.61727905
123,2015-04-10 18:26:00,"California, USA",37.25466919,-119.61727905
124,2015-04-09 19:07:00,"Seattle, WA",47.60322952,-122.33027649
125,2015-04-09 15:29:00,"Herndon, VA",38.96973038,-77.38387299
126,2015-04-07 21:45:00,"California, USA",37.25466919,-119.61727905
127,2015-04-07 21:40:00,"Mountain View, CA",37.3900795,-122.08139038
128,2015-04-06 09:37:00,"California, USA",37.25466919,-119.61727905
129,2015-04-04 21:09:00,"Missouri, USA",38.36758041,-92.47736359
130,2015-04-04 15:26:00,"San Francisco, CA",37.78007889,-122.42015839
131,2015-04-04 15:21:00,"San Francisco, CA",37.78007889,-122.42015839
132,2015-04-04 09:14:00,"San Francisco, CA",37.78007889,-122.42015839
133,2015-03-30 07:20:00,"San Francisco, CA",37.78007889,-122.42015839
134,2015-03-30 07:02:00,"Tetbury, England",51.63918686,-2.16187406
135,2015-03-28 12:09:00,"San Francisco, CA",37.78007889,-122.42015839
136,2015-03-21 18:04:00,"San Francisco, CA",37.78007889,-122.42015839
137,2015-03-21 14:19:00,"Union Square, San Francisco",37.78849411,-122.40678406
138,2015-03-21 10:41:00,"San Francisco, CA",37.78007889,-122.42015839
139,2015-03-19 13:29:00,"London, England",51.50015259,-0.12623601
140,2015-03-19 10:25:00,"London, England",51.50015259,-0.12623601
141,2015-03-19 10:15:00,"London, England",51.50015259,-0.12623601
142,2015-03-19 10:13:00,"London, England",51.50015259,-0.12623601
143,2015-03-19 07:34:00,"London, England",51.50015259,-0.12623601
144,2015-03-18 09:13:00,"Leicester, England",52.63486099,-1.12906003
145,2015-03-18 09:04:00,"Leicester, England",52.63486099,-1.12906003
146,2015-03-18 08:58:00,"Leicester, England",52.63486099,-1.12906003
147,2015-03-18 05:49:00,"SeaTac, WA",47.44525909,-122.29453278
148,2015-03-18 04:14:00,"Leicester, England",52.63486099,-1.12906003
149,2015-03-18 03:55:00,"Leicester, England",52.63486099,-1.12906003
150,2015-03-17 14:36:00,"Leicester, England",52.63486099,-1.12906003
151,2015-03-17 10:49:00,"Leicester, England",52.63486099,-1.12906003
152,2015-03-17 10:00:00,"Leicester, England",52.63486099,-1.12906003
153,2015-03-17 09:11:00,"Leicester, England",52.63486099,-1.12906003
154,2015-03-17 08:16:00,"Leicester, England",52.63486099,-1.12906003
155,2015-03-16 08:34:00,"Leicester, England",52.63486099,-1.12906003
156,2015-03-16 06:55:00,"Leicester, England",52.63486099,-1.12906003
157,2015-03-16 05:01:00,"Leicester, England",52.63486099,-1.12906003
158,2015-03-16 04:47:00,"Leicester, England",52.63486099,-1.12906003
159,2015-03-16 04:30:00,"Leicester, England",52.63486099,-1.12906003
160,2015-03-15 07:42:00,"Camberwell, London",51.47415924,-0.093181
161,2015-03-15 06:50:00,"Camberwell, London",51.47415924,-0.093181
162,2015-03-14 11:37:00,"Orlando, FL",28.53833008,-81.37887573
163,2015-03-14 10:44:00,"Orlando, FL",28.53833008,-81.37887573
164,2015-03-11 14:03:00,"Boca Raton, FL",26.35051918,-80.08982849
165,2015-03-10 20:33:00,"Georgia, USA",32.64828873,-83.44437408
166,2015-03-09 18:46:00,"Enterprise, AL",31.32795715,-85.84635925
167,2015-03-09 11:35:00,"Enterprise, AL",31.32795715,-85.84635925
168,2015-03-09 11:27:00,"Enterprise, AL",31.32795715,-85.84635925
169,2015-03-09 11:24:00,"Enterprise, AL",31.32795715,-85.84635925
170,2015-03-09 11:23:00,"Enterprise, AL",31.32795715,-85.84635925
171,2015-03-09 11:22:00,"Enterprise, AL",31.32795715,-85.84635925
172,2015-03-09 11:09:00,"Enterprise, AL",31.32795715,-85.84635925
173,2015-03-09 10:56:00,"Enterprise, AL",31.32795715,-85.84635925
174,2015-03-09 10:45:00,"Santa Clara, CA",37.3523941,-121.95307922
175,2015-03-09 10:46:00,"Enterprise, AL",31.32795715,-85.84635925
176,2015-03-09 10:41:00,"Raleigh, NC",35.78130341,-78.64167786
177,2015-03-09 10:33:00,"North Riverdale, Toronto",43.67112732,-79.35106659
178,2015-03-09 10:40:00,"Enterprise, AL",31.32795715,-85.84635925
179,2015-03-09 10:36:00,"Redmond, WA",47.6749115,-122.12399292
180,2015-03-09 10:35:00,"Enterprise, AL",31.32795715,-85.84635925
181,2015-03-09 10:08:00,"Enterprise, AL",31.32795715,-85.84635925
182,2015-03-08 20:17:00,"Enterprise, AL",31.32795715,-85.84635925
183,2015-03-08 12:50:00,"Panama City Beach, FL",30.23050308,-85.88933563
184,2015-03-08 12:48:00,"Panama City Beach, FL",30.23050308,-85.88933563
185,2015-03-07 21:46:00,"Alabama, USA",32.76642609,-86.84033203
186,2015-03-07 07:28:00,"Enterprise, AL",31.32795715,-85.84635925
187,2015-02-26 12:28:00,"San Francisco, CA",37.78007889,-122.42015839
188,2015-02-24 18:54:00,"San Francisco, CA",37.78007889,-122.42015839
189,2015-02-24 16:02:00,"San Francisco, CA",37.78007889,-122.42015839
190,2015-02-24 15:56:00,"San Francisco, CA",37.78007889,-122.42015839
191,2015-02-23 15:36:00,"San Francisco, CA",37.78007889,-122.42015839
192,2015-02-22 16:55:00,"San Francisco, CA",37.78007889,-122.42015839
193,2015-02-22 16:43:00,"San Francisco, CA",37.78007889,-122.42015839
194,2015-02-20 22:04:00,"California, USA",37.25466919,-119.61727905
195,2015-02-20 20:56:00,"San Francisco, CA",37.78007889,-122.42015839
196,2015-02-20 08:46:00,"San Francisco, CA",37.78007889,-122.42015839
197,2015-02-19 22:02:00,"San Francisco, CA",37.78007889,-122.42015839
198,2015-02-19 21:18:00,"San Francisco, CA",37.78007889,-122.42015839
199,2015-02-19 21:09:00,"San Francisco, CA",37.78007889,-122.42015839
200,2015-02-12 19:14:00,"San Francisco, CA",37.78007889,-122.42015839
201,2015-02-12 18:22:00,"San Francisco, CA",37.78007889,-122.42015839
202,2015-02-11 23:49:00,"San Francisco, CA",37.78007889,-122.42015839
203,2015-02-10 21:55:00,"San Francisco, CA",37.78007889,-122.42015839
204,2015-02-10 21:51:00,"San Francisco, CA",37.78007889,-122.42015839
205,2015-02-10 20:24:00,"San Francisco, CA",37.78007889,-122.42015839
206,2015-02-10 20:25:00,"San Francisco, CA",37.78007889,-122.42015839
207,2015-02-10 20:05:00,"San Francisco, CA",37.78007889,-122.42015839
208,2015-02-10 20:00:00,"San Francisco, CA",37.78007889,-122.42015839
209,2015-02-10 19:44:00,"San Francisco, CA",37.78007889,-122.42015839
210,2015-02-10 16:37:00,"San Francisco, CA",37.78007889,-122.42015839
211,2015-02-07 19:42:00,"San Francisco, CA",37.78007889,-122.42015839
212,2015-02-05 08:21:00,"San Francisco, CA",37.78007889,-122.42015839
213,2015-02-04 18:10:00,"San Francisco, CA",37.78007889,-122.42015839
214,2015-02-01 16:35:00,"San Francisco, CA",37.78007889,-122.42015839
215,2015-01-30 14:01:00,"Rocklin, CA",38.79232788,-121.23980713
216,2015-01-29 19:17:00,"San Francisco, CA",37.78007889,-122.42015839
217,2015-01-29 08:22:00,"San Francisco, CA",37.78007889,-122.42015839
218,2015-01-29 08:18:00,"San Francisco, CA",37.78007889,-122.42015839
219,2015-01-28 16:43:00,"San Francisco, CA",37.78007889,-122.42015839
220,2015-01-28 16:20:00,"San Francisco, CA",37.78007889,-122.42015839
221,2015-01-27 09:47:00,"San Francisco, CA",37.78007889,-122.42015839
222,2015-01-25 10:15:00,"Park City, UT",40.66031647,-111.5094986
223,2015-01-23 14:00:00,"Tukwila, WA",47.47637939,-122.25911713
224,2015-01-23 13:38:00,"Tukwila, WA",47.47637939,-122.25911713
225,2015-01-23 09:03:00,"Seattle, WA",47.60322952,-122.33027649
226,2015-01-22 21:24:00,"Seattle, WA",47.60322952,-122.33027649
227,2015-01-20 10:45:00,"San Francisco, CA",37.78007889,-122.42015839
228,2015-01-11 19:59:00,"California, USA",37.25466919,-119.61727905
229,2015-01-11 08:47:00,"San Francisco, CA",37.78007889,-122.42015839
230,2015-01-07 21:51:00,"San Francisco, CA",37.78007889,-122.42015839
231,2015-01-07 09:45:00,"San Francisco, CA",37.78007889,-122.42015839
232,2015-01-07 09:43:00,"Van Lennepbuurt, Amsterdam",52.36496735,4.8675909
233,2015-01-06 23:26:00,"San Francisco, CA",37.78007889,-122.42015839
234,2015-01-06 21:39:00,"San Francisco, CA",37.78007889,-122.42015839
235,2015-01-06 19:51:00,"San Francisco, CA",37.78007889,-122.42015839
236,2015-01-06 19:31:00,"San Francisco, CA",37.78007889,-122.42015839
237,2015-01-04 15:31:00,"Crockett, CA",38.05238724,-122.22091675
238,2015-01-03 16:42:00,"California, USA",37.25466919,-119.61727905
239,2015-01-03 16:18:00,"California, USA",37.25466919,-119.61727905
240,2014-12-30 21:52:00,"South San Francisco, CA",37.65568161,-122.41248322
241,2014-12-29 13:29:00,"San Francisco, CA",37.78007889,-122.42015839
242,2014-12-28 15:46:00,"San Carlos, CA",37.50373459,-122.26493073
243,2014-12-24 13:34:00,"San Francisco, CA",37.78007889,-122.42015839
244,2014-12-17 09:46:00,"Ciudad Aut贸noma de Buenos Aires, Argentina",-34.60756683,-58.43708801
245,2014-12-16 11:49:00,"Pilar, Argentina",-34.45709229,-58.91416168
246,2014-12-16 11:42:00,"Ciudad Aut贸noma de Buenos Aires, Argentina",-34.60756683,-58.43708801
247,2014-12-15 08:12:00,"Pilar, Argentina",-34.45709229,-58.91416168
248,2014-12-15 08:09:00,"Pilar, Argentina",-34.45709229,-58.91416168
249,2014-12-15 07:49:00,"Pilar, Argentina",-34.45709229,-58.91416168
250,2014-12-15 07:45:00,"Pilar, Argentina",-34.45709229,-58.91416168
251,2014-12-14 13:09:00,"Pilar, Argentina",-34.45709229,-58.91416168
252,2014-12-14 11:36:00,"Pilar, Argentina",-34.45709229,-58.91416168
253,2014-12-13 14:17:00,"Ciudad Aut贸noma de Buenos Aires, Argentina",-34.60756683,-58.43708801
254,2014-12-13 05:09:00,"Ciudad Aut贸noma de Buenos Aires, Argentina",-34.60756683,-58.43708801
255,2014-12-11 19:13:00,"Houston, TX",29.76080322,-95.36950684
256,2014-12-10 10:23:00,"San Francisco, CA",37.78007889,-122.42015839
257,2014-12-07 12:25:00,"Tukwila, WA",47.47637939,-122.25911713
258,2014-12-06 15:27:00,"Central Business District, Seattle",47.60869598,-122.33374786
259,2014-12-06 08:01:00,"West Queen Anne, Seattle",47.63475418,-122.36638641
260,2014-12-06 00:44:00,"Seattle, WA",47.60322952,-122.33027649
261,2014-12-04 21:56:00,"Seattle, WA",47.60322952,-122.33027649
262,2014-12-04 21:46:00,"Seattle, WA",47.60322952,-122.33027649
263,2014-12-04 18:33:00,"Seattle, WA",47.60322952,-122.33027649
264,2014-12-04 07:41:00,"Bakersfield, CA",35.37340546,-119.01891327
265,2014-12-04 06:31:00,"California, USA",37.25466919,-119.61727905
266,2014-11-28 17:57:00,"San Carlos, CA",37.50373459,-122.26493073
267,2014-11-28 16:05:00,"California, USA",37.25466919,-119.61727905
268,2014-11-27 17:57:00,"Lake Arrowhead, CA",34.24856949,-117.18956757
269,2014-11-27 17:55:00,"Lake Arrowhead, CA",34.24856949,-117.18956757
270,2014-11-27 12:12:00,"Tehachapi, CA",35.13231659,-118.44907379
271,2014-11-27 10:08:00,"California, USA",37.25466919,-119.61727905
272,2014-11-27 09:56:00,"California, USA",37.25466919,-119.61727905
273,2014-11-25 19:39:00,"San Francisco, CA",37.78007889,-122.42015839
