,time,poi,latitude,longitude
0,2015-09-24 16:17:00,"Santa Monica, CA",34.01093292,-118.49151611
1,2015-09-15 16:56:00,"Manhattan, NY",40.75325012,-74.00380707
2,2015-09-06 14:39:00,"New Mexico, USA",34.42137146,-106.10839081
3,2015-08-25 17:34:00,"Manhattan, NY",40.75325012,-74.00380707
4,2015-08-14 15:19:00,"Manhattan, NY",40.75325012,-74.00380707
5,2015-08-09 07:07:00,"Brooklyn, NY",40.69252777,-73.99099731
6,2015-08-08 15:44:00,"Brooklyn, NY",40.69252777,-73.99099731
7,2015-08-08 11:35:00,"Manhattan, NY",40.75325012,-74.00380707
8,2015-08-07 20:05:00,"Manhattan, NY",40.75325012,-74.00380707
9,2015-08-06 18:07:00,"New York, NY",40.71304703,-74.00723267
10,2015-08-06 18:02:00,"Queens, NY",40.75977707,-73.81729889
11,2015-08-06 11:50:00,McCarran International Airport (LAS),36.08287811,-115.14930725
12,2015-08-06 11:09:00,"Paradise, NV",36.11553574,-115.15795135
13,2015-08-02 17:00:00,"Truckee, CA",39.32815933,-120.18405151
14,2015-07-31 20:46:00,"Sunnyside, CA",36.73406219,-119.70417786
15,2015-07-31 14:37:00,"Truckee, CA",39.32815933,-120.18405151
16,2015-07-30 22:07:00,"California, USA",37.25466919,-119.61727905
17,2015-07-29 17:07:00,"Manhattan, NY",40.75325012,-74.00380707
18,2015-07-24 21:18:00,"Manhattan, NY",40.75325012,-74.00380707
19,2015-07-23 15:27:00,"Hastings-on-Hudson, NY",40.99731827,-73.88184357
20,2015-07-23 07:58:00,"Manhattan, NY",40.75325012,-74.00380707
21,2015-07-18 06:24:00,"Manhattan, NY",40.75325012,-74.00380707
22,2015-07-10 08:38:00,"Manhattan, NY",40.75325012,-74.00380707
23,2015-07-05 18:48:00,"Manhattan, NY",40.75325012,-74.00380707
24,2015-07-05 17:04:00,"New York, NY",40.71304703,-74.00723267
25,2015-06-28 12:19:00,"Queens, NY",40.75977707,-73.81729889
26,2015-06-27 14:13:00,"Manhattan, NY",40.75325012,-74.00380707
27,2015-06-27 06:47:00,"Manhattan, NY",40.75325012,-74.00380707
28,2015-06-25 20:46:00,"Manhattan, NY",40.75325012,-74.00380707
29,2015-06-07 05:58:00,"Manhattan, NY",40.75325012,-74.00380707
30,2015-05-29 07:39:00,"New York, USA",40.71304703,-74.00723267
31,2015-05-28 17:06:00,"Brooklyn, NY",40.69252777,-73.99099731
32,2015-05-28 04:52:00,"Laurel, MD",39.0995369,-76.84837341
33,2015-05-24 22:31:00,"Manhattan, NY",40.75325012,-74.00380707
34,2015-05-24 17:53:00,"Manhattan, NY",40.75325012,-74.00380707
35,2015-05-22 21:33:00,"Brooklyn, NY",40.69252777,-73.99099731
36,2015-05-07 20:49:00,"Los Angeles, CA",34.05223846,-118.24334717
37,2015-05-07 06:36:00,"Manhattan, NY",40.75325012,-74.00380707
38,2015-04-26 13:54:00,"Chicago, IL",41.8832283,-87.63240051
39,2015-04-25 22:28:00,"Chicago, IL",41.8832283,-87.63240051
40,2015-04-19 16:50:00,"Manhattan, NY",40.75325012,-74.00380707
41,2015-04-04 04:43:00,"Manhattan, NY",40.75325012,-74.00380707
42,2015-04-01 19:58:00,"Manhattan, NY",40.75325012,-74.00380707
43,2015-03-29 11:25:00,"Manhattan, NY",40.75325012,-74.00380707
44,2015-03-15 07:29:00,"Manhattan, NY",40.75325012,-74.00380707
45,2015-03-12 17:03:00,"Manhattan, NY",40.75325012,-74.00380707
46,2015-03-08 11:49:00,"Manhattan, NY",40.75325012,-74.00380707
47,2015-03-06 13:55:00,"Brooklyn, NY",40.69252777,-73.99099731
48,2015-02-21 13:42:00,"Manhattan, NY",40.75325012,-74.00380707
49,2015-02-10 19:55:00,"Honolulu, HI",21.30991936,-157.8581543
50,2015-02-10 00:57:00,"Haleiwa, HI",21.59298897,-158.10342407
51,2015-02-09 23:32:00,"Honolulu, HI",21.30991936,-157.8581543
52,2015-02-08 23:01:00,"Honolulu, HI",21.30991936,-157.8581543
53,2015-02-07 01:37:00,"Honolulu, HI",21.30991936,-157.8581543
54,2015-02-06 11:12:00,"Honolulu, HI",21.30991936,-157.8581543
55,2015-02-05 23:33:00,"Honolulu, HI",21.30991936,-157.8581543
56,2015-02-05 13:36:00,"Los Angeles, CA",34.05223846,-118.24334717
57,2015-02-05 05:04:00,"Queens, NY",40.75977707,-73.81729889
58,2015-02-03 20:57:00,"New Jersey, USA",40.13909531,-74.6785202
59,2015-02-02 14:23:00,"Yonkers, NY",40.93079376,-73.89829254
60,2015-01-28 10:25:00,"Manhattan, NY",40.75325012,-74.00380707
61,2015-01-24 06:41:00,"Yonkers, NY",40.93079376,-73.89829254
62,2015-01-23 17:57:00,"Manhattan, NY",40.75325012,-74.00380707
63,2015-01-15 18:18:00,"Manhattan, NY",40.75325012,-74.00380707
64,2015-01-08 18:57:00,"Manhattan, NY",40.75325012,-74.00380707
65,2015-01-05 03:34:00,"Manhattan, NY",40.75325012,-74.00380707
66,2015-01-03 14:23:00,"Brooklyn, NY",40.69252777,-73.99099731
67,2014-12-31 15:11:00,"Manhattan, NY",40.75325012,-74.00380707
68,2014-12-24 09:02:00,"Enterprise, NV",36.04234314,-115.17012024
69,2014-12-20 17:00:00,"Queens, NY",40.75977707,-73.81729889
70,2014-12-20 14:45:00,"Manhattan, NY",40.75325012,-74.00380707
71,2014-12-19 16:33:00,"Manhattan, NY",40.75325012,-74.00380707
72,2014-12-14 12:06:00,"Manhattan, NY",40.75325012,-74.00380707
73,2014-12-13 05:16:00,"Manhattan, NY",40.75325012,-74.00380707
74,2014-12-10 17:25:00,"Brooklyn, NY",40.69252777,-73.99099731
75,2014-12-08 19:38:00,"Manhattan, NY",40.75325012,-74.00380707
76,2014-12-08 18:48:00,"Manhattan, NY",40.75325012,-74.00380707
77,2014-12-07 12:13:00,"Philadelphia, PA",39.95106125,-75.1656189
78,2014-12-07 11:17:00,"Philadelphia, PA",39.95106125,-75.1656189
79,2014-12-07 09:48:00,"Philadelphia, PA",39.95106125,-75.1656189
80,2014-12-04 18:19:00,"Manhattan, NY",40.75325012,-74.00380707
81,2014-11-29 15:49:00,"Convention Center - South Boston Waterfront, Boston",42.34825516,-71.03752136
82,2014-11-27 16:46:00,"Boston, MA",42.35899353,-71.0586319
83,2014-11-27 16:34:00,"Boston, MA",42.35899353,-71.0586319
84,2014-11-26 09:22:00,"New Haven, CT",41.30825043,-72.92416382
85,2014-11-22 17:52:00,"New York, USA",40.71304703,-74.00723267
86,2014-11-22 14:32:00,"New York, USA",40.71304703,-74.00723267
87,2014-11-20 16:06:00,"Manhattan, NY",40.75325012,-74.00380707
88,2014-11-15 23:20:00,"Long Beach, CA",33.77171326,-118.18131256
89,2014-11-15 12:09:00,"La Canada Flintridge, CA",34.19509125,-118.19819641
90,2014-11-14 13:31:00,"Queens, NY",40.75977707,-73.81729889
91,2014-11-10 20:12:00,"Manhattan, NY",40.75325012,-74.00380707
92,2014-11-09 18:43:00,"Manhattan, NY",40.75325012,-74.00380707
93,2014-11-08 19:50:00,"Firthcliffe, NY",41.43958664,-74.02974701
94,2014-11-04 05:11:00,"Manhattan, NY",40.75325012,-74.00380707
95,2014-10-31 08:56:00,"Croton-on-Hudson, NY",41.20477295,-73.88510132
96,2014-10-25 13:38:00,"Solidaridad, Quintana Roo",20.62753677,-87.0754776
97,2014-10-25 13:17:00,"Benito Juárez, Quintana Roo",21.19022942,-86.82003021
98,2014-10-23 16:10:00,"Solidaridad, Quintana Roo",20.62753677,-87.0754776
99,2014-10-23 14:38:00,"Solidaridad, Quintana Roo",20.62753677,-87.0754776
100,2014-10-21 20:56:00,"Solidaridad, Quintana Roo",20.62753677,-87.0754776
101,2014-10-21 10:40:00,"Solidaridad, Quintana Roo",20.62753677,-87.0754776
102,2014-10-19 14:12:00,"Manhattan, NY",40.75325012,-74.00380707
103,2014-10-19 05:48:00,"Manhattan, NY",40.75325012,-74.00380707
104,2014-10-18 20:08:00,"Manhattan, NY",40.75325012,-74.00380707
105,2014-10-18 16:44:00,"Manhattan, NY",40.75325012,-74.00380707
106,2014-10-18 14:56:00,"Manhattan, NY",40.75325012,-74.00380707
107,2014-10-16 07:20:00,"Manhattan, NY",40.75325012,-74.00380707
108,2014-10-14 07:22:00,"Brooklyn, NY",40.69252777,-73.99099731
109,2014-10-11 08:43:00,"Manhattan, NY",40.75325012,-74.00380707
110,2014-10-08 12:33:00,"New Orleans, LA",29.95176315,-90.07461548
111,2014-10-08 06:57:00,"New Orleans, LA",29.95176315,-90.07461548
112,2014-10-07 14:16:00,"New Orleans, LA",29.95176315,-90.07461548
113,2014-10-06 20:14:00,"New Orleans, LA",29.95176315,-90.07461548
114,2014-10-06 12:43:00,"New Orleans, LA",29.95176315,-90.07461548
115,2014-10-05 08:43:00,"Manhattan, NY",40.75325012,-74.00380707
116,2014-10-05 05:57:00,"Manhattan, NY",40.75325012,-74.00380707
117,2014-10-04 08:38:00,"Manhattan, NY",40.75325012,-74.00380707
118,2014-10-03 16:20:00,"Yonkers, NY",40.93079376,-73.89829254
119,2014-09-30 19:24:00,"Manhattan, NY",40.75325012,-74.00380707
120,2014-09-29 06:53:00,"Manhattan, NY",40.75325012,-74.00380707
121,2014-09-25 07:39:00,"Paradise, NV",36.11553574,-115.15795135
122,2014-09-23 17:33:00,"Bronx, NY",40.8261528,-73.9202652
123,2014-09-23 17:04:00,"Bronx, NY",40.8261528,-73.9202652
124,2014-09-21 16:46:00,"Manhattan, NY",40.75325012,-74.00380707
125,2014-09-20 11:13:00,"Warren, NJ",40.61879349,-74.49201202
126,2014-09-20 00:47:00,"Brooklyn, NY",40.69252777,-73.99099731
127,2014-09-16 11:13:00,"Yonkers, NY",40.93079376,-73.89829254
128,2014-09-12 05:58:00,"Yonkers, NY",40.93079376,-73.89829254
129,2014-09-12 05:07:00,"Manhattan, NY",40.75325012,-74.00380707
130,2014-09-08 22:56:00,"Paradise, NV",36.11553574,-115.15795135
131,2014-09-07 22:00:00,"Arizona, USA",34.29322815,-111.66459656
132,2014-09-06 08:31:00,"Nevada, USA",39.35644913,-116.65539551
133,2014-09-04 09:50:00,"Bronx, NY",40.8261528,-73.9202652
134,2014-09-03 16:49:00,"Brooklyn, NY",40.69252777,-73.99099731
135,2014-09-03 16:47:00,"Brooklyn, NY",40.69252777,-73.99099731
136,2014-09-03 15:53:00,"Manhattan, NY",40.75325012,-74.00380707
137,2014-08-27 17:19:00,"Manhattan, NY",40.75325012,-74.00380707
138,2014-08-24 19:06:00,"Brooklyn, NY",40.69252777,-73.99099731
139,2014-08-24 18:33:00,"Brooklyn, NY",40.69252777,-73.99099731
140,2014-08-20 16:38:00,"Manhattan, NY",40.75325012,-74.00380707
141,2014-08-17 13:44:00,"Manhattan, NY",40.75325012,-74.00380707
142,2014-08-17 07:23:00,"Manhattan, NY",40.75325012,-74.00380707
143,2014-08-15 11:00:00,"Hauppauge, NY",40.82951736,-73.19890594
144,2014-08-15 08:10:00,"Hauppauge, NY",40.82951736,-73.19890594
145,2014-08-14 15:31:00,"Hauppauge, NY",40.82951736,-73.19890594
146,2014-08-14 15:16:00,"Hauppauge, NY",40.82951736,-73.19890594
147,2014-08-13 20:03:00,"John F. Kennedy Airport, Queens",40.64728928,-73.78677368
148,2014-08-11 15:08:00,"Boston, MA",42.35899353,-71.0586319
149,2014-08-08 04:37:00,"New York, NY",40.71304703,-74.00723267
150,2014-08-06 21:10:00,"New York, NY",40.71304703,-74.00723267
151,2014-08-02 13:29:00,"New York, NY",40.71304703,-74.00723267
152,2014-07-30 17:51:00,"New York, NY",40.71304703,-74.00723267
153,2014-07-29 06:18:00,"Yonkers, NY",40.93079376,-73.89829254
154,2014-07-27 19:36:00,"New York, NY",40.71304703,-74.00723267
155,2014-07-27 09:47:00,"New York, NY",40.71304703,-74.00723267
156,2014-07-16 21:10:00,"New York, NY",40.71304703,-74.00723267
157,2014-07-15 16:54:00,"New York, NY",40.71304703,-74.00723267
158,2014-07-12 14:52:00,"New York, USA",40.71304703,-74.00723267
159,2014-07-12 14:16:00,"New York, USA",40.71304703,-74.00723267
160,2014-07-12 06:37:00,"New York, NY",40.71304703,-74.00723267
161,2014-07-12 04:45:00,"New York, NY",40.71304703,-74.00723267
162,2014-07-11 19:46:00,"New York, NY",40.71304703,-74.00723267
163,2014-07-11 07:55:00,"New York, NY",40.71304703,-74.00723267
164,2014-07-09 16:00:00,"New York, NY",40.71304703,-74.00723267
165,2014-07-08 15:33:00,"New York, NY",40.71304703,-74.00723267
166,2014-07-06 19:05:00,"New York, NY",40.71304703,-74.00723267
167,2014-07-04 18:46:00,"New York, NY",40.71304703,-74.00723267
168,2014-07-04 05:38:00,"New York, USA",40.71304703,-74.00723267
169,2014-07-03 16:40:00,"New York, USA",40.71304703,-74.00723267
170,2014-07-03 10:17:00,"New York, USA",40.71304703,-74.00723267
171,2014-07-03 04:49:00,"New York, NY",40.71304703,-74.00723267
172,2014-07-02 15:42:00,"New York, NY",40.71304703,-74.00723267
173,2014-06-30 09:30:00,"Yonkers, NY",40.93079376,-73.89829254
174,2014-06-30 04:50:00,"New York, NY",40.71304703,-74.00723267
175,2014-06-29 12:38:00,"New York, USA",40.71304703,-74.00723267
176,2014-06-28 17:07:00,"New York, USA",40.71304703,-74.00723267
177,2014-06-28 12:20:00,"New York, USA",40.71304703,-74.00723267
178,2014-06-26 10:11:00,"Yonkers, NY",40.93079376,-73.89829254
179,2014-06-25 15:08:00,"New York, NY",40.71304703,-74.00723267
180,2014-06-25 12:43:00,"New York, NY",40.71304703,-74.00723267
181,2014-06-22 14:03:00,"New York, NY",40.71304703,-74.00723267
182,2014-06-20 10:55:00,"Yonkers, NY",40.93079376,-73.89829254
183,2014-06-15 08:12:00,"New York, NY",40.71304703,-74.00723267
184,2014-06-14 18:25:00,"New York, NY",40.71304703,-74.00723267
185,2014-06-14 16:09:00,"New York, NY",40.71304703,-74.00723267
186,2014-06-06 21:02:00,"New York, NY",40.71304703,-74.00723267
187,2014-06-06 11:25:00,"New York, NY",40.71304703,-74.00723267
188,2014-06-06 09:55:00,"New York, NY",40.71304703,-74.00723267
189,2014-06-06 09:11:00,"New York, NY",40.71304703,-74.00723267
190,2014-06-01 18:55:00,"New York, NY",40.71304703,-74.00723267
191,2014-05-30 08:45:00,"Yonkers, NY",40.93079376,-73.89829254
192,2014-05-25 17:43:00,"Montréal, Québec",45.50906372,-73.55335999
193,2014-05-24 11:50:00,"Montréal, Québec",45.50906372,-73.55335999
194,2014-05-23 09:27:00,"Burlington, VT",44.4759903,-73.21099854
195,2014-05-22 05:57:00,"Henderson, NV",36.03409576,-114.98445129
196,2014-05-21 15:50:00,"New York, NY",40.71304703,-74.00723267
197,2014-05-20 17:20:00,"New York, NY",40.71304703,-74.00723267
198,2014-05-19 16:43:00,"New York, NY",40.71304703,-74.00723267
199,2014-05-19 14:49:00,"New York, NY",40.71304703,-74.00723267
200,2014-05-16 22:51:00,"New York, NY",40.71304703,-74.00723267
201,2014-05-11 14:27:00,"New York, NY",40.71304703,-74.00723267
202,2014-05-10 16:35:00,"New York, USA",40.71304703,-74.00723267
203,2014-05-10 13:56:00,"New York, USA",40.71304703,-74.00723267
204,2014-05-10 12:08:00,"New York, USA",40.71304703,-74.00723267
205,2014-05-03 09:41:00,"La Palma, CA",33.84990311,-118.03730011
206,2014-05-03 09:06:00,"Altadena, CA",34.1856842,-118.1315155
207,2014-05-02 07:51:00,"La Palma, CA",33.84990311,-118.03730011
208,2014-05-01 22:31:00,"City of Long Beach, CA",33.77171326,-118.18131256
209,2014-05-01 15:34:00,"New York, NY",40.71304703,-74.00723267
210,2014-05-01 13:53:00,"New York, NY",40.71304703,-74.00723267
211,2014-05-01 13:15:00,"New York, NY",40.71304703,-74.00723267
212,2014-04-27 18:04:00,"New York, NY",40.71304703,-74.00723267
213,2014-04-26 10:18:00,"New York, NY",40.71304703,-74.00723267
214,2014-04-25 19:41:00,"New York, NY",40.71304703,-74.00723267
215,2014-04-25 16:59:00,"New York, NY",40.71304703,-74.00723267
216,2014-04-24 09:20:00,"New York, NY",40.71304703,-74.00723267
217,2014-04-19 11:16:00,"Pennsylvania, USA",40.896698,-77.83889771
218,2014-04-16 02:19:00,"New York, NY",40.71304703,-74.00723267
219,2014-04-12 15:34:00,"New Jersey, USA",40.13909531,-74.6785202
220,2014-04-12 11:53:00,"New Jersey, USA",40.13909531,-74.6785202
221,2014-04-10 18:58:00,"New York, NY",40.71304703,-74.00723267
222,2014-04-04 08:31:00,"New York, NY",40.71304703,-74.00723267
223,2014-04-03 17:19:00,"New York, NY",40.71304703,-74.00723267
224,2014-03-21 04:33:00,"Manhattan, NY",40.75325012,-74.00380707
225,2014-03-20 18:49:00,"Manhattan, NY",40.75325012,-74.00380707
226,2014-03-20 17:13:00,"Manhattan, NY",40.75325012,-74.00380707
227,2014-03-20 13:35:00,"New York, NY",40.71304703,-74.00723267
228,2014-03-17 08:23:00,"Manhattan, NY",40.75325012,-74.00380707
229,2014-03-15 12:54:00,"New York, NY",40.71304703,-74.00723267
230,2014-03-12 13:54:00,"Manhattan, NY",40.75325012,-74.00380707
231,2014-03-11 08:07:00,"Yonkers, NY",40.93079376,-73.89829254
232,2014-03-09 12:15:00,"New York, NY",40.71304703,-74.00723267
233,2014-03-08 07:40:00,"Manhattan, NY",40.75325012,-74.00380707
234,2014-03-08 04:32:00,"Manhattan, NY",40.75325012,-74.00380707
235,2014-03-05 16:56:00,"New York, NY",40.71304703,-74.00723267
236,2014-03-01 10:44:00,"Manhattan, NY",40.75325012,-74.00380707
237,2014-03-01 09:38:00,"Manhattan, NY",40.75325012,-74.00380707
238,2014-03-01 08:36:00,"Manhattan, NY",40.75325012,-74.00380707
239,2014-03-01 05:32:00,"Manhattan, NY",40.75325012,-74.00380707
240,2014-02-28 14:40:00,"Manhattan, NY",40.75325012,-74.00380707
241,2014-02-28 10:28:00,"New York, NY",40.71304703,-74.00723267
242,2014-02-26 19:00:00,"New York, NY",40.71304703,-74.00723267
243,2014-02-23 17:42:00,"Manhattan, NY",40.75325012,-74.00380707
244,2014-02-23 17:06:00,"Manhattan, NY",40.75325012,-74.00380707
245,2014-02-22 07:22:00,"Manhattan, NY",40.75325012,-74.00380707
246,2014-02-22 04:54:00,"Manhattan, NY",40.75325012,-74.00380707
247,2014-02-21 18:57:00,"Manhattan, NY",40.75325012,-74.00380707
248,2014-02-20 18:52:00,"New York, NY",40.71304703,-74.00723267
249,2014-02-15 05:25:00,"Manhattan, NY",40.75325012,-74.00380707
250,2014-02-14 06:41:00,"Manhattan, NY",40.75325012,-74.00380707
251,2014-02-08 10:58:00,"New York, NY",40.71304703,-74.00723267
252,2014-02-06 15:08:00,"Honolulu, HI",21.30991936,-157.8581543
253,2014-02-04 07:10:00,"New York, NY",40.71304703,-74.00723267
254,2014-02-03 20:38:00,"New York, NY",40.71304703,-74.00723267
255,2014-02-02 08:53:00,"Manhattan, NY",40.75325012,-74.00380707
256,2014-01-31 06:15:00,"Philadelphia, PA",39.95106125,-75.1656189
257,2014-01-26 10:31:00,"Manhattan, NY",40.75325012,-74.00380707
258,2014-01-23 17:05:00,"Manhattan, NY",40.75325012,-74.00380707
259,2014-01-22 17:25:00,"Port Chester, NY",41.00154877,-73.66583252
260,2014-01-11 10:28:00,"New York, NY",40.71304703,-74.00723267
261,2014-01-03 07:27:00,"New York, USA",40.71304703,-74.00723267
262,2014-01-02 13:09:00,"Hudson, NY",43.92301559,-74.15512085
263,2014-01-01 21:21:00,"Claverack, NY",42.2189827,-73.7304306
264,2013-12-31 17:39:00,"Claverack, NY",42.2189827,-73.7304306
265,2013-12-31 04:34:00,"Claverack, NY",42.2189827,-73.7304306
266,2013-12-29 02:37:00,"Queens, NY",40.75977707,-73.81729889
267,2013-12-27 19:11:00,"Spring Valley, NV",36.09231949,-115.25879669
268,2013-12-26 20:16:00,"Spring Valley, NV",36.09231949,-115.25879669
269,2013-12-24 11:53:00,"Buena Park, CA",33.86277008,-118.0025177
270,2013-12-19 14:46:00,"Spring Valley, NV",36.09231949,-115.25879669
271,2013-12-19 13:07:00,"Paradise, NV",36.11553574,-115.15795135
272,2013-12-18 02:29:00,"Queens, NY",40.75977707,-73.81729889
273,2013-12-15 17:53:00,"Manhattan, NY",40.75325012,-74.00380707
