,time,poi,latitude,longitude
0,2015-01-08 21:04:00,"San Francisco, CA",37.78007889,-122.42015839
1,2014-12-29 04:08:00,"South East, England",51.31669998,-0.5
2,2014-12-15 19:19:00,"Oakland, CA",37.80482864,-122.2724762
3,2014-10-31 13:08:00,"Manhattan, NY",40.75325012,-74.00380707
4,2014-10-25 16:19:00,"San Francisco, CA",37.78007889,-122.42015839
5,2014-10-16 19:45:00,"San Francisco, CA",37.78007889,-122.42015839
6,2014-10-16 18:25:00,"San Francisco, CA",37.78007889,-122.42015839
7,2014-10-16 09:56:00,"San Francisco, CA",37.78007889,-122.42015839
8,2014-10-15 09:24:00,"San Francisco, CA",37.78007889,-122.42015839
9,2014-10-14 10:30:00,"San Francisco, CA",37.78007889,-122.42015839
10,2014-10-09 09:20:00,"San Francisco, CA",37.78007889,-122.42015839
11,2014-10-03 10:09:00,"San Francisco, CA",37.78007889,-122.42015839
12,2014-09-27 11:01:00,"Avalon, CA",33.34354782,-118.32218933
13,2014-09-26 20:17:00,"Avalon, CA",33.34354782,-118.32218933
14,2014-09-18 22:08:00,"San Francisco, CA",37.78007889,-122.42015839
15,2014-09-14 17:40:00,"San Francisco, CA",37.78007889,-122.42015839
16,2014-09-12 19:43:00,"Mountain View, CA",37.3900795,-122.08139038
17,2014-09-11 18:10:00,"San Francisco, CA",37.78007889,-122.42015839
18,2014-09-10 23:04:00,"San Francisco, CA",37.78007889,-122.42015839
19,2014-09-07 05:47:00,"San Francisco, CA",37.78007889,-122.42015839
20,2014-09-02 17:22:00,"San Francisco, CA",37.78007889,-122.42015839
21,2014-09-02 09:02:00,"San Francisco, CA",37.78007889,-122.42015839
22,2014-08-25 19:57:00,"San Francisco, CA",37.78007889,-122.42015839
23,2014-08-24 03:23:00,"San Francisco, CA",37.78007889,-122.42015839
24,2014-08-19 19:59:00,"San Francisco, CA",37.78007889,-122.42015839
25,2014-08-18 18:59:00,"San Francisco, CA",37.78007889,-122.42015839
26,2014-08-12 23:02:00,"San Francisco, CA",37.78007889,-122.42015839
27,2014-08-12 01:36:00,"San Francisco, CA",37.78007889,-122.42015839
28,2014-08-07 10:04:00,"San Francisco, CA",37.78007889,-122.42015839
29,2014-08-06 18:35:00,"San Francisco, CA",37.78007889,-122.42015839
30,2014-08-06 10:06:00,"San Francisco, CA",37.78007889,-122.42015839
31,2014-08-03 22:06:00,"San Francisco, CA",37.78007889,-122.42015839
32,2014-07-30 17:52:00,"San Francisco, CA",37.78007889,-122.42015839
33,2014-07-27 09:47:00,"San Francisco, CA",37.78007889,-122.42015839
34,2014-07-21 21:04:00,"San Francisco, CA",37.78007889,-122.42015839
35,2014-07-20 17:26:00,"San Mateo, CA",37.54714966,-122.31439972
36,2014-07-19 13:39:00,"San Francisco, CA",37.78007889,-122.42015839
37,2014-07-13 14:37:00,"San Francisco, CA",37.78007889,-122.42015839
38,2014-07-13 14:26:00,"San Francisco, CA",37.78007889,-122.42015839
39,2014-07-13 14:15:00,"San Francisco, CA",37.78007889,-122.42015839
40,2014-07-12 14:50:00,"San Francisco, CA",37.78007889,-122.42015839
41,2014-07-12 13:04:00,"San Francisco, CA",37.78007889,-122.42015839
42,2014-07-11 21:15:00,"San Francisco, CA",37.78007889,-122.42015839
43,2014-07-08 14:42:00,"San Francisco, CA",37.78007889,-122.42015839
44,2014-07-08 13:36:00,"San Francisco, CA",37.78007889,-122.42015839
45,2014-07-08 13:30:00,"San Francisco, CA",37.78007889,-122.42015839
46,2014-07-04 01:07:00,"San Francisco, CA",37.78007889,-122.42015839
47,2014-07-04 00:27:00,"San Francisco, CA",37.78007889,-122.42015839
48,2014-07-02 22:19:00,"San Francisco, CA",37.78007889,-122.42015839
49,2014-06-30 19:50:00,"San Francisco, CA",37.78007889,-122.42015839
50,2014-06-29 16:15:00,"Pacifica, CA",37.61372375,-122.48571014
51,2014-06-23 09:36:00,"San Francisco, CA",37.78007889,-122.42015839
52,2014-06-22 16:55:00,"San Francisco, CA",37.78007889,-122.42015839
53,2014-06-14 16:56:00,"Pacifica, CA",37.61372375,-122.48571014
54,2014-06-12 11:45:00,"Pacifica, CA",37.61372375,-122.48571014
55,2014-06-11 14:08:00,"San Francisco, CA",37.78007889,-122.42015839
56,2014-06-11 09:18:00,"Lakewood, CA",33.85044861,-118.1337738
57,2014-06-10 19:59:00,"Pacifica, CA",37.61372375,-122.48571014
58,2014-06-08 23:40:00,"Pacifica, CA",37.61372375,-122.48571014
59,2014-06-08 23:37:00,"Pacifica, CA",37.61372375,-122.48571014
60,2014-06-07 08:47:00,"Pacifica, CA",37.61372375,-122.48571014
61,2014-06-05 11:18:00,"San Francisco, CA",37.78007889,-122.42015839
62,2014-06-04 10:13:00,"San Francisco, CA",37.78007889,-122.42015839
63,2014-05-28 23:09:00,"Pacifica, CA",37.61372375,-122.48571014
64,2014-05-26 16:16:00,"Soledad, CA",36.42795181,-121.32820892
65,2014-05-19 22:29:00,"Pacifica, CA",37.61372375,-122.48571014
66,2014-05-18 23:50:00,"Pacifica, CA",37.61372375,-122.48571014
67,2014-05-18 18:45:00,"Daly City, CA",37.69111252,-122.47222137
68,2014-05-18 12:55:00,"San Mateo, CA",37.54714966,-122.31439972
69,2014-05-18 12:27:00,"Pacifica, CA",37.61372375,-122.48571014
70,2014-05-11 18:27:00,"Daly City, CA",37.69111252,-122.47222137
71,2014-04-30 09:42:00,"San Francisco, CA",37.78007889,-122.42015839
72,2014-04-18 13:25:00,"Washington, DC",38.89206314,-77.01991272
73,2014-04-18 10:28:00,"Washington, DC",38.89206314,-77.01991272
74,2014-04-16 09:28:00,"New York, NY",40.71304703,-74.00723267
75,2014-04-14 09:55:00,"New York, NY",40.71304703,-74.00723267
76,2014-04-14 09:02:00,"New York, NY",40.71304703,-74.00723267
77,2014-04-12 15:23:00,"New York, NY",40.71304703,-74.00723267
78,2014-04-10 13:57:00,"San Francisco, CA",37.78007889,-122.42015839
79,2014-04-08 22:11:00,"San Francisco, CA",37.78007889,-122.42015839
80,2014-04-08 09:44:00,"Daly City, CA",37.69111252,-122.47222137
81,2014-04-06 21:21:00,"San Jose, CA",37.33479309,-121.88814545
82,2014-04-04 19:19:00,"San Jose, CA",37.33479309,-121.88814545
83,2014-03-28 11:44:00,"San Francisco, CA",37.78007889,-122.42015839
84,2014-03-27 22:27:00,"Pacifica, CA",37.61372375,-122.48571014
85,2014-03-26 18:43:00,"Mission Dolores, San Francisco",37.76422882,-122.42694855
86,2014-03-23 19:08:00,"San Jose, CA",37.33479309,-121.88814545
87,2014-03-23 17:09:00,"San Jose, CA",37.33479309,-121.88814545
88,2014-03-23 16:36:00,"Los Altos Hills, CA",37.37176895,-122.13977051
89,2014-03-20 10:02:00,"Pacifica, CA",37.61372375,-122.48571014
90,2014-03-20 09:59:00,"Pacifica, CA",37.61372375,-122.48571014
91,2014-03-19 15:17:00,"Civic Center, San Francisco",37.78424835,-122.41773224
92,2014-03-19 09:32:00,"Pacifica, CA",37.61372375,-122.48571014
93,2014-03-17 20:23:00,"Pacifica, CA",37.61372375,-122.48571014
94,2014-03-17 09:56:00,"Westlake, Daly City",37.69771194,-122.48052979
95,2014-03-16 16:57:00,"Folsom, CA",38.68132401,-121.16373444
96,2014-03-10 00:56:00,"Pacifica, CA",37.61372375,-122.48571014
97,2014-03-01 22:01:00,"Pacifica, CA",37.61372375,-122.48571014
98,2014-03-01 09:11:00,"Pacifica, CA",37.61372375,-122.48571014
99,2014-02-27 21:24:00,"Downtown, San Francisco",37.79189682,-122.40258026
100,2014-02-27 19:03:00,"South Beach, San Francisco",37.78691101,-122.38880157
101,2014-02-23 18:36:00,"Pacifica, CA",37.61372375,-122.48571014
102,2014-02-20 23:06:00,"Pacifica, CA",37.61372375,-122.48571014
103,2014-02-09 22:05:00,"Pacifica, CA",37.61372375,-122.48571014
104,2014-02-02 12:08:00,"Pacifica, CA",37.61372375,-122.48571014
105,2014-02-01 11:26:00,"Pacifica, CA",37.61372375,-122.48571014
106,2014-02-01 10:42:00,"Pacifica, CA",37.61372375,-122.48571014
107,2014-01-25 22:24:00,"Daly City, CA",37.69111252,-122.47222137
108,2014-01-21 17:50:00,"Downtown, San Francisco",37.79189682,-122.40258026
109,2014-01-15 15:00:00,"Downtown, San Francisco",37.79189682,-122.40258026
110,2014-01-12 11:12:00,"Pacifica, CA",37.61372375,-122.48571014
111,2014-01-04 21:36:00,"Oakland, CA",37.80482864,-122.2724762
112,2013-12-31 23:29:00,"SoMa, San Francisco",37.77597046,-122.39800262
113,2013-12-29 14:17:00,"Pacifica, CA",37.61372375,-122.48571014
114,2013-12-29 12:34:00,"Mission, San Francisco",37.76438904,-122.42702484
115,2013-12-28 17:19:00,"California, USA",37.25466919,-119.61727905
116,2013-12-25 18:43:00,"Stateline, NV",38.9689064,-119.93761444
117,2013-12-21 16:00:00,"Mather, CA",38.54510498,-121.28303528
118,2013-12-16 21:52:00,"Daly City, CA",37.69111252,-122.47222137
119,2013-12-16 18:47:00,"Daly City, CA",37.69111252,-122.47222137
120,2013-12-11 21:13:00,"Civic Center, San Francisco",37.78424835,-122.41773224
121,2013-12-11 21:12:00,"Civic Center, San Francisco",37.78424835,-122.41773224
122,2013-12-10 22:46:00,"Pacifica, CA",37.61372375,-122.48571014
123,2013-12-10 22:44:00,"Pacifica, CA",37.61372375,-122.48571014
124,2013-12-10 22:44:00,"Pacifica, CA",37.61372375,-122.48571014
125,2013-12-10 22:43:00,"Pacifica, CA",37.61372375,-122.48571014
126,2013-12-10 22:42:00,"Pacifica, CA",37.61372375,-122.48571014
127,2013-12-08 12:18:00,"Mission, San Francisco",37.76438904,-122.42702484
128,2013-12-04 09:31:00,"Pacifica, CA",37.61372375,-122.48571014
129,2013-11-30 19:06:00,"Paradise, NV",36.11553574,-115.15795135
130,2013-11-28 02:07:00,"Paradise, NV",36.11553574,-115.15795135
131,2013-11-23 16:19:00,"Pacifica, CA",37.61372375,-122.48571014
132,2013-11-23 12:48:00,"California, USA",37.25466919,-119.61727905
133,2013-11-21 10:14:00,"Downtown, San Francisco",37.79189682,-122.40258026
134,2013-11-07 22:08:00,"Daly City, CA",37.69111252,-122.47222137
135,2013-10-31 22:08:00,"Daly City, CA",37.69111252,-122.47222137
136,2013-10-25 19:52:00,"Tenderloin, San Francisco",37.78366089,-122.41513062
137,2013-10-23 11:29:00,"SoMa, San Francisco",37.77597046,-122.39800262
138,2013-10-23 10:25:00,"SoMa, San Francisco",37.77597046,-122.39800262
139,2013-10-23 10:08:00,"SoMa, San Francisco",37.77597046,-122.39800262
140,2013-10-19 17:38:00,"Oakland, CA",37.80482864,-122.2724762
141,2013-10-09 09:08:00,"Pacifica, CA",37.61372375,-122.48571014
142,2013-10-05 10:35:00,"Pacifica, CA",37.61372375,-122.48571014
143,2013-09-28 11:29:00,"Benito Juárez, Quintana Roo",21.19022942,-86.82003021
144,2013-09-23 20:36:00,"Isla Mujeres, Quintana Roo",21.2322197,-86.73166656
145,2013-09-21 05:45:00,"Pacifica, CA",37.61372375,-122.48571014
146,2013-09-20 12:08:00,"Downtown, San Francisco",37.79189682,-122.40258026
147,2013-09-20 10:48:00,"Downtown, San Francisco",37.79189682,-122.40258026
148,2013-09-20 10:32:00,"Downtown, San Francisco",37.79189682,-122.40258026
149,2013-09-20 10:31:00,"Downtown, San Francisco",37.79189682,-122.40258026
150,2013-09-07 17:55:00,"Pacifica, CA",37.61372375,-122.48571014
151,2013-09-06 22:46:00,"Pacifica, CA",37.61372375,-122.48571014
152,2013-09-02 18:44:00,"San Bruno, CA",37.62727737,-122.41614532
153,2013-08-30 19:21:00,"Bayshore, Daly City",37.705026,-122.4069083
154,2013-08-24 17:39:00,"Berkeley, CA",37.8690567,-122.27046204
155,2013-08-24 16:59:00,"Berkeley, CA",37.8690567,-122.27046204
156,2013-08-24 09:12:00,"Pacifica, CA",37.61372375,-122.48571014
157,2013-08-20 19:43:00,"Daly City, CA",37.69111252,-122.47222137
158,2013-01-08 09:09:00,"Mission Dolores, San Francisco",37.76422882,-122.42694855
159,2012-11-27 19:42:00,"Downtown, San Francisco",37.79189682,-122.40258026
160,2012-10-10 02:27:00,"Mitry-Mory, Ile-de-France",48.98268509,2.62086296
161,2012-10-07 01:48:00,"Paris, Île-de-France",48.85689545,2.35084891
162,2012-10-02 05:42:00,"Mission, San Francisco",37.76438904,-122.42702484
163,2012-01-03 10:48:00,"Castro, San Francisco",37.76095963,-122.43389893
164,2011-12-31 17:24:00,"California, USA",37.25466919,-119.61727905
165,2011-12-18 09:55:00,"Castro, San Francisco",37.76095963,-122.43389893
166,2011-12-17 23:20:00,"Castro, San Francisco",37.76095963,-122.43389893
167,2011-12-17 23:19:00,"Mission Dolores, San Francisco",37.76422882,-122.42694855
168,2011-12-12 14:02:00,"Walnut Creek, CA",37.9017601,-122.06192017
169,2011-12-10 16:52:00,"Mission Dolores, San Francisco",37.76422882,-122.42694855
170,2011-12-07 12:52:00,"Walnut Creek, CA",37.9017601,-122.06192017
171,2011-12-07 08:40:00,"Downtown, San Francisco",37.79189682,-122.40258026
172,2011-12-07 08:39:00,"Downtown, San Francisco",37.79189682,-122.40258026
173,2011-12-07 08:38:00,"Mission, San Francisco",37.76438904,-122.42702484
174,2011-12-07 08:36:00,"Mission Dolores, San Francisco",37.76422882,-122.42694855
175,2011-12-02 13:06:00,"Walnut Creek, CA",37.9017601,-122.06192017
176,2011-12-02 13:06:00,"Walnut Creek, CA",37.9017601,-122.06192017
177,2011-11-29 20:21:00,"Castro, San Francisco",37.76095963,-122.43389893
178,2011-11-29 12:08:00,"Walnut Creek, CA",37.9017601,-122.06192017
179,2011-11-29 12:05:00,"Walnut Creek, CA",37.9017601,-122.06192017
180,2011-11-27 15:20:00,"Castro, San Francisco",37.76095963,-122.43389893
181,2011-11-27 15:04:00,"Mission Dolores, San Francisco",37.76422882,-122.42694855
182,2011-11-27 11:20:00,"Castro, San Francisco",37.76095963,-122.43389893
183,2011-11-27 11:19:00,"Castro, San Francisco",37.76095963,-122.43389893
184,2011-11-18 21:03:00,"SoMa, San Francisco",37.77597046,-122.39800262
185,2011-11-18 21:01:00,"Mission Dolores, San Francisco",37.76422882,-122.42694855
186,2011-11-17 14:22:00,"Walnut Creek, CA",37.9017601,-122.06192017
187,2011-11-05 20:04:00,"Castro, San Francisco",37.76095963,-122.43389893
188,2011-11-05 20:03:00,"Mission Dolores, San Francisco",37.76422882,-122.42694855
189,2011-11-02 20:31:00,"Oakland, CA",37.80482864,-122.2724762
190,2011-11-02 20:25:00,"Oakland, CA",37.80482864,-122.2724762
191,2011-10-24 09:46:00,"Mission Bay, San Francisco",37.77189636,-122.39131927
192,2011-10-24 09:44:00,"Mission Bay, San Francisco",37.77189636,-122.39131927
193,2011-10-22 23:04:00,"Mission, San Francisco",37.76438904,-122.42702484
194,2011-10-12 23:59:00,"Castro, San Francisco",37.76095963,-122.43389893
195,2011-10-12 22:55:00,"Castro, San Francisco",37.76095963,-122.43389893
196,2011-10-12 22:35:00,"Castro, San Francisco",37.76095963,-122.43389893
197,2011-10-01 21:52:00,"Mission, San Francisco",37.76438904,-122.42702484
198,2011-10-01 19:56:00,"Mission, San Francisco",37.76438904,-122.42702484
199,2011-10-01 19:53:00,"Mission, San Francisco",37.76438904,-122.42702484
200,2011-10-01 19:52:00,"Mission, San Francisco",37.76438904,-122.42702484
201,2011-10-01 15:45:00,"Castro, San Francisco",37.76095963,-122.43389893
202,2011-09-28 02:00:00,"Castro, San Francisco",37.76095963,-122.43389893
203,2011-09-26 09:54:00,"Central Contra Costa, CA",38.01899338,-122.13485718
204,2011-09-24 20:47:00,"Mission, San Francisco",37.76438904,-122.42702484
205,2011-09-23 01:53:00,"Mission Dolores, San Francisco",37.76422882,-122.42694855
206,2011-09-19 09:17:00,"Mission Bay, San Francisco",37.77189636,-122.39131927
207,2011-09-18 07:44:00,"Castro, San Francisco",37.76095963,-122.43389893
208,2011-09-17 04:50:00,"California, USA",37.25466919,-119.61727905
209,2011-09-16 23:01:00,"Spreckelsville, HI",20.90732765,-156.40666199
210,2011-09-15 20:27:00,"Hana, HI",20.75020409,-155.98672485
211,2011-09-15 01:09:00,"Paia, HI",20.91607285,-156.3812561
212,2011-09-15 00:46:00,"Paia, HI",20.91607285,-156.3812561
213,2011-09-15 00:38:00,"Paia, HI",20.91607285,-156.3812561
214,2011-09-12 14:45:00,"Maalaea, HI",20.81030655,-156.50505066
215,2011-09-11 15:01:00,"Lahaina, HI",20.87711334,-156.68132019
216,2011-09-10 02:22:00,"Haiku-Pauwela, HI",20.92056084,-156.3125
217,2011-09-05 23:33:00,"Paia, HI",20.91607285,-156.3812561
218,2011-09-05 14:20:00,"Kahului, HI",20.88803291,-156.46784973
219,2011-09-04 14:54:00,"San Francisco, CA",37.78007889,-122.42015839
220,2011-09-04 13:58:00,"South Beach, San Francisco",37.78691101,-122.38880157
221,2011-09-03 22:57:00,"Castro, San Francisco",37.76095963,-122.43389893
222,2011-09-01 00:10:00,"Castro, San Francisco",37.76095963,-122.43389893
223,2011-09-01 00:08:00,"Castro, San Francisco",37.76095963,-122.43389893
224,2011-08-31 13:40:00,"Walnut Creek, CA",37.9017601,-122.06192017
225,2011-08-28 18:54:00,"Castro, San Francisco",37.76095963,-122.43389893
226,2011-08-27 07:59:00,"Mission Bay, San Francisco",37.77189636,-122.39131927
227,2011-08-26 19:45:00,"South Beach, San Francisco",37.78691101,-122.38880157
228,2011-08-25 11:10:00,"Walnut Creek, CA",37.9017601,-122.06192017
229,2011-08-25 11:07:00,"Walnut Creek, CA",37.9017601,-122.06192017
230,2011-08-25 10:36:00,"Orinda, CA",37.88088608,-122.18612671
231,2011-08-25 10:35:00,"Oakland, CA",37.80482864,-122.2724762
232,2011-08-25 10:34:00,"Oakland, CA",37.80482864,-122.2724762
233,2011-08-25 10:29:00,"Oakland, CA",37.80482864,-122.2724762
234,2011-08-25 10:27:00,"Oakland, CA",37.80482864,-122.2724762
235,2011-08-25 10:25:00,"Oakland, CA",37.80482864,-122.2724762
236,2011-08-24 21:27:00,"Mission Dolores, San Francisco",37.76422882,-122.42694855
237,2011-08-24 10:03:00,"Lafayette, CA",37.89079666,-122.12747192
238,2011-08-24 10:02:00,"Lafayette, CA",37.89079666,-122.12747192
239,2011-08-24 10:01:00,"Lafayette, CA",37.89079666,-122.12747192
240,2011-08-23 13:58:00,"Walnut Creek, CA",37.9017601,-122.06192017
