,time,poi,latitude,longitude
0,2015-10-22 06:35:00,"Manhattan, NY",40.75325012,-74.00380707
1,2015-10-21 14:43:00,"Manhattan, NY",40.75325012,-74.00380707
2,2015-10-15 13:04:00,"Manhattan, NY",40.75325012,-74.00380707
3,2015-10-09 16:07:00,"Old Saybrook Center, CT",41.29512024,-72.3822937
4,2015-09-29 11:35:00,"Manhattan, NY",40.75325012,-74.00380707
5,2015-09-28 12:57:00,"Manhattan, NY",40.75325012,-74.00380707
6,2015-09-19 14:44:00,"Florida, USA",28.59551239,-82.48734283
7,2015-09-08 18:11:00,"California, USA",37.25466919,-119.61727905
8,2015-09-07 18:45:00,"California, USA",37.25466919,-119.61727905
9,2015-09-03 16:47:00,"Newport Beach, CA",33.60876846,-117.87335968
10,2015-08-30 15:47:00,"San Francisco, CA",37.78007889,-122.42015839
11,2015-08-30 05:38:00,"Fort Lee, NJ",40.85083008,-73.96749115
12,2015-08-25 15:16:00,"Manhattan, NY",40.75325012,-74.00380707
13,2015-08-16 11:24:00,"Manhattan, NY",40.75325012,-74.00380707
14,2015-08-06 18:00:00,"Manhattan, NY",40.75325012,-74.00380707
15,2015-08-05 11:49:00,"Manhattan, NY",40.75325012,-74.00380707
16,2015-07-30 11:14:00,"Manhattan, NY",40.75325012,-74.00380707
17,2015-07-30 08:27:00,"Manhattan, NY",40.75325012,-74.00380707
18,2015-07-29 07:14:00,"Manhattan, NY",40.75325012,-74.00380707
19,2015-07-24 09:18:00,"Manhattan, NY",40.75325012,-74.00380707
20,2015-07-21 15:47:00,"Los Angeles, CA",34.05223846,-118.24334717
21,2015-07-21 10:28:00,"Los Angeles, CA",34.05223846,-118.24334717
22,2015-07-19 15:05:00,"Los Angeles, CA",34.05223846,-118.24334717
23,2015-07-16 20:30:00,"Los Angeles, CA",34.05223846,-118.24334717
24,2015-06-19 17:49:00,"Manhattan, NY",40.75325012,-74.00380707
25,2015-06-18 08:42:00,"Manhattan, NY",40.75325012,-74.00380707
26,2015-06-14 11:30:00,"Manhattan, NY",40.75325012,-74.00380707
27,2015-06-11 07:12:00,"Manhattan, NY",40.75325012,-74.00380707
28,2015-06-09 12:59:00,"Manhattan, NY",40.75325012,-74.00380707
29,2015-06-06 23:01:00,"San Francisco, CA",37.78007889,-122.42015839
30,2015-05-31 15:06:00,"Manhattan, NY",40.75325012,-74.00380707
31,2015-05-29 15:22:00,"Manhattan, NY",40.75325012,-74.00380707
32,2015-05-29 14:37:00,"Manhattan, NY",40.75325012,-74.00380707
33,2015-05-29 14:01:00,"Manhattan, NY",40.75325012,-74.00380707
34,2015-05-28 09:13:00,"Brooklyn, NY",40.69252777,-73.99099731
35,2015-05-21 17:26:00,"East Village, Manhattan",40.7272644,-73.98265839
36,2015-05-21 13:10:00,"Manhattan, NY",40.75325012,-74.00380707
37,2015-05-19 15:09:00,"Manhattan, NY",40.75325012,-74.00380707
38,2015-05-18 11:40:00,"Manhattan, NY",40.75325012,-74.00380707
39,2015-05-14 06:54:00,"Manhattan, NY",40.75325012,-74.00380707
40,2015-05-09 15:31:00,"Manhattan, NY",40.75325012,-74.00380707
41,2015-05-05 07:58:00,"Manhattan, NY",40.75325012,-74.00380707
42,2015-04-30 17:25:00,"Manhattan, NY",40.75325012,-74.00380707
43,2015-04-28 16:08:00,"Vancouver, British Columbia",49.26356506,-123.13857269
44,2015-04-28 14:13:00,Hemlock Printers Ltd.,43.41543198,-84.23092651
45,2015-04-27 10:44:00,Hemlock Printers Ltd.,43.41543198,-84.23092651
46,2015-04-27 10:32:00,Hemlock Printers Ltd.,43.41543198,-84.23092651
47,2015-04-26 12:24:00,"Richmond, British Columbia",49.16278076,-123.13665009
48,2015-04-26 12:17:00,Vancouver International Airport (YVR),49.19304657,-123.1780014
49,2015-04-26 03:31:00,"Queens, NY",40.75977707,-73.81729889
50,2015-04-26 03:10:00,John F. Kennedy International Airport (JFK),40.64728928,-73.78677368
51,2015-04-26 02:20:00,"John F. Kennedy Airport, Queens",40.64728928,-73.78677368
52,2015-04-24 08:33:00,"Manhattan, NY",40.75325012,-74.00380707
53,2015-04-23 18:39:00,"Manhattan, NY",40.75325012,-74.00380707
54,2015-04-23 17:39:00,"Manhattan, NY",40.75325012,-74.00380707
55,2015-04-20 07:20:00,"Manhattan, NY",40.75325012,-74.00380707
56,2015-04-20 07:06:00,"Manhattan, NY",40.75325012,-74.00380707
57,2015-04-19 11:43:00,"Montauk, NY",41.03131485,-71.95098114
58,2015-04-17 11:10:00,"Manhattan, NY",40.75325012,-74.00380707
59,2015-04-16 06:03:00,"Manhattan, NY",40.75325012,-74.00380707
60,2015-04-16 05:29:00,"Manhattan, NY",40.75325012,-74.00380707
61,2015-04-15 15:17:00,"Manhattan, NY",40.75325012,-74.00380707
62,2015-04-15 07:30:00,"Manhattan, NY",40.75325012,-74.00380707
63,2015-04-14 16:14:00,"Manhattan, NY",40.75325012,-74.00380707
64,2015-04-14 12:35:00,"Manhattan, NY",40.75325012,-74.00380707
65,2015-04-14 12:33:00,"Manhattan, NY",40.75325012,-74.00380707
66,2015-04-14 12:04:00,"Manhattan, NY",40.75325012,-74.00380707
67,2015-04-13 04:14:00,"Manhattan, NY",40.75325012,-74.00380707
68,2015-04-12 14:40:00,"Manhattan, NY",40.75325012,-74.00380707
69,2015-04-12 14:34:00,"Manhattan, NY",40.75325012,-74.00380707
70,2015-04-11 14:08:00,"Manhattan, NY",40.75325012,-74.00380707
71,2015-04-11 13:06:00,"Manhattan, NY",40.75325012,-74.00380707
72,2015-04-11 12:41:00,"Manhattan, NY",40.75325012,-74.00380707
73,2015-04-10 19:29:00,The Third Man,34.43722153,104.03028107
74,2015-04-10 17:46:00,"Manhattan, NY",40.75325012,-74.00380707
75,2015-04-10 13:36:00,"Manhattan, NY",40.75325012,-74.00380707
76,2015-04-09 09:37:00,"Manhattan, NY",40.75325012,-74.00380707
77,2015-04-08 15:57:00,"Manhattan, NY",40.75325012,-74.00380707
78,2015-04-08 09:50:00,"Manhattan, NY",40.75325012,-74.00380707
79,2015-04-06 08:10:00,"Manhattan, NY",40.75325012,-74.00380707
80,2015-04-05 17:14:00,"Manhattan, NY",40.75325012,-74.00380707
81,2015-04-04 12:14:00,"Midtown South, Manhattan",40.7478981,-73.98917389
82,2015-04-03 19:41:00,"Manhattan, NY",40.75325012,-74.00380707
83,2015-04-03 17:21:00,"Manhattan, NY",40.75325012,-74.00380707
84,2015-04-03 16:18:00,"Manhattan, NY",40.75325012,-74.00380707
85,2015-04-03 13:14:00,"Manhattan, NY",40.75325012,-74.00380707
86,2015-04-02 16:36:00,"Manhattan, NY",40.75325012,-74.00380707
87,2015-04-02 13:20:00,"Manhattan, NY",40.75325012,-74.00380707
88,2015-04-02 13:11:00,"Manhattan, NY",40.75325012,-74.00380707
89,2015-04-02 10:43:00,"Manhattan, NY",40.75325012,-74.00380707
90,2015-03-30 10:59:00,"Midtown South, Manhattan",40.7478981,-73.98917389
91,2015-03-30 09:11:00,"Midtown South, Manhattan",40.7478981,-73.98917389
92,2015-03-30 09:06:00,"Manhattan, NY",40.75325012,-74.00380707
93,2015-03-28 17:15:00,"Midtown South, Manhattan",40.7478981,-73.98917389
94,2015-03-27 12:42:00,"Midtown South, Manhattan",40.7478981,-73.98917389
95,2015-03-27 12:39:00,"Dayton, OH",39.76098251,-84.19219971
96,2015-03-27 12:39:00,"Manhattan, NY",40.75325012,-74.00380707
97,2015-03-24 14:26:00,"Manhattan, NY",40.75325012,-74.00380707
98,2015-03-24 09:13:00,"West Carrollton City, OH",39.66444778,-84.24498749
99,2015-03-24 09:06:00,"Midtown South, Manhattan",40.7478981,-73.98917389
100,2015-03-24 09:03:00,"Manhattan, NY",40.75325012,-74.00380707
101,2015-03-23 12:38:00,"Midtown South, Manhattan",40.7478981,-73.98917389
102,2015-03-23 07:41:00,"Manhattan, NY",40.75325012,-74.00380707
103,2015-03-21 13:16:00,"Midtown South, Manhattan",40.7478981,-73.98917389
104,2015-03-19 09:27:00,"Midtown South, Manhattan",40.7478981,-73.98917389
105,2015-03-17 15:46:00,"Miamisburg, OH",39.64125443,-84.27777863
106,2015-03-15 11:05:00,"Manhattan, NY",40.75325012,-74.00380707
107,2015-03-11 11:37:00,"Midtown South, Manhattan",40.7478981,-73.98917389
108,2015-03-10 17:34:00,"Midtown South, Manhattan",40.7478981,-73.98917389
109,2015-03-06 12:27:00,"East Village, Manhattan",40.7272644,-73.98265839
110,2015-03-03 07:56:00,"Manhattan, NY",40.75325012,-74.00380707
111,2015-03-03 07:42:00,"Manhattan, NY",40.75325012,-74.00380707
112,2015-03-02 18:34:00,"Manhattan, NY",40.75325012,-74.00380707
113,2015-02-27 17:17:00,"East Village, Manhattan",40.7272644,-73.98265839
114,2015-02-27 10:12:00,"East Village, Manhattan",40.7272644,-73.98265839
115,2015-02-26 09:53:00,"East Village, Manhattan",40.7272644,-73.98265839
116,2015-02-26 07:48:00,"East Village, Manhattan",40.7272644,-73.98265839
117,2015-02-24 11:46:00,"East Village, Manhattan",40.7272644,-73.98265839
118,2015-02-24 06:48:00,"East Village, Manhattan",40.7272644,-73.98265839
119,2015-02-23 12:51:00,"East Village, Manhattan",40.7272644,-73.98265839
120,2015-02-23 11:25:00,"East Village, Manhattan",40.7272644,-73.98265839
121,2015-02-23 08:04:00,"Manhattan, NY",40.75325012,-74.00380707
122,2015-02-16 19:10:00,"Kailua, HI",21.39971924,-157.73622131
123,2015-02-16 09:29:00,"Kaneohe, HI",21.41819572,-157.80200195
124,2015-02-13 10:15:00,"Kailua, HI",21.39971924,-157.73622131
125,2015-02-10 14:20:00,"Manhattan, NY",40.75325012,-74.00380707
126,2015-02-10 13:21:00,"East Village, Manhattan",40.7272644,-73.98265839
127,2015-02-10 12:03:00,"Manhattan, NY",40.75325012,-74.00380707
128,2015-02-09 18:00:00,"East Village, Manhattan",40.7272644,-73.98265839
129,2015-02-07 08:30:00,"Manhattan, NY",40.75325012,-74.00380707
130,2015-02-06 13:58:00,"Chicago, IL",41.8832283,-87.63240051
131,2015-02-06 06:54:00,"East Village, Manhattan",40.7272644,-73.98265839
132,2015-02-04 13:09:00,"Manhattan, NY",40.75325012,-74.00380707
133,2015-02-04 09:50:00,"East Village, Manhattan",40.7272644,-73.98265839
134,2015-02-04 07:46:00,"East Village, Manhattan",40.7272644,-73.98265839
135,2015-02-03 09:37:00,"East Village, Manhattan",40.7272644,-73.98265839
136,2015-01-30 15:36:00,"East Village, Manhattan",40.7272644,-73.98265839
137,2015-01-30 15:04:00,"East Village, Manhattan",40.7272644,-73.98265839
138,2015-01-29 18:09:00,"East Village, Manhattan",40.7272644,-73.98265839
139,2015-01-29 12:48:00,"East Village, Manhattan",40.7272644,-73.98265839
140,2015-01-28 05:59:00,"East Village, Manhattan",40.7272644,-73.98265839
141,2015-01-27 07:34:00,"East Village, Manhattan",40.7272644,-73.98265839
142,2015-01-26 04:19:00,"Ferguson, MO",38.74433899,-90.30492401
143,2015-01-22 19:44:00,"West Village, Manhattan",40.7340889,-74.00849152
144,2015-01-16 14:45:00,"East Village, Manhattan",40.7272644,-73.98265839
145,2015-01-15 15:53:00,"East Village, Manhattan",40.7272644,-73.98265839
146,2015-01-15 15:31:00,"East Village, Manhattan",40.7272644,-73.98265839
147,2015-01-15 15:29:00,"East Village, Manhattan",40.7272644,-73.98265839
148,2015-01-15 13:00:00,"Manhattan, NY",40.75325012,-74.00380707
149,2015-01-14 07:40:00,"East Village, Manhattan",40.7272644,-73.98265839
150,2015-01-13 08:53:00,"East Village, Manhattan",40.7272644,-73.98265839
151,2015-01-13 08:50:00,"East Village, Manhattan",40.7272644,-73.98265839
152,2015-01-13 07:52:00,"East Village, Manhattan",40.7272644,-73.98265839
153,2015-01-13 07:38:00,"Manhattan, NY",40.75325012,-74.00380707
154,2015-01-12 14:43:00,"East Village, Manhattan",40.7272644,-73.98265839
155,2015-01-10 11:18:00,"Manhattan, NY",40.75325012,-74.00380707
156,2015-01-06 14:57:00,"Manhattan, NY",40.75325012,-74.00380707
157,2015-01-06 13:12:00,"East Village, Manhattan",40.7272644,-73.98265839
158,2015-01-06 06:51:00,"West Village, Manhattan",40.7340889,-74.00849152
159,2015-01-06 06:52:00,"Manhattan, NY",40.75325012,-74.00380707
160,2015-01-06 06:19:00,"Manhattan, NY",40.75325012,-74.00380707
161,2015-01-05 20:25:00,"Manhattan, NY",40.75325012,-74.00380707
162,2015-01-05 20:21:00,"Manhattan, NY",40.75325012,-74.00380707
163,2014-12-31 14:58:00,"Manhattan, NY",40.75325012,-74.00380707
164,2014-12-31 13:11:00,"East Village, Manhattan",40.7272644,-73.98265839
165,2014-12-31 09:23:00,"Manhattan, NY",40.75325012,-74.00380707
166,2014-12-25 14:23:00,"Cape Elizabeth, ME",43.59664536,-70.22725677
167,2014-12-23 07:15:00,"Queens, NY",40.75977707,-73.81729889
168,2014-12-16 12:13:00,"Manhattan, NY",40.75325012,-74.00380707
169,2014-12-11 14:53:00,"Manhattan, NY",40.75325012,-74.00380707
170,2014-12-05 13:58:00,"East Village, Manhattan",40.7272644,-73.98265839
171,2014-12-05 10:13:00,"Manhattan, NY",40.75325012,-74.00380707
172,2014-12-05 09:20:00,"Manhattan, NY",40.75325012,-74.00380707
173,2014-12-04 15:06:00,"Manhattan, NY",40.75325012,-74.00380707
174,2014-12-03 17:24:00,"Manhattan, NY",40.75325012,-74.00380707
175,2014-12-03 08:54:00,"Manhattan, NY",40.75325012,-74.00380707
176,2014-12-02 15:18:00,"Manhattan, NY",40.75325012,-74.00380707
177,2014-12-02 13:08:00,"Manhattan, NY",40.75325012,-74.00380707
178,2014-11-30 15:24:00,"Manhattan, NY",40.75325012,-74.00380707
179,2014-11-30 13:50:00,"Manhattan, NY",40.75325012,-74.00380707
180,2014-11-26 08:11:00,"Manhattan, NY",40.75325012,-74.00380707
181,2014-11-25 11:07:00,"Manhattan, NY",40.75325012,-74.00380707
182,2014-11-19 15:11:00,"Manhattan, NY",40.75325012,-74.00380707
183,2014-11-17 20:48:00,"Manhattan, NY",40.75325012,-74.00380707
184,2014-11-17 15:26:00,"Manhattan, NY",40.75325012,-74.00380707
185,2014-11-17 05:30:00,"Manhattan, NY",40.75325012,-74.00380707
186,2014-11-14 08:39:00,"Manhattan, NY",40.75325012,-74.00380707
187,2014-11-14 08:34:00,"Manhattan, NY",40.75325012,-74.00380707
188,2014-11-14 07:38:00,"Manhattan, NY",40.75325012,-74.00380707
189,2014-11-12 12:19:00,"Manhattan, NY",40.75325012,-74.00380707
190,2014-11-12 12:07:00,"Manhattan, NY",40.75325012,-74.00380707
191,2014-11-12 10:14:00,"Manhattan, NY",40.75325012,-74.00380707
192,2014-11-11 13:44:00,"Manhattan, NY",40.75325012,-74.00380707
193,2014-11-11 06:21:00,"Manhattan, NY",40.75325012,-74.00380707
194,2014-11-10 14:07:00,"Manhattan, NY",40.75325012,-74.00380707
195,2014-11-08 16:53:00,"Manhattan, NY",40.75325012,-74.00380707
196,2014-11-08 12:18:00,"Manhattan, NY",40.75325012,-74.00380707
197,2014-11-01 08:33:00,"Manhattan, NY",40.75325012,-74.00380707
198,2014-10-29 12:10:00,"Seattle, WA",47.60322952,-122.33027649
199,2014-10-29 14:20:00,"Manhattan, NY",40.75325012,-74.00380707
200,2014-10-27 13:38:00,"Manhattan, NY",40.75325012,-74.00380707
201,2014-10-24 13:54:00,"Manhattan, NY",40.75325012,-74.00380707
202,2014-10-24 10:25:00,"Manhattan, NY",40.75325012,-74.00380707
203,2014-10-23 09:19:00,"West Village, Manhattan",40.7340889,-74.00849152
204,2014-10-21 14:37:00,"Manhattan, NY",40.75325012,-74.00380707
205,2014-10-21 13:20:00,"Manhattan, NY",40.75325012,-74.00380707
206,2014-10-21 08:57:00,"Manhattan, NY",40.75325012,-74.00380707
207,2014-10-20 19:27:00,"Manhattan, NY",40.75325012,-74.00380707
208,2014-10-17 07:55:00,"Manhattan, NY",40.75325012,-74.00380707
209,2014-10-16 18:27:00,"Manhattan, NY",40.75325012,-74.00380707
210,2014-10-16 14:34:00,"Manhattan, NY",40.75325012,-74.00380707
211,2014-10-15 11:42:00,"Manhattan, NY",40.75325012,-74.00380707
212,2014-10-15 09:20:00,"Manhattan, NY",40.75325012,-74.00380707
213,2014-10-03 13:59:00,"Manhattan, NY",40.75325012,-74.00380707
214,2014-10-03 09:34:00,"Manhattan, NY",40.75325012,-74.00380707
215,2014-10-03 09:33:00,"Manhattan, NY",40.75325012,-74.00380707
216,2014-08-29 08:12:00,"Manhattan, NY",40.75325012,-74.00380707
217,2014-08-22 13:29:00,"Manhattan, NY",40.75325012,-74.00380707
218,2014-08-14 17:35:00,"Manhattan, NY",40.75325012,-74.00380707
219,2014-07-30 09:31:00,"Manhattan, NY",40.75325012,-74.00380707
220,2014-07-28 09:10:00,"Manhattan, NY",40.75325012,-74.00380707
221,2014-07-24 14:20:00,"Manhattan, NY",40.75325012,-74.00380707
222,2014-07-24 11:44:00,"Manhattan, NY",40.75325012,-74.00380707
223,2014-07-24 10:37:00,"Manhattan, NY",40.75325012,-74.00380707
224,2014-07-23 16:06:00,"New York, NY",40.71304703,-74.00723267
225,2014-07-14 11:29:00,"Manhattan, NY",40.75325012,-74.00380707
226,2014-07-06 08:28:00,Curaçao,12.19426155,-68.97276306
227,2014-07-05 15:56:00,Curaçao,12.19426155,-68.97276306
228,2014-07-03 03:05:00,"New York, NY",40.71304703,-74.00723267
229,2014-06-28 16:20:00,"New York, NY",40.71304703,-74.00723267
230,2014-06-28 13:16:00,"New York, NY",40.71304703,-74.00723267
231,2014-06-27 16:02:00,"New York, USA",42.93923187,-75.62004852
232,2014-06-25 15:03:00,"New York, NY",40.71304703,-74.00723267
233,2014-06-25 08:19:00,"Manhattan, NY",40.75325012,-74.00380707
234,2014-06-25 07:38:00,"Manhattan, NY",40.75325012,-74.00380707
235,2014-06-22 19:13:00,"New York, NY",40.71304703,-74.00723267
236,2014-06-22 08:44:00,"New York, NY",40.71304703,-74.00723267
237,2014-06-21 22:09:00,"New York, NY",40.71304703,-74.00723267
238,2014-06-21 14:47:00,"New York, NY",40.71304703,-74.00723267
239,2014-06-21 13:00:00,"Manhattan, NY",40.75325012,-74.00380707
240,2014-06-21 11:49:00,"Manhattan, NY",40.75325012,-74.00380707
241,2014-06-20 22:30:00,"New York, NY",40.71304703,-74.00723267
242,2014-06-20 09:53:00,"Manhattan, NY",40.75325012,-74.00380707
243,2014-06-19 11:57:00,"East Village, Manhattan",40.7272644,-73.98265839
244,2014-06-19 11:56:00,"East Village, Manhattan",40.7272644,-73.98265839
245,2014-06-19 07:56:00,"Manhattan, NY",40.75325012,-74.00380707
246,2014-06-18 14:05:00,"Manhattan, NY",40.75325012,-74.00380707
247,2014-06-18 07:44:00,"New York, NY",40.71304703,-74.00723267
248,2014-06-17 09:55:00,"Manhattan, NY",40.75325012,-74.00380707
249,2014-06-16 18:24:00,"Manhattan, NY",40.75325012,-74.00380707
250,2014-06-13 13:48:00,"Manhattan, NY",40.75325012,-74.00380707
251,2014-06-13 13:43:00,"Manhattan, NY",40.75325012,-74.00380707
252,2014-06-13 11:04:00,"Manhattan, NY",40.75325012,-74.00380707
253,2014-06-12 11:58:00,"East Village, Manhattan",40.7272644,-73.98265839
254,2014-06-09 13:19:00,"East Village, Manhattan",40.7272644,-73.98265839
255,2014-06-04 14:49:00,"Manhattan, NY",40.75325012,-74.00380707
256,2014-05-31 14:14:00,"Kingston, NY",41.92706299,-73.99761963
257,2014-05-28 11:36:00,"Rosendale Village, NY",41.84213638,-74.07904816
258,2014-05-28 10:10:00,"Rosendale Village, NY",41.84213638,-74.07904816
259,2014-05-28 06:58:00,"Rosendale Village, NY",41.84213638,-74.07904816
260,2014-05-26 14:19:00,"Rosendale Village, NY",41.84213638,-74.07904816
261,2014-05-22 09:33:00,"Manhattan, NY",40.75325012,-74.00380707
262,2014-05-19 08:56:00,"East Village, Manhattan",40.7272644,-73.98265839
263,2014-05-16 10:58:00,"East Village, Manhattan",40.7272644,-73.98265839
264,2014-05-16 08:59:00,"Manhattan, NY",40.75325012,-74.00380707
265,2014-05-15 16:36:00,"New York, NY",40.71304703,-74.00723267
266,2014-05-10 16:28:00,"Kansas, USA",38.48472977,-98.38018036
267,2014-05-07 11:27:00,"East Village, Manhattan",40.7272644,-73.98265839
268,2014-04-29 09:42:00,"Manhattan, NY",40.75325012,-74.00380707
269,2014-04-26 15:48:00,"New York, NY",40.71304703,-74.00723267
270,2014-04-22 21:19:00,"New York, NY",40.71304703,-74.00723267
271,2014-04-04 07:08:00,"Manhattan, NY",40.75325012,-74.00380707
272,2014-03-07 17:55:00,"Manhattan, NY",40.75325012,-74.00380707
273,2014-03-05 15:23:00,"Manhattan, NY",40.75325012,-74.00380707
274,2014-02-26 17:12:00,"Kula, HI",20.75597382,-156.32888794
275,2014-02-24 15:20:00,"Honolulu, HI",21.30991936,-157.8581543
276,2014-02-24 09:20:00,"Kailua, HI",21.39971924,-157.73622131
277,2014-02-23 19:29:00,"Kailua, HI",21.39971924,-157.73622131
278,2014-02-19 17:38:00,"Village Park, HI",21.39283562,-158.02767944
279,2014-02-19 16:11:00,"Kailua, HI",21.39971924,-157.73622131
280,2014-02-19 11:46:00,"Kailua, HI",21.39971924,-157.73622131
281,2014-02-15 17:13:00,"Kailua, HI",21.39971924,-157.73622131
282,2014-02-13 09:26:00,"Kailua, HI",21.39971924,-157.73622131
283,2014-02-09 09:52:00,"Manhattan, NY",40.75325012,-74.00380707
284,2014-02-07 14:48:00,"Manhattan, NY",40.75325012,-74.00380707
285,2014-02-07 11:15:00,"Manhattan, NY",40.75325012,-74.00380707
286,2014-02-06 20:24:00,"Manhattan, NY",40.75325012,-74.00380707
287,2014-02-06 20:23:00,"Manhattan, NY",40.75325012,-74.00380707
288,2014-02-06 11:19:00,"Manhattan, NY",40.75325012,-74.00380707
289,2014-02-05 14:43:00,"Manhattan, NY",40.75325012,-74.00380707
290,2014-02-05 13:46:00,"Manhattan, NY",40.75325012,-74.00380707
291,2014-02-04 11:58:00,"Manhattan, NY",40.75325012,-74.00380707
292,2014-02-04 11:07:00,"Manhattan, NY",40.75325012,-74.00380707
293,2014-02-03 18:45:00,"Manhattan, NY",40.75325012,-74.00380707
294,2014-02-02 18:48:00,"Manhattan, NY",40.75325012,-74.00380707
295,2014-01-30 16:02:00,"Manhattan, NY",40.75325012,-74.00380707
296,2014-01-30 06:34:00,"Manhattan, NY",40.75325012,-74.00380707
297,2014-01-26 09:11:00,"Manhattan, NY",40.75325012,-74.00380707
298,2014-01-25 12:12:00,"Manhattan, NY",40.75325012,-74.00380707
299,2014-01-24 19:36:00,"Manhattan, NY",40.75325012,-74.00380707
300,2014-01-22 14:45:00,"Manhattan, NY",40.75325012,-74.00380707
301,2014-01-20 11:31:00,"Manhattan, NY",40.75325012,-74.00380707
302,2014-01-18 15:18:00,"Manhattan, NY",40.75325012,-74.00380707
303,2014-01-15 15:45:00,"Manhattan, NY",40.75325012,-74.00380707
304,2014-01-09 13:44:00,"Manhattan, NY",40.75325012,-74.00380707
305,2014-01-09 12:30:00,"Manhattan, NY",40.75325012,-74.00380707
306,2014-01-08 17:23:00,"Manhattan, NY",40.75325012,-74.00380707
307,2014-01-08 14:08:00,"Manhattan, NY",40.75325012,-74.00380707
308,2014-01-08 13:06:00,"Manhattan, NY",40.75325012,-74.00380707
309,2014-01-07 19:11:00,"Manhattan, NY",40.75325012,-74.00380707
310,2014-01-01 18:39:00,"Manhattan, NY",40.75325012,-74.00380707
311,2013-12-23 12:45:00,"Weehawken, NJ",40.77078247,-74.01761627
312,2013-12-23 08:21:00,"Manhattan, NY",40.75325012,-74.00380707
313,2013-12-20 11:24:00,"Manhattan, NY",40.75325012,-74.00380707
314,2013-12-20 09:33:00,"Manhattan, NY",40.75325012,-74.00380707
315,2013-12-19 11:13:00,"Manhattan, NY",40.75325012,-74.00380707
316,2013-12-17 08:20:00,"Manhattan, NY",40.75325012,-74.00380707
317,2013-12-16 10:34:00,"Manhattan, NY",40.75325012,-74.00380707
318,2013-12-13 13:45:00,"Manhattan, NY",40.75325012,-74.00380707
319,2013-11-13 07:37:00,"Manhattan, NY",40.75325012,-74.00380707
320,2013-10-31 11:09:00,"Manhattan, NY",40.75325012,-74.00380707
321,2013-10-21 11:13:00,"Manhattan, NY",40.75325012,-74.00380707
322,2013-10-18 15:54:00,"Culver City, CA",34.02249908,-118.39428711
323,2013-10-16 17:24:00,"Los Angeles, CA",34.05223846,-118.24334717
324,2013-10-15 13:53:00,"Culver City, CA",34.02249908,-118.39428711
325,2013-10-15 11:28:00,"Culver City, CA",34.02249908,-118.39428711
326,2013-10-11 07:58:00,"Manhattan, NY",40.75325012,-74.00380707
327,2013-10-09 16:04:00,"Horseshoe Bay, TX",30.5481739,-98.34524536
328,2013-10-09 14:45:00,"Manhattan, NY",40.75325012,-74.00380707
329,2013-10-05 17:22:00,"Manhattan, NY",40.75325012,-74.00380707
330,2013-09-24 12:20:00,"Manhattan, NY",40.75325012,-74.00380707
331,2013-09-24 12:06:00,"Manhattan, NY",40.75325012,-74.00380707
332,2013-09-24 10:20:00,"Manhattan, NY",40.75325012,-74.00380707
333,2013-09-23 14:02:00,"Manhattan, NY",40.75325012,-74.00380707
334,2013-09-23 10:57:00,"Manhattan, NY",40.75325012,-74.00380707
335,2013-09-18 08:34:00,"Manhattan, NY",40.75325012,-74.00380707
336,2013-09-16 12:21:00,"Manhattan, NY",40.75325012,-74.00380707
337,2013-08-30 18:25:00,"Manhattan, NY",40.75325012,-74.00380707
338,2013-08-30 14:49:00,"Manhattan, NY",40.75325012,-74.00380707
339,2013-08-27 07:02:00,"Manhattan, NY",40.75325012,-74.00380707
340,2013-08-20 06:29:00,"Manhattan, NY",40.75325012,-74.00380707
341,2013-07-31 15:41:00,"Manhattan, NY",40.75325012,-74.00380707
342,2013-07-24 10:37:00,"Manhattan, NY",40.75325012,-74.00380707
343,2013-07-23 16:19:00,"Manhattan, NY",40.75325012,-74.00380707
344,2013-07-19 14:54:00,"Manhattan, NY",40.75325012,-74.00380707
345,2013-07-16 09:15:00,"Manhattan, NY",40.75325012,-74.00380707
346,2013-07-12 12:18:00,"Manhattan, NY",40.75325012,-74.00380707
347,2013-07-07 20:30:00,"Manhattan, NY",40.75325012,-74.00380707
348,2013-07-07 17:08:00,"Manhattan, NY",40.75325012,-74.00380707
349,2013-07-07 16:50:00,The McKittrick Hotel,35.2967453,-119.62548065
350,2013-07-03 14:04:00,"Manhattan, NY",40.75325012,-74.00380707
351,2013-07-01 11:04:00,"Manhattan, NY",40.75325012,-74.00380707
352,2013-06-30 13:05:00,"New York, NY",40.71304703,-74.00723267
353,2013-06-27 19:41:00,"Manhattan, NY",40.75325012,-74.00380707
354,2013-06-27 11:53:00,"Manhattan, NY",40.75325012,-74.00380707
355,2013-06-26 16:01:00,"Manhattan, NY",40.75325012,-74.00380707
356,2013-06-19 10:59:00,"Manhattan, NY",40.75325012,-74.00380707
357,2013-06-15 15:01:00,AMC Loews Lincoln Square 13,40.77228783,-73.98278598
358,2013-06-13 23:43:00,"Manhattan, NY",40.75325012,-74.00380707
359,2013-06-13 15:48:00,"Manhattan, NY",40.75325012,-74.00380707
360,2013-06-12 15:13:00,"Manhattan, NY",40.75325012,-74.00380707
361,2013-06-12 11:34:00,"Manhattan, NY",40.75325012,-74.00380707
362,2013-06-11 13:16:00,"Manhattan, NY",40.75325012,-74.00380707
363,2013-06-10 16:41:00,"Manhattan, NY",40.75325012,-74.00380707
364,2013-06-09 16:52:00,"Queens, NY",40.75977707,-73.81729889
365,2013-06-09 13:36:00,"St. Louis, MO",38.6353569,-90.20098877
366,2013-06-04 18:58:00,"St. Louis, MO",38.6353569,-90.20098877
367,2013-05-30 16:10:00,"Syracuse, NY",43.04794312,-76.14744568
