,time,poi,latitude,longitude
0,2015-10-21 20:25:00,"Florida, USA",28.59551239,-82.48734283
1,2015-10-18 09:11:00,"Brooklyn, NY",40.69252777,-73.99099731
2,2015-03-30 18:40:00,"Manhattan, NY",40.75325012,-74.00380707
3,2015-03-29 16:14:00,"Brooklyn, NY",40.69252777,-73.99099731
4,2015-03-28 19:00:00,"Brooklyn, NY",40.69252777,-73.99099731
5,2015-03-27 20:52:00,"Chicago, IL",41.8832283,-87.63240051
6,2015-03-27 13:50:00,"Oak Park, IL",41.88864899,-87.79449463
7,2015-03-26 12:54:00,"Manhattan, NY",40.75325012,-74.00380707
8,2015-03-06 17:47:00,"Manhattan, NY",40.75325012,-74.00380707
9,2015-03-01 19:02:00,"Brooklyn, NY",40.69252777,-73.99099731
10,2014-11-15 12:19:00,"Manhattan, NY",40.75325012,-74.00380707
11,2014-10-22 12:58:00,"Manhattan, NY",40.75325012,-74.00380707
12,2014-10-21 13:20:00,"Manhattan, NY",40.75325012,-74.00380707
13,2014-10-20 17:58:00,"Manhattan, NY",40.75325012,-74.00380707
14,2014-10-19 11:29:00,"Manhattan, NY",40.75325012,-74.00380707
15,2014-10-19 09:51:00,"Brooklyn, NY",40.69252777,-73.99099731
16,2014-10-17 11:00:00,"Brooklyn, NY",40.69252777,-73.99099731
17,2014-10-16 07:59:00,"Manhattan, NY",40.75325012,-74.00380707
18,2014-10-16 07:48:00,"Manhattan, NY",40.75325012,-74.00380707
19,2014-10-16 06:43:00,"Manhattan, NY",40.75325012,-74.00380707
20,2014-10-14 22:12:00,"Manhattan, NY",40.75325012,-74.00380707
21,2014-10-14 21:16:00,"Manhattan, NY",40.75325012,-74.00380707
22,2014-10-14 12:39:00,"Brooklyn, NY",40.69252777,-73.99099731
23,2014-10-14 12:13:00,"Brooklyn, NY",40.69252777,-73.99099731
24,2014-10-14 11:13:00,"Brooklyn, NY",40.69252777,-73.99099731
25,2014-10-12 12:26:00,"Manhattan, NY",40.75325012,-74.00380707
26,2014-10-12 00:22:00,"Manhattan, NY",40.75325012,-74.00380707
27,2014-10-09 16:59:00,"Manhattan, NY",40.75325012,-74.00380707
28,2014-10-06 12:08:00,"Manhattan, NY",40.75325012,-74.00380707
29,2014-10-05 19:20:00,"Manhattan, NY",40.75325012,-74.00380707
30,2014-10-05 18:45:00,"Manhattan, NY",40.75325012,-74.00380707
31,2014-10-04 11:08:00,"Manhattan, NY",40.75325012,-74.00380707
32,2014-10-03 16:11:00,"Manhattan, NY",40.75325012,-74.00380707
33,2014-10-02 12:51:00,"Manhattan, NY",40.75325012,-74.00380707
34,2014-09-27 21:27:00,"Manhattan, NY",40.75325012,-74.00380707
35,2014-09-27 18:48:00,"Manhattan, NY",40.75325012,-74.00380707
36,2014-09-26 20:17:00,"Manhattan, NY",40.75325012,-74.00380707
37,2014-09-23 14:26:00,"Manhattan, NY",40.75325012,-74.00380707
38,2014-09-12 14:06:00,"Phoenix, AZ",33.44820404,-112.07258606
39,2014-09-05 18:26:00,"Manhattan, NY",40.75325012,-74.00380707
40,2014-09-01 11:28:00,"Brooklyn, NY",40.69252777,-73.99099731
41,2014-08-29 22:49:00,"Manhattan, NY",40.75325012,-74.00380707
42,2014-08-28 22:23:00,"Manhattan, NY",40.75325012,-74.00380707
43,2014-08-21 18:43:00,"Manhattan, NY",40.75325012,-74.00380707
44,2014-08-12 10:21:00,"Stamford, CT",41.05192566,-73.53947449
45,2014-08-10 15:34:00,"New York, NY",40.71304703,-74.00723267
46,2014-08-08 14:10:00,"New York, NY",40.71304703,-74.00723267
47,2014-08-08 14:05:00,"New York, NY",40.71304703,-74.00723267
48,2014-08-05 21:52:00,"New York, NY",40.71304703,-74.00723267
49,2014-08-05 12:32:00,"New York, NY",40.71304703,-74.00723267
50,2014-08-04 21:05:00,"New York, NY",40.71304703,-74.00723267
51,2014-08-04 15:10:00,"New York, NY",40.71304703,-74.00723267
52,2014-08-03 08:18:00,"New York, NY",40.71304703,-74.00723267
53,2014-08-02 07:44:00,"New York, NY",40.71304703,-74.00723267
54,2014-07-31 16:20:00,"New York, NY",40.71304703,-74.00723267
55,2014-07-31 15:17:00,"New York, NY",40.71304703,-74.00723267
56,2014-07-31 15:01:00,"New York, NY",40.71304703,-74.00723267
57,2014-07-09 20:42:00,"Jersey City, NJ",40.71749496,-74.04411316
58,2014-07-08 14:54:00,"New York, NY",40.71304703,-74.00723267
59,2014-07-08 14:37:00,"New York, NY",40.71304703,-74.00723267
60,2014-07-07 22:06:00,"New York, NY",40.71304703,-74.00723267
61,2014-07-05 21:15:00,"New York, NY",40.71304703,-74.00723267
62,2014-06-30 17:20:00,"New York, NY",40.71304703,-74.00723267
63,2014-06-27 07:38:00,"New York, NY",40.71304703,-74.00723267
64,2014-06-20 08:06:00,"Pelham, NY",40.91407013,-73.8082962
65,2014-06-17 15:29:00,"New York, NY",40.71304703,-74.00723267
66,2014-06-17 12:33:00,"New York, NY",40.71304703,-74.00723267
67,2014-06-17 08:49:00,"New York, NY",40.71304703,-74.00723267
68,2014-06-14 08:56:00,"Jersey City, NJ",40.71749496,-74.04411316
69,2014-06-14 00:13:00,"New York, NY",40.71304703,-74.00723267
70,2014-06-07 23:41:00,"New York, NY",40.71304703,-74.00723267
71,2014-06-07 21:08:00,"New York, NY",40.71304703,-74.00723267
72,2014-06-05 11:10:00,"New York, NY",40.71304703,-74.00723267
73,2014-06-04 12:54:00,"New York, NY",40.71304703,-74.00723267
74,2014-05-25 21:08:00,"New York, NY",40.71304703,-74.00723267
75,2014-05-21 21:46:00,"New York, NY",40.71304703,-74.00723267
76,2014-05-20 20:58:00,"New York, NY",40.71304703,-74.00723267
77,2014-05-19 21:05:00,"New York, NY",40.71304703,-74.00723267
78,2014-05-18 22:54:00,"New York, NY",40.71304703,-74.00723267
79,2014-05-18 11:38:00,"New York, NY",40.71304703,-74.00723267
80,2014-05-18 11:25:00,"New York, NY",40.71304703,-74.00723267
81,2014-05-18 11:14:00,"New York, NY",40.71304703,-74.00723267
82,2014-05-18 10:25:00,"New York, NY",40.71304703,-74.00723267
83,2014-05-16 13:55:00,"New York, NY",40.71304703,-74.00723267
84,2014-05-16 08:25:00,"New York, NY",40.71304703,-74.00723267
85,2014-05-16 08:24:00,"New York, NY",40.71304703,-74.00723267
86,2014-05-16 08:22:00,"New York, NY",40.71304703,-74.00723267
87,2014-05-14 21:21:00,"New York, NY",40.71304703,-74.00723267
88,2014-05-14 20:35:00,"New York, NY",40.71304703,-74.00723267
89,2014-05-14 19:41:00,"New York, NY",40.71304703,-74.00723267
90,2014-05-14 19:24:00,"New York, NY",40.71304703,-74.00723267
91,2014-05-13 17:30:00,"New York, NY",40.71304703,-74.00723267
92,2014-05-13 16:54:00,"New York, NY",40.71304703,-74.00723267
93,2014-05-13 16:23:00,"New York, NY",40.71304703,-74.00723267
94,2014-05-13 07:40:00,"New York, NY",40.71304703,-74.00723267
95,2014-05-12 19:54:00,"New York, NY",40.71304703,-74.00723267
96,2014-05-12 18:46:00,"New York, NY",40.71304703,-74.00723267
97,2014-05-12 18:41:00,"New York, NY",40.71304703,-74.00723267
98,2014-05-12 17:55:00,"New York, NY",40.71304703,-74.00723267
99,2014-05-12 12:22:00,"New York, NY",40.71304703,-74.00723267
100,2014-05-11 16:36:00,"New York, NY",40.71304703,-74.00723267
101,2014-05-10 12:25:00,"New York, NY",40.71304703,-74.00723267
102,2014-05-07 10:13:00,"New York, NY",40.71304703,-74.00723267
103,2014-05-07 08:43:00,"New York, NY",40.71304703,-74.00723267
104,2014-05-02 20:57:00,"New York, NY",40.71304703,-74.00723267
105,2014-05-02 10:13:00,"New York, NY",40.71304703,-74.00723267
106,2014-05-01 16:27:00,"New York, NY",40.71304703,-74.00723267
107,2014-04-23 13:41:00,"New York, NY",40.71304703,-74.00723267
108,2014-04-19 10:06:00,"New York, NY",40.71304703,-74.00723267
109,2014-04-13 17:47:00,"Austin, TX",30.26497841,-97.74659729
110,2014-04-12 17:26:00,"New York, NY",40.71304703,-74.00723267
111,2014-04-07 17:11:00,"New York, NY",40.71304703,-74.00723267
112,2014-04-06 13:34:00,"New York, NY",40.71304703,-74.00723267
113,2014-04-04 08:43:00,"Tenafly, NJ",40.92715454,-73.96675873
114,2014-04-02 09:08:00,"New York, NY",40.71304703,-74.00723267
115,2014-04-02 07:28:00,"New York, NY",40.71304703,-74.00723267
116,2014-03-21 16:51:00,"Manhattan, NY",40.75325012,-74.00380707
117,2014-03-20 17:26:00,"Manhattan, NY",40.75325012,-74.00380707
118,2014-03-19 18:57:00,"Manhattan, NY",40.75325012,-74.00380707
119,2014-03-18 12:29:00,"Manhattan, NY",40.75325012,-74.00380707
120,2014-03-18 12:01:00,"Manhattan, NY",40.75325012,-74.00380707
121,2014-03-18 11:16:00,"Manhattan, NY",40.75325012,-74.00380707
122,2014-03-16 14:33:00,"Manhattan, NY",40.75325012,-74.00380707
123,2014-03-16 10:34:00,"Manhattan, NY",40.75325012,-74.00380707
124,2014-03-16 02:09:00,"Manhattan, NY",40.75325012,-74.00380707
125,2014-03-16 02:07:00,"Manhattan, NY",40.75325012,-74.00380707
126,2014-03-15 15:31:00,"Manhattan, NY",40.75325012,-74.00380707
127,2014-03-15 08:59:00,"Manhattan, NY",40.75325012,-74.00380707
128,2014-03-12 07:51:00,"Manhattan, NY",40.75325012,-74.00380707
129,2014-03-08 16:45:00,"Manhattan, NY",40.75325012,-74.00380707
130,2014-03-06 14:17:00,"Washington, DC",38.89206314,-77.01991272
131,2014-03-04 15:53:00,"Washington, DC",38.89206314,-77.01991272
132,2014-02-28 23:54:00,"Manhattan, NY",40.75325012,-74.00380707
133,2014-02-26 18:29:00,"New York, NY",40.71304703,-74.00723267
134,2014-02-21 13:48:00,"Manhattan, NY",40.75325012,-74.00380707
135,2014-02-20 11:42:00,"Manhattan, NY",40.75325012,-74.00380707
136,2014-02-19 14:51:00,"Washington, DC",38.89206314,-77.01991272
137,2014-02-14 17:21:00,"Manhattan, NY",40.75325012,-74.00380707
138,2014-02-10 22:54:00,"New York, NY",40.71304703,-74.00723267
139,2014-02-09 19:03:00,"New York, NY",40.71304703,-74.00723267
140,2014-02-09 09:12:00,"New York, NY",40.71304703,-74.00723267
141,2014-02-08 20:29:00,"New York, NY",40.71304703,-74.00723267
142,2014-02-03 09:20:00,"New York, NY",40.71304703,-74.00723267
143,2014-02-02 18:33:00,"New York, NY",40.71304703,-74.00723267
144,2014-01-31 17:50:00,"New York, NY",40.71304703,-74.00723267
145,2014-01-31 08:03:00,"New York, NY",40.71304703,-74.00723267
146,2014-01-30 20:47:00,"New York, NY",40.71304703,-74.00723267
147,2014-01-29 05:46:00,"New York, NY",40.71304703,-74.00723267
148,2014-01-22 21:21:00,"New York, NY",40.71304703,-74.00723267
149,2014-01-19 09:26:00,"New York, NY",40.71304703,-74.00723267
150,2014-01-17 12:16:00,"New York, NY",40.71304703,-74.00723267
151,2014-01-14 14:16:00,"New York, NY",40.71304703,-74.00723267
152,2014-01-10 14:31:00,"Paradise, NV",36.11553574,-115.15795135
153,2014-01-09 12:09:00,"Paradise, NV",36.11553574,-115.15795135
154,2014-01-09 11:18:00,"Paradise, NV",36.11553574,-115.15795135
155,2014-01-07 14:21:00,"Paradise, NV",36.11553574,-115.15795135
156,2014-01-06 17:09:00,"Paradise, NV",36.11553574,-115.15795135
157,2014-01-06 03:41:00,"Enterprise, NV",36.04234314,-115.17012024
158,2014-01-05 14:53:00,"Queens, NY",40.75977707,-73.81729889
159,2014-01-05 09:12:00,"New York, NY",40.71304703,-74.00723267
160,2014-01-03 19:21:00,"New York, NY",40.71304703,-74.00723267
161,2014-01-03 09:24:00,"New York, NY",40.71304703,-74.00723267
162,2013-12-31 19:55:00,"Manhattan, NY",40.75325012,-74.00380707
163,2013-12-29 15:00:00,"New Hampshire, USA",43.68561935,-71.57762909
164,2013-12-29 14:11:00,"Ogunquit, ME",43.24897766,-70.59983063
165,2013-12-28 21:45:00,"Portland, ME",43.65921783,-70.2565155
166,2013-12-28 14:44:00,"Portland, ME",43.65921783,-70.2565155
167,2013-12-24 16:36:00,"New York, NY",40.71304703,-74.00723267
168,2013-12-22 15:11:00,"New York, NY",40.71304703,-74.00723267
169,2013-12-21 14:10:00,"Manhattan, NY",40.75325012,-74.00380707
170,2013-12-20 13:48:00,"New York, NY",40.71304703,-74.00723267
171,2013-12-20 10:18:00,"New York, NY",40.71304703,-74.00723267
172,2013-12-19 11:35:00,"New York, NY",40.71304703,-74.00723267
173,2013-12-18 05:49:00,"New York, NY",40.71304703,-74.00723267
174,2013-12-17 16:13:00,"New York, NY",40.71304703,-74.00723267
175,2013-12-16 15:24:00,"New York, NY",40.71304703,-74.00723267
176,2013-12-14 17:18:00,"Manhattan, NY",40.75325012,-74.00380707
177,2013-12-11 12:20:00,"Manhattan, NY",40.75325012,-74.00380707
178,2013-12-09 21:35:00,"Mauregard, Ile-de-France",49.0335083,2.58133793
179,2013-12-09 17:47:00,"Paris, ﾃ四e-de-France",48.85689545,2.35084891
180,2013-12-09 17:44:00,"Paris, ﾃ四e-de-France",48.85689545,2.35084891
181,2013-12-07 19:44:00,"Paris, ﾃ四e-de-France",48.85689545,2.35084891
182,2013-12-07 15:14:00,"Paris, ﾃ四e-de-France",48.85689545,2.35084891
183,2013-12-05 09:50:00,"New York, NY",40.71304703,-74.00723267
184,2013-12-03 22:57:00,"New York, NY",40.71304703,-74.00723267
185,2013-12-03 20:08:00,"New York, NY",40.71304703,-74.00723267
186,2013-12-03 17:36:00,"New York, NY",40.71304703,-74.00723267
187,2013-12-03 17:30:00,"New York, NY",40.71304703,-74.00723267
188,2013-12-02 19:31:00,"New York, NY",40.71304703,-74.00723267
189,2013-11-29 22:37:00,"New York, NY",40.71304703,-74.00723267
190,2013-11-27 19:59:00,"New York, NY",40.71304703,-74.00723267
191,2013-11-27 19:44:00,"New York, NY",40.71304703,-74.00723267
192,2013-11-26 00:41:00,"New York, NY",40.71304703,-74.00723267
193,2013-11-26 00:36:00,"New York, NY",40.71304703,-74.00723267
194,2013-11-25 19:24:00,"New York, NY",40.71304703,-74.00723267
195,2013-11-24 18:14:00,"Manhattan, NY",40.75325012,-74.00380707
196,2013-11-19 11:33:00,"New York, NY",40.71304703,-74.00723267
197,2013-11-18 21:02:00,"Manhattan, NY",40.75325012,-74.00380707
198,2013-11-17 14:40:00,"New York, NY",40.71304703,-74.00723267
199,2013-11-17 12:30:00,"New York, NY",40.71304703,-74.00723267
200,2013-11-17 08:08:00,"New York, NY",40.71304703,-74.00723267
201,2013-11-15 20:17:00,"New York, NY",40.71304703,-74.00723267
202,2013-11-15 15:02:00,"New York, NY",40.71304703,-74.00723267
203,2013-11-15 10:58:00,"New York, NY",40.71304703,-74.00723267
204,2013-11-15 08:56:00,"New York, NY",40.71304703,-74.00723267
205,2013-11-12 10:33:00,"New York, NY",40.71304703,-74.00723267
206,2013-11-12 08:12:00,"New York, NY",40.71304703,-74.00723267
207,2013-11-12 07:47:00,"New York, NY",40.71304703,-74.00723267
208,2013-11-10 20:59:00,"New York, NY",40.71304703,-74.00723267
209,2013-11-10 20:59:00,"New York, NY",40.71304703,-74.00723267
210,2013-11-10 20:37:00,"New York, NY",40.71304703,-74.00723267
211,2013-11-10 20:32:00,"New York, NY",40.71304703,-74.00723267
212,2013-11-10 10:25:00,"New York, NY",40.71304703,-74.00723267
213,2013-11-09 14:57:00,"New York, NY",40.71304703,-74.00723267
214,2013-11-07 17:08:00,"New York, NY",40.71304703,-74.00723267
215,2013-10-31 07:52:00,"New York, NY",40.71304703,-74.00723267
216,2013-10-24 02:42:00,"Los Angeles, CA",34.05223846,-118.24334717
217,2013-10-21 13:18:00,"Bernal Heights, San Francisco",37.74045563,-122.41640472
218,2013-10-19 14:55:00,"California, USA",37.25466919,-119.61727905
219,2013-10-19 14:53:00,"California, USA",37.25466919,-119.61727905
220,2013-10-18 02:56:00,"Queens, NY",40.75977707,-73.81729889
221,2013-10-17 15:31:00,"New York, NY",40.71304703,-74.00723267
222,2013-10-17 14:32:00,"New York, NY",40.71304703,-74.00723267
223,2013-10-17 14:26:00,"New York, NY",40.71304703,-74.00723267
224,2013-10-15 05:50:00,"New York, NY",40.71304703,-74.00723267
225,2013-10-14 08:01:00,"New York, NY",40.71304703,-74.00723267
226,2013-10-14 07:58:00,"New York, NY",40.71304703,-74.00723267
227,2013-10-12 19:39:00,"New York, NY",40.71304703,-74.00723267
228,2013-10-12 10:06:00,"Manhattan, NY",40.75325012,-74.00380707
229,2013-10-12 09:53:00,"Manhattan, NY",40.75325012,-74.00380707
230,2013-10-09 14:56:00,"Manhattan, NY",40.75325012,-74.00380707
231,2013-10-09 05:58:00,"New York, NY",40.71304703,-74.00723267
232,2013-10-09 05:55:00,"New York, NY",40.71304703,-74.00723267
233,2013-10-09 05:50:00,"New York, NY",40.71304703,-74.00723267
234,2013-10-09 05:48:00,"New York, NY",40.71304703,-74.00723267
235,2013-10-08 20:51:00,"New York, NY",40.71304703,-74.00723267
236,2013-10-07 11:37:00,"Manhattan, NY",40.75325012,-74.00380707
237,2013-10-07 11:32:00,"Manhattan, NY",40.75325012,-74.00380707
238,2013-10-06 07:21:00,"New York, NY",40.71304703,-74.00723267
239,2013-10-06 07:16:00,"New York, NY",40.71304703,-74.00723267
240,2013-10-04 13:23:00,"New York, NY",40.71304703,-74.00723267
241,2013-10-04 13:21:00,"New York, NY",40.71304703,-74.00723267
242,2013-10-04 13:07:00,"New York, NY",40.71304703,-74.00723267
243,2013-10-04 08:15:00,"New York, NY",40.71304703,-74.00723267
244,2013-10-01 15:44:00,"New York, NY",40.71304703,-74.00723267
245,2013-09-30 17:08:00,"Manhattan, NY",40.75325012,-74.00380707
246,2013-09-30 17:06:00,"Manhattan, NY",40.75325012,-74.00380707
247,2013-09-30 17:04:00,"Manhattan, NY",40.75325012,-74.00380707
248,2013-09-28 23:54:00,"New York, NY",40.71304703,-74.00723267
249,2013-09-27 12:11:00,"New York, NY",40.71304703,-74.00723267
250,2013-09-23 17:34:00,"Manhattan, NY",40.75325012,-74.00380707
251,2013-09-21 18:08:00,"New York, NY",40.71304703,-74.00723267
252,2013-09-17 03:28:00,"New York, NY",40.71304703,-74.00723267
253,2013-08-30 20:37:00,"Port Washington, NY",40.83086777,-73.68417358
254,2013-08-28 08:39:00,"New York, NY",40.71304703,-74.00723267
255,2013-08-28 07:38:00,"New York, NY",40.71304703,-74.00723267
256,2013-08-26 07:39:00,"New York, NY",40.71304703,-74.00723267
257,2013-08-24 18:46:00,"New York, NY",40.71304703,-74.00723267
258,2013-08-24 12:11:00,"New York, NY",40.71304703,-74.00723267
259,2013-08-24 11:56:00,"New York, NY",40.71304703,-74.00723267
260,2013-08-24 11:52:00,"New York, NY",40.71304703,-74.00723267
261,2013-08-24 11:48:00,"New York, NY",40.71304703,-74.00723267
262,2013-08-23 20:52:00,"New York, NY",40.71304703,-74.00723267
263,2013-08-22 11:59:00,"New York, NY",40.71304703,-74.00723267
264,2013-03-11 12:57:00,"New York, NY",40.71304703,-74.00723267
265,2012-12-12 11:39:00,"Philadelphia, PA",39.95106125,-75.1656189
266,2012-12-02 18:02:00,"Manhattan, NY",40.75325012,-74.00380707
