,time,poi,latitude,longitude
0,2015-10-24 23:31:00,"San Francisco, CA",37.78007889,-122.42015839
1,2015-10-13 11:20:00,"Queens, NY",40.75977707,-73.81729889
2,2015-10-13 04:07:00,"California, USA",37.25466919,-119.61727905
3,2015-10-09 12:52:00,"Mountain View, CA",37.3900795,-122.08139038
4,2015-10-07 09:41:00,"Palo Alto, CA",37.44510269,-122.16036224
5,2015-09-30 07:57:00,"Palo Alto, CA",37.44510269,-122.16036224
6,2015-09-18 20:15:00,"California, USA",37.25466919,-119.61727905
7,2015-09-18 12:58:00,"Queens, NY",40.75977707,-73.81729889
8,2015-09-12 18:39:00,"Brooklyn, NY",40.69252777,-73.99099731
9,2015-09-07 17:56:00,"Queens, NY",40.75977707,-73.81729889
10,2015-09-07 11:08:00,"San Diego, CA",32.71575928,-117.16381836
11,2015-09-05 10:46:00,"San Diego, CA",32.71575928,-117.16381836
12,2015-09-05 03:51:00,"Queens, NY",40.75977707,-73.81729889
13,2015-08-26 16:31:00,"Manhattan, NY",40.75325012,-74.00380707
14,2015-08-22 14:13:00,"Manhattan, NY",40.75325012,-74.00380707
15,2015-08-20 17:12:00,"Manhattan, NY",40.75325012,-74.00380707
16,2015-08-19 11:54:00,"Harrison, NY",40.96888351,-73.71277618
17,2015-08-16 16:36:00,"Queens, NY",40.75977707,-73.81729889
18,2015-08-16 09:08:00,"California, USA",37.25466919,-119.61727905
19,2015-08-13 08:27:00,"San Francisco, CA",37.78007889,-122.42015839
20,2015-08-10 08:03:00,"San Francisco, CA",37.78007889,-122.42015839
21,2015-08-08 11:18:00,"California, USA",37.25466919,-119.61727905
22,2015-08-08 03:19:00,"Queens, NY",40.75977707,-73.81729889
23,2015-08-07 13:39:00,"Manhattan, NY",40.75325012,-74.00380707
24,2015-07-27 02:29:00,"Camberwell, London",51.47415924,-0.093181
25,2015-07-27 00:09:00,"Hillingdon, London",51.52663803,-0.44237199
26,2015-07-26 14:43:00,"Queens, NY",40.75977707,-73.81729889
27,2015-07-22 15:20:00,"Manhattan, NY",40.75325012,-74.00380707
28,2015-07-15 11:34:00,"Rancho Palos Verdes, CA",33.74515915,-118.40239716
29,2015-07-15 10:04:00,"Los Angeles, CA",34.05223846,-118.24334717
30,2015-07-15 02:55:00,"Queens, NY",40.75977707,-73.81729889
31,2015-07-11 16:18:00,"Manhattan, NY",40.75325012,-74.00380707
32,2015-07-09 15:19:00,"Harrison, NY",40.96888351,-73.71277618
33,2015-07-03 14:28:00,"Bayville, NY",40.90643311,-73.56254578
34,2015-06-26 06:59:00,"Manhattan, NY",40.75325012,-74.00380707
35,2015-06-19 07:32:00,"Manhattan, NY",40.75325012,-74.00380707
36,2015-06-17 14:45:00,"Harrison, NY",40.96888351,-73.71277618
37,2015-06-07 17:35:00,"Queens, NY",40.75977707,-73.81729889
38,2015-05-29 06:31:00,"Manhattan, NY",40.75325012,-74.00380707
39,2015-05-28 06:51:00,"Manhattan, NY",40.75325012,-74.00380707
40,2015-05-17 17:43:00,"Queens, NY",40.75977707,-73.81729889
41,2015-05-07 04:09:00,"Central Region, Singapore",1.30056,103.82167053
42,2015-05-05 18:08:00,"Central Region, Singapore",1.30056,103.82167053
43,2015-05-01 20:59:00,"East Region, Singapore",1.34959197,103.95678711
44,2015-04-30 20:39:00,"Queens, NY",40.75977707,-73.81729889
45,2015-04-29 13:34:00,"Harrison, NY",40.96888351,-73.71277618
46,2015-04-29 11:49:00,"Harrison, NY",40.96888351,-73.71277618
47,2015-04-26 13:34:00,"Manhattan, NY",40.75325012,-74.00380707
48,2015-04-22 16:57:00,"Manhattan, NY",40.75325012,-74.00380707
49,2015-04-22 10:43:00,"Harrison, NY",40.96888351,-73.71277618
50,2015-04-22 03:38:00,"Manhattan, NY",40.75325012,-74.00380707
51,2015-04-22 03:36:00,"Manhattan, NY",40.75325012,-74.00380707
52,2015-04-10 16:21:00,"Queens, NY",40.75977707,-73.81729889
53,2015-04-06 16:49:00,"Miami, FL",25.77508354,-80.19470215
54,2015-04-06 10:29:00,"Miami, FL",25.77508354,-80.19470215
55,2015-03-30 07:03:00,"O'Fallon, MO",38.80864334,-90.6999588
56,2015-03-29 18:28:00,"Edmundson, MO",38.73398972,-90.36483765
57,2015-03-27 04:43:00,"Manhattan, NY",40.75325012,-74.00380707
58,2015-03-04 03:09:00,"Central Region, Singapore",1.30056,103.82167053
59,2015-02-28 22:11:00,"Islands District, Hong Kong",22.26114082,113.94608307
60,2015-02-20 12:02:00,"Queens, NY",40.75977707,-73.81729889
61,2015-02-20 11:12:00,"Queens, NY",40.75977707,-73.81729889
62,2015-02-19 01:56:00,"Moscow, Russia",55.75654221,37.61492157
63,2015-02-18 22:14:00,"Moscow, Russia",55.75654221,37.61492157
64,2015-02-18 06:51:00,"Moscow, Russia",55.75654221,37.61492157
65,2015-02-12 22:25:00,"Moscow, Russia",55.75654221,37.61492157
66,2015-02-12 11:30:00,"Queens, NY",40.75977707,-73.81729889
67,2015-02-03 06:22:00,"Manhattan, NY",40.75325012,-74.00380707
68,2015-02-01 19:12:00,"Manhattan, NY",40.75325012,-74.00380707
69,2015-02-01 18:30:00,"Manhattan, NY",40.75325012,-74.00380707
70,2015-02-01 17:17:00,"Nevada, USA",39.35644913,-116.65539551
71,2015-02-01 18:12:00,"Manhattan, NY",40.75325012,-74.00380707
72,2015-02-01 17:56:00,"Manhattan, NY",40.75325012,-74.00380707
73,2015-02-01 17:26:00,"Manhattan, NY",40.75325012,-74.00380707
74,2015-02-01 17:22:00,"Manhattan, NY",40.75325012,-74.00380707
75,2015-02-01 17:19:00,"Manhattan, NY",40.75325012,-74.00380707
76,2015-02-01 17:15:00,"Manhattan, NY",40.75325012,-74.00380707
77,2015-02-01 17:14:00,"Manhattan, NY",40.75325012,-74.00380707
78,2015-02-01 17:09:00,"Manhattan, NY",40.75325012,-74.00380707
79,2015-02-01 17:04:00,"Manhattan, NY",40.75325012,-74.00380707
80,2015-02-01 17:02:00,"Manhattan, NY",40.75325012,-74.00380707
81,2015-02-01 16:51:00,"Manhattan, NY",40.75325012,-74.00380707
82,2015-02-01 16:50:00,"Manhattan, NY",40.75325012,-74.00380707
83,2015-02-01 16:40:00,"Manhattan, NY",40.75325012,-74.00380707
84,2015-02-01 16:38:00,"Manhattan, NY",40.75325012,-74.00380707
85,2015-02-01 16:36:00,"Manhattan, NY",40.75325012,-74.00380707
86,2015-02-01 16:33:00,"Manhattan, NY",40.75325012,-74.00380707
87,2015-02-01 16:25:00,"Manhattan, NY",40.75325012,-74.00380707
88,2015-02-01 16:21:00,"Manhattan, NY",40.75325012,-74.00380707
89,2015-02-01 16:14:00,"Manhattan, NY",40.75325012,-74.00380707
90,2015-02-01 16:05:00,"Manhattan, NY",40.75325012,-74.00380707
91,2015-02-01 15:59:00,"Manhattan, NY",40.75325012,-74.00380707
92,2015-02-01 15:48:00,"Manhattan, NY",40.75325012,-74.00380707
93,2015-01-26 16:48:00,"Manhattan, NY",40.75325012,-74.00380707
94,2015-01-24 05:24:00,"Manhattan, NY",40.75325012,-74.00380707
95,2015-01-03 08:55:00,"Manhattan, NY",40.75325012,-74.00380707
96,2014-12-25 18:44:00,"Manhattan, NY",40.75325012,-74.00380707
97,2014-12-23 16:26:00,"Manhattan, NY",40.75325012,-74.00380707
98,2014-12-22 04:23:00,"Greenville, NY",41.36994934,-74.61502075
99,2014-12-22 04:01:00,"Manhattan, NY",40.75325012,-74.00380707
100,2014-12-12 10:42:00,"Queens, NY",40.75977707,-73.81729889
101,2014-12-11 11:48:00,"O'Fallon, MO",38.80864334,-90.6999588
102,2014-12-10 11:19:00,"Berkeley, MO",38.75003052,-90.33516693
103,2014-12-10 07:18:00,"Salt Lake City, UT",40.75847626,-111.88814545
104,2014-12-07 15:56:00,"Utah, USA",39.32378006,-111.67822266
105,2014-12-07 14:33:00,"Utah, USA",39.32378006,-111.67822266
106,2014-12-04 15:47:00,"Manhattan, NY",40.75325012,-74.00380707
107,2014-11-25 10:34:00,"Manhattan, NY",40.75325012,-74.00380707
108,2014-11-25 04:50:00,"Manhattan, NY",40.75325012,-74.00380707
109,2014-11-13 13:16:00,"Harrison, NY",40.96888351,-73.71277618
110,2014-11-13 10:54:00,"Harrison, NY",40.96888351,-73.71277618
111,2014-11-05 05:15:00,"Manhattan, NY",40.75325012,-74.00380707
112,2014-10-29 10:51:00,"Massachusetts, USA",42.17235565,-71.60500336
113,2014-10-26 13:11:00,"Brooklyn, NY",40.69252777,-73.99099731
114,2014-10-23 04:08:00,"Manhattan, NY",40.75325012,-74.00380707
115,2014-10-12 11:06:00,"Manhattan, NY",40.75325012,-74.00380707
116,2014-10-10 19:23:00,"Manhattan, NY",40.75325012,-74.00380707
117,2014-10-09 12:52:00,"Manhattan, NY",40.75325012,-74.00380707
118,2014-10-09 09:09:00,"Manhattan, NY",40.75325012,-74.00380707
119,2014-10-09 07:03:00,"Manhattan, NY",40.75325012,-74.00380707
120,2014-10-09 05:51:00,"Manhattan, NY",40.75325012,-74.00380707
121,2014-10-08 14:50:00,"Manhattan, NY",40.75325012,-74.00380707
122,2014-09-29 05:05:00,"Harrison, NY",40.96888351,-73.71277618
123,2014-09-27 07:33:00,"College Park, GA",33.65339279,-84.44950104
124,2014-09-26 10:44:00,"College Park, GA",33.65339279,-84.44950104
125,2014-09-26 08:26:00,"Queens, NY",40.75977707,-73.81729889
126,2014-09-26 04:10:00,"Queens, NY",40.75977707,-73.81729889
127,2014-09-20 15:22:00,"Clinton, Manhattan",40.75325012,-74.00380707
128,2014-09-18 04:43:00,"Harrison, NY",40.96888351,-73.71277618
129,2014-09-17 08:27:00,"Manhattan, NY",40.75325012,-74.00380707
130,2014-09-17 03:41:00,"Norwalk, CT",41.11804962,-73.41290283
131,2014-09-15 13:04:00,"Manhattan, NY",40.75325012,-74.00380707
132,2014-09-09 14:40:00,"Harrison, NY",40.96888351,-73.71277618
133,2014-09-09 13:18:00,"Harrison, NY",40.96888351,-73.71277618
134,2014-09-04 14:23:00,"Bronx, NY",40.8261528,-73.9202652
135,2014-08-26 17:51:00,"Manhattan, NY",40.75325012,-74.00380707
136,2014-08-21 17:01:00,"Manhattan, NY",40.75325012,-74.00380707
137,2014-08-20 18:24:00,"Manhattan, NY",40.75325012,-74.00380707
138,2014-08-19 15:49:00,"Manhattan, NY",40.75325012,-74.00380707
139,2014-08-18 05:35:00,"Harrison, NY",40.96888351,-73.71277618
140,2014-08-13 16:26:00,"Upper West Side, Manhattan",40.78846359,-73.98106384
141,2014-08-05 06:02:00,"New York, USA",40.71304703,-74.00723267
142,2014-08-02 12:48:00,"Huntington, NY",40.87120819,-73.42630005
143,2014-08-01 16:35:00,"New York, NY",40.71304703,-74.00723267
144,2014-07-29 16:26:00,"New York, NY",40.71304703,-74.00723267
145,2014-07-12 17:41:00,"New York, NY",40.71304703,-74.00723267
146,2014-07-10 08:52:00,"New York, NY",40.71304703,-74.00723267
147,2014-07-09 04:33:00,"White Plains, NY",41.03272629,-73.7663269
148,2014-07-08 07:17:00,"New York, USA",40.71304703,-74.00723267
149,2014-07-04 11:46:00,"Connecticut, USA",41.57515335,-72.73828125
150,2014-06-28 09:48:00,"New York, NY",40.71304703,-74.00723267
151,2014-06-27 08:34:00,"New York, NY",40.71304703,-74.00723267
152,2014-06-26 15:23:00,"New York, NY",40.71304703,-74.00723267
153,2014-06-26 15:07:00,"New York, NY",40.71304703,-74.00723267
154,2014-06-25 09:42:00,"Harrison, NY",40.96888351,-73.71277618
155,2014-06-25 09:39:00,"Harrison, NY",40.96888351,-73.71277618
156,2014-06-25 09:35:00,"Harrison, NY",40.96888351,-73.71277618
157,2014-06-25 09:27:00,"Harrison, NY",40.96888351,-73.71277618
158,2014-06-25 09:20:00,"New York, USA",40.71304703,-74.00723267
159,2014-06-21 18:18:00,"New York, NY",40.71304703,-74.00723267
160,2014-06-21 10:24:00,"New York, NY",40.71304703,-74.00723267
161,2014-06-17 17:17:00,"New York, NY",40.71304703,-74.00723267
162,2014-06-16 05:44:00,"New York, USA",40.71304703,-74.00723267
163,2014-06-14 08:40:00,"New York, NY",40.71304703,-74.00723267
164,2014-06-12 14:14:00,"New York, NY",40.71304703,-74.00723267
165,2014-06-07 15:09:00,"New York, NY",40.71304703,-74.00723267
166,2014-06-02 13:55:00,"New York, NY",40.71304703,-74.00723267
167,2014-05-31 03:07:00,"Central Region, Singapore",1.30056,103.82167053
168,2014-05-28 20:01:00,"Central Region, Singapore",1.30056,103.82167053
169,2014-05-26 00:16:00,"Central Region, Singapore",1.30056,103.82167053
170,2014-05-24 22:47:00,"Central Region, Singapore",1.30056,103.82167053
171,2014-05-23 20:52:00,"Central Region, Singapore",1.30056,103.82167053
172,2014-05-23 05:10:00,"Central Region, Singapore",1.30056,103.82167053
173,2014-05-22 11:59:00,"East Region, Singapore",1.34959197,103.95678711
174,2014-05-22 02:51:00,"Narita-shi, Chiba",35.77666855,140.31832886
175,2014-05-21 19:42:00,"Shibuya, Tokyo",35.66230011,139.70652771
176,2014-05-21 05:31:00,"Ota, Tokyo",35.57629776,139.7230072
177,2014-05-21 03:16:00,"Miyazaki-shi, Miyazaki-ken",31.91699982,131.41700745
178,2014-05-19 07:09:00,"Miyazaki-shi, Miyazaki-ken",31.91699982,131.41700745
179,2014-05-19 05:10:00,"Miyazaki-shi, Miyazaki-ken",31.91699982,131.41700745
180,2014-05-19 01:48:00,"Ota, Tokyo",35.57629776,139.7230072
181,2014-05-18 03:41:00,"Chiyoda Ward, Tokyo",35.69400406,139.75360107
182,2014-05-18 00:23:00,"Minato, Tokyo",35.65805817,139.75138855
183,2014-05-17 23:21:00,"Minato, Tokyo",35.65805817,139.75138855
184,2014-05-16 21:31:00,"Minato, Tokyo",35.65805817,139.75138855
185,2014-05-16 21:27:00,"Chiyoda Ward, Tokyo",35.69400406,139.75360107
186,2014-05-16 20:51:00,"Minato, Tokyo",35.65805817,139.75138855
187,2014-05-16 20:12:00,"Chiyoda Ward, Tokyo",35.69400406,139.75360107
188,2014-05-16 07:30:00,"Minato, Tokyo",35.65805817,139.75138855
189,2014-05-16 06:25:00,"Narita-shi, Chiba",35.77666855,140.31832886
190,2014-05-15 14:48:00,"New York, NY",40.71304703,-74.00723267
191,2014-05-15 11:47:00,"New York, NY",40.71304703,-74.00723267
192,2014-05-05 06:18:00,"New York, NY",40.71304703,-74.00723267
193,2014-05-01 18:16:00,"New York, NY",40.71304703,-74.00723267
194,2014-04-22 08:38:00,"New York, USA",40.71304703,-74.00723267
195,2014-04-19 09:12:00,"New York, NY",40.71304703,-74.00723267
196,2014-04-19 07:14:00,"New York, NY",40.71304703,-74.00723267
197,2014-04-17 09:46:00,"New York, NY",40.71304703,-74.00723267
198,2014-04-12 07:33:00,"New York, NY",40.71304703,-74.00723267
199,2014-04-07 16:54:00,"New York, NY",40.71304703,-74.00723267
200,2014-04-07 15:37:00,"New York, NY",40.71304703,-74.00723267
201,2014-04-06 13:14:00,"New York, NY",40.71304703,-74.00723267
202,2014-04-05 18:21:00,"New York, NY",40.71304703,-74.00723267
203,2014-04-04 14:40:00,"New York, NY",40.71304703,-74.00723267
204,2014-04-04 14:39:00,"New York, NY",40.71304703,-74.00723267
205,2014-04-04 14:39:00,"New York, NY",40.71304703,-74.00723267
206,2014-04-04 04:49:00,"Harrison, NY",40.96888351,-73.71277618
207,2014-04-04 04:47:00,"Harrison, NY",40.96888351,-73.71277618
208,2014-04-04 04:43:00,"Harrison, NY",40.96888351,-73.71277618
209,2014-04-03 17:57:00,"New York, NY",40.71304703,-74.00723267
210,2014-04-03 15:21:00,"College Park, GA",33.65339279,-84.44950104
211,2014-04-03 08:04:00,"Atlanta, GA",33.7485466,-84.39150238
212,2014-04-03 07:35:00,"College Park, GA",33.65339279,-84.44950104
213,2014-04-03 03:12:00,"New York, NY",40.71304703,-74.00723267
214,2014-03-31 04:30:00,"White Plains, NY",41.03272629,-73.7663269
215,2014-03-29 07:34:00,"New York, NY",40.71304703,-74.00723267
216,2014-03-28 17:43:00,"New York, NY",40.71304703,-74.00723267
217,2014-03-27 15:37:00,"New York, NY",40.71304703,-74.00723267
218,2014-03-22 19:45:00,"Manhattan, NY",40.75325012,-74.00380707
219,2014-03-19 04:36:00,"Harrison, NY",40.96888351,-73.71277618
220,2014-03-09 17:54:00,"Austin, TX",30.26497841,-97.74659729
221,2014-03-08 22:57:00,"Austin, TX",30.26497841,-97.74659729
222,2014-03-08 20:35:00,"Austin, TX",30.26497841,-97.74659729
223,2014-03-08 16:23:00,"Austin, TX",30.26497841,-97.74659729
224,2014-03-07 18:04:00,"Austin, TX",30.26497841,-97.74659729
225,2014-03-07 14:18:00,"Austin, TX",30.26497841,-97.74659729
226,2014-03-07 12:39:00,"Austin, TX",30.26497841,-97.74659729
227,2014-03-07 08:47:00,"College Park, GA",33.65339279,-84.44950104
228,2014-03-07 05:13:00,"Queens, NY",40.75977707,-73.81729889
229,2014-02-18 04:58:00,"Harrison, NY",40.96888351,-73.71277618
230,2014-02-11 14:23:00,"Manhattan, NY",40.75325012,-74.00380707
231,2014-02-08 20:02:00,"Manhattan, NY",40.75325012,-74.00380707
232,2014-02-07 07:54:00,"Harrison, NY",40.96888351,-73.71277618
233,2014-02-02 15:24:00,"Manhattan, NY",40.75325012,-74.00380707
234,2014-01-26 18:31:00,"Aboite, IN",41.04709625,-85.28328705
235,2014-01-26 17:08:00,"Manhattan, NY",40.75325012,-74.00380707
236,2014-01-26 15:14:00,"Manhattan, NY",40.75325012,-74.00380707
237,2014-01-25 16:21:00,"Manhattan, NY",40.75325012,-74.00380707
238,2014-01-22 11:19:00,"Queens, NY",40.75977707,-73.81729889
239,2014-01-22 00:29:00,"Zaventem, België",50.88768768,4.47012615
240,2014-01-21 12:36:00,"Waterloo, Belgique",50.71728897,4.39676809
241,2014-01-21 10:06:00,"Brussels, Belgium",50.83611679,4.3706069
242,2014-01-21 04:45:00,"Waterloo, Belgique",50.71728897,4.39676809
243,2014-01-20 07:02:00,"Waterloo, Belgique",50.71728897,4.39676809
244,2014-01-20 00:53:00,"Waterloo, Belgique",50.71728897,4.39676809
