,time,poi,latitude,longitude
0,2015-10-27 17:36:00,"Somerville, MA",42.38912201,-71.09714508
1,2015-10-27 14:06:00,"Somerville, MA",42.38912201,-71.09714508
2,2015-10-27 12:21:00,"Somerville, MA",42.38912201,-71.09714508
3,2015-10-26 14:02:00,"Arlington, MA",42.41624832,-71.15666962
4,2015-10-25 21:18:00,"Cambridge, MA",42.36524963,-71.10501862
5,2015-10-24 10:10:00,"Somerville, MA",42.38912201,-71.09714508
6,2015-10-23 12:00:00,"Somerville, MA",42.38912201,-71.09714508
7,2015-10-22 15:30:00,"Somerville, MA",42.38912201,-71.09714508
8,2015-10-21 18:42:00,"Somerville, MA",42.38912201,-71.09714508
9,2015-10-19 20:40:00,"Somerville, MA",42.38912201,-71.09714508
10,2015-10-19 20:33:00,"Somerville, MA",42.38912201,-71.09714508
11,2015-10-19 20:13:00,"Somerville, MA",42.38912201,-71.09714508
12,2015-10-19 11:35:00,"Cambridge, MA",42.36524963,-71.10501862
13,2015-10-19 10:02:00,"Somerville, MA",42.38912201,-71.09714508
14,2015-10-19 09:59:00,"Somerville, MA",42.38912201,-71.09714508
15,2015-10-19 09:54:00,"Somerville, MA",42.38912201,-71.09714508
16,2015-10-19 09:52:00,"Somerville, MA",42.38912201,-71.09714508
17,2015-10-19 00:44:00,"Somerville, MA",42.38912201,-71.09714508
18,2015-10-17 17:09:00,"Somerville, MA",42.38912201,-71.09714508
19,2015-10-13 19:54:00,"Somerville, MA",42.38912201,-71.09714508
20,2015-10-13 19:45:00,"Somerville, MA",42.38912201,-71.09714508
21,2015-10-13 10:34:00,"Somerville, MA",42.38912201,-71.09714508
22,2015-10-12 20:49:00,"Somerville, MA",42.38912201,-71.09714508
23,2015-10-12 20:39:00,"Somerville, MA",42.38912201,-71.09714508
24,2015-10-11 18:41:00,"Somerville, MA",42.38912201,-71.09714508
25,2015-10-11 09:33:00,"Medford, MA",42.41855621,-71.10645294
26,2015-10-09 16:10:00,"Arlington, MA",42.41624832,-71.15666962
27,2015-10-08 21:32:00,"Somerville, MA",42.38912201,-71.09714508
28,2015-10-07 23:29:00,"Somerville, MA",42.38912201,-71.09714508
29,2015-10-07 22:41:00,"Somerville, MA",42.38912201,-71.09714508
30,2015-10-06 12:02:00,"Somerville, MA",42.38912201,-71.09714508
31,2015-10-06 10:07:00,"Cambridge, MA",42.36524963,-71.10501862
32,2015-10-05 22:27:00,"Somerville, MA",42.38912201,-71.09714508
33,2015-10-05 16:58:00,"Somerville, MA",42.38912201,-71.09714508
34,2015-10-05 00:51:00,"Somerville, MA",42.38912201,-71.09714508
35,2015-10-04 14:50:00,"Somerville, MA",42.38912201,-71.09714508
36,2015-10-03 17:34:00,"Arlington, MA",42.41624832,-71.15666962
37,2015-10-03 17:22:00,"Arlington, MA",42.41624832,-71.15666962
38,2015-10-02 20:01:00,"Somerville, MA",42.38912201,-71.09714508
39,2015-10-02 11:05:00,"Manhattan, NY",40.75325012,-74.00380707
40,2015-10-01 13:59:00,"Manhattan, NY",40.75325012,-74.00380707
41,2015-09-30 18:50:00,"Cambridge, MA",42.36524963,-71.10501862
42,2015-09-30 16:19:00,"Boston, MA",42.35899353,-71.0586319
43,2015-09-30 15:43:00,"Boston, MA",42.35899353,-71.0586319
44,2015-09-30 15:38:00,"Boston, MA",42.35899353,-71.0586319
45,2015-09-29 12:09:00,"Cambridge, MA",42.36524963,-71.10501862
46,2015-09-29 10:34:00,"Somerville, MA",42.38912201,-71.09714508
47,2015-09-28 18:50:00,"Somerville, MA",42.38912201,-71.09714508
48,2015-09-28 14:12:00,"Somerville, MA",42.38912201,-71.09714508
49,2015-09-28 14:07:00,"Somerville, MA",42.38912201,-71.09714508
50,2015-09-22 12:33:00,"Cambridge, MA",42.36524963,-71.10501862
51,2015-09-21 21:08:00,"Somerville, MA",42.38912201,-71.09714508
52,2015-09-21 21:06:00,"Somerville, MA",42.38912201,-71.09714508
53,2015-09-20 15:55:00,"Somerville, MA",42.38912201,-71.09714508
54,2015-09-20 14:28:00,"Somerville, MA",42.38912201,-71.09714508
55,2015-09-17 21:52:00,"Somerville, MA",42.38912201,-71.09714508
56,2015-09-17 21:52:00,"Somerville, MA",42.38912201,-71.09714508
57,2015-09-16 10:18:00,"Somerville, MA",42.38912201,-71.09714508
58,2015-09-14 22:58:00,"Somerville, MA",42.38912201,-71.09714508
59,2015-09-13 17:49:00,"Somerville, MA",42.38912201,-71.09714508
60,2015-09-13 16:08:00,"Somerville, MA",42.38912201,-71.09714508
61,2015-09-12 18:54:00,The Brahmin American Cuisine and Cocktails,40.78628159,-84.20183563
62,2015-09-12 17:38:00,"Somerville, MA",42.38912201,-71.09714508
63,2015-09-11 20:27:00,"Somerville, MA",42.38912201,-71.09714508
64,2015-09-10 19:18:00,"Somerville, MA",42.38912201,-71.09714508
65,2015-09-10 15:41:00,"Somerville, MA",42.38912201,-71.09714508
66,2015-09-10 15:41:00,"Somerville, MA",42.38912201,-71.09714508
67,2015-09-10 12:48:00,"Somerville, MA",42.38912201,-71.09714508
68,2015-09-09 20:07:00,"Somerville, MA",42.38912201,-71.09714508
69,2015-09-09 11:30:00,"Somerville, MA",42.38912201,-71.09714508
70,2015-09-09 10:55:00,"Somerville, MA",42.38912201,-71.09714508
71,2015-09-08 19:50:00,"Portland, OR",45.51601791,-122.681427
72,2015-09-08 18:08:00,"Somerville, MA",42.38912201,-71.09714508
73,2015-09-08 16:59:00,"Somerville, MA",42.38912201,-71.09714508
74,2015-09-08 14:31:00,"Medford, MA",42.41855621,-71.10645294
75,2015-09-08 10:44:00,"Somerville, MA",42.38912201,-71.09714508
76,2015-09-07 21:37:00,"Somerville, MA",42.38912201,-71.09714508
77,2015-09-07 21:17:00,"Atherton, CA",37.46131897,-122.19843292
78,2015-09-06 18:56:00,"Somerville, MA",42.38912201,-71.09714508
79,2015-09-06 10:57:00,"Somerville, MA",42.38912201,-71.09714508
80,2015-09-05 13:33:00,"Somerville, MA",42.38912201,-71.09714508
81,2015-09-04 12:24:00,"Somerville, MA",42.38912201,-71.09714508
82,2015-09-03 21:41:00,"Somerville, MA",42.38912201,-71.09714508
83,2015-09-02 20:31:00,"Massachusetts, USA",42.17235565,-71.60500336
84,2015-09-02 14:30:00,"California, USA",37.25466919,-119.61727905
85,2015-09-02 00:25:00,"Los Angeles, CA",34.05223846,-118.24334717
86,2015-09-01 23:45:00,"Palo Alto, CA",37.44510269,-122.16036224
87,2015-09-01 20:14:00,"Palo Alto, CA",37.44510269,-122.16036224
88,2015-09-01 12:15:00,"Menlo Park, CA",37.45322037,-122.18321991
89,2015-08-31 19:50:00,"Palo Alto, CA",37.44510269,-122.16036224
90,2015-08-31 18:30:00,"Palo Alto, CA",37.44510269,-122.16036224
91,2015-08-31 18:11:00,"Palo Alto, CA",37.44510269,-122.16036224
92,2015-08-31 17:59:00,"Palo Alto, CA",37.44510269,-122.16036224
93,2015-08-30 22:48:00,"Palo Alto, CA",37.44510269,-122.16036224
94,2015-08-30 22:36:00,"Palo Alto, CA",37.44510269,-122.16036224
95,2015-08-29 21:42:00,"San Francisco, CA",37.78007889,-122.42015839
96,2015-08-28 20:18:00,"Menlo Park, CA",37.45322037,-122.18321991
97,2015-08-28 19:16:00,"Menlo Park, CA",37.45322037,-122.18321991
98,2015-08-28 16:55:00,"Palo Alto, CA",37.44510269,-122.16036224
99,2015-08-27 23:41:00,"Palo Alto, CA",37.44510269,-122.16036224
100,2015-08-27 18:43:00,"Palo Alto, CA",37.44510269,-122.16036224
101,2015-08-27 10:48:00,"Palo Alto, CA",37.44510269,-122.16036224
102,2015-08-27 10:05:00,"Palo Alto, CA",37.44510269,-122.16036224
103,2015-08-26 13:54:00,"Palo Alto, CA",37.44510269,-122.16036224
104,2015-08-25 13:46:00,"Palo Alto, CA",37.44510269,-122.16036224
105,2015-08-25 10:09:00,"Palo Alto, CA",37.44510269,-122.16036224
106,2015-08-23 22:43:00,"Castroville, CA",36.76596451,-121.7583847
107,2015-08-23 14:08:00,"Culver City, CA",34.02249908,-118.39428711
108,2015-08-22 15:01:00,"Manhattan, NY",40.75325012,-74.00380707
109,2015-08-21 10:21:00,"Atherton, CA",37.46131897,-122.19843292
110,2015-08-21 10:19:00,"Los Altos, CA",37.38500214,-122.10668945
111,2015-08-21 10:18:00,"Los Altos, CA",37.38500214,-122.10668945
112,2015-08-21 07:53:00,"Pacific Heights, San Francisco",37.79335022,-122.43474579
113,2015-08-20 00:00:00,"San Francisco, CA",37.78007889,-122.42015839
114,2015-08-19 21:43:00,"San Francisco, CA",37.78007889,-122.42015839
115,2015-08-18 17:22:00,"Palo Alto, CA",37.44510269,-122.16036224
116,2015-08-18 13:21:00,"Midtown South, Manhattan",40.75325012,-74.00380707
117,2015-08-15 18:25:00,"Hayes Valley, San Francisco",37.77273941,-122.42552185
118,2015-08-14 23:34:00,"Atherton, CA",37.46131897,-122.19843292
119,2015-08-14 14:15:00,"Palo Alto, CA",37.44510269,-122.16036224
120,2015-08-13 17:08:00,"Palo Alto, CA",37.44510269,-122.16036224
121,2015-08-13 16:50:00,"Sunnyvale, CA",37.3736763,-122.03657532
122,2015-08-13 16:48:00,"Sunnyvale, CA",37.3736763,-122.03657532
123,2015-08-12 19:20:00,"Palo Alto, CA",37.44510269,-122.16036224
124,2015-08-11 17:00:00,"Palo Alto, CA",37.44510269,-122.16036224
125,2015-08-10 20:16:00,"Palo Alto, CA",37.44510269,-122.16036224
126,2015-08-10 19:42:00,"Sunnyvale, CA",37.3736763,-122.03657532
127,2015-08-10 18:51:00,"Palo Alto, CA",37.44510269,-122.16036224
128,2015-08-10 14:41:00,"Palo Alto, CA",37.44510269,-122.16036224
129,2015-08-09 21:37:00,"Palo Alto, CA",37.44510269,-122.16036224
130,2015-08-09 00:37:00,"Mountain View, CA",37.3900795,-122.08139038
131,2015-08-08 21:54:00,"Palo Alto, CA",37.44510269,-122.16036224
132,2015-08-08 20:02:00,"Palo Alto, CA",37.44510269,-122.16036224
133,2015-08-08 20:02:00,"Palo Alto, CA",37.44510269,-122.16036224
134,2015-08-08 18:26:00,"Palo Alto, CA",37.44510269,-122.16036224
135,2015-08-08 18:23:00,"Palo Alto, CA",37.44510269,-122.16036224
136,2015-08-08 15:31:00,"California, USA",37.25466919,-119.61727905
137,2015-08-07 14:36:00,"Palo Alto, CA",37.44510269,-122.16036224
138,2015-08-07 12:43:00,"Palo Alto, CA",37.44510269,-122.16036224
139,2015-08-06 21:17:00,"Sunnyvale, CA",37.3736763,-122.03657532
140,2015-08-06 19:44:00,"Palo Alto, CA",37.44510269,-122.16036224
141,2015-08-05 19:53:00,"Palo Alto, CA",37.44510269,-122.16036224
142,2015-08-05 05:09:00,"Palo Alto, CA",37.44510269,-122.16036224
143,2015-08-05 02:15:00,"Palo Alto, CA",37.44510269,-122.16036224
144,2015-08-04 20:44:00,"Oakland, CA",37.80482864,-122.2724762
145,2015-08-04 15:52:00,"Palo Alto, CA",37.44510269,-122.16036224
146,2015-08-04 14:31:00,"Palo Alto, CA",37.44510269,-122.16036224
147,2015-08-04 12:15:00,"Palo Alto, CA",37.44510269,-122.16036224
148,2015-08-04 01:17:00,"Palo Alto, CA",37.44510269,-122.16036224
149,2015-08-04 01:01:00,"Palo Alto, CA",37.44510269,-122.16036224
150,2015-08-03 16:00:00,"Palo Alto, CA",37.44510269,-122.16036224
151,2015-08-03 14:31:00,"Palo Alto, CA",37.44510269,-122.16036224
152,2015-08-02 18:53:00,"Palo Alto, CA",37.44510269,-122.16036224
153,2015-08-01 20:11:00,"San Francisco, CA",37.78007889,-122.42015839
154,2015-08-01 13:05:00,"California, USA",37.25466919,-119.61727905
155,2015-08-01 12:49:00,"Amagansett, NY",40.97405243,-72.13436127
156,2015-07-31 19:25:00,"Menlo Park, CA",37.45322037,-122.18321991
157,2015-07-31 19:25:00,"Menlo Park, CA",37.45322037,-122.18321991
158,2015-07-31 19:24:00,"Menlo Park, CA",37.45322037,-122.18321991
159,2015-07-31 19:14:00,"Menlo Park, CA",37.45322037,-122.18321991
160,2015-07-31 17:52:00,"Menlo Park, CA",37.45322037,-122.18321991
161,2015-07-31 17:11:00,"Atherton, CA",37.46131897,-122.19843292
162,2015-07-31 12:44:00,"Palo Alto, CA",37.44510269,-122.16036224
163,2015-07-30 23:40:00,"Sunnyvale, CA",37.3736763,-122.03657532
164,2015-07-30 23:03:00,"Sunnyvale, CA",37.3736763,-122.03657532
165,2015-07-29 21:15:00,"Palo Alto, CA",37.44510269,-122.16036224
166,2015-07-29 18:44:00,"SoMa, San Francisco",37.77597046,-122.39800262
167,2015-07-29 10:11:00,"Palo Alto, CA",37.44510269,-122.16036224
168,2015-07-28 14:18:00,"Palo Alto, CA",37.44510269,-122.16036224
169,2015-07-28 02:31:00,"Palo Alto, CA",37.44510269,-122.16036224
170,2015-07-28 01:56:00,"Palo Alto, CA",37.44510269,-122.16036224
171,2015-07-27 18:06:00,"Sunnyvale, CA",37.3736763,-122.03657532
172,2015-07-25 21:07:00,"Palo Alto, CA",37.44510269,-122.16036224
173,2015-04-11 02:16:00,"Hackney, London",51.54578781,-0.055418
174,2015-07-25 13:29:00,"Los Gatos, CA",37.22134018,-121.97963715
175,2015-07-24 22:40:00,"Palo Alto, CA",37.44510269,-122.16036224
176,2015-07-24 18:27:00,"Palo Alto, CA",37.44510269,-122.16036224
177,2015-07-24 15:28:00,"Palo Alto, CA",37.44510269,-122.16036224
178,2015-07-23 22:16:00,"Palo Alto, CA",37.44510269,-122.16036224
179,2015-07-23 01:40:00,"Palo Alto, CA",37.44510269,-122.16036224
180,2015-07-22 19:04:00,"Sunnyvale, CA",37.3736763,-122.03657532
181,2015-07-22 16:23:00,"Manhattan, NY",40.75325012,-74.00380707
182,2015-07-22 16:21:00,"Sunnyvale, CA",37.3736763,-122.03657532
183,2015-07-22 12:59:00,"Palo Alto, CA",37.44510269,-122.16036224
184,2015-07-22 12:13:00,"Palo Alto, CA",37.44510269,-122.16036224
185,2015-07-22 00:32:00,"Palo Alto, CA",37.44510269,-122.16036224
186,2015-07-19 17:12:00,"Palo Alto, CA",37.44510269,-122.16036224
187,2015-07-19 00:25:00,"Palo Alto, CA",37.44510269,-122.16036224
188,2015-07-18 23:56:00,"San Francisco, CA",37.78007889,-122.42015839
189,2015-07-18 23:42:00,"Palo Alto, CA",37.44510269,-122.16036224
190,2015-07-18 22:26:00,"Palo Alto, CA",37.44510269,-122.16036224
191,2015-07-18 14:25:00,"Palo Alto, CA",37.44510269,-122.16036224
192,2015-07-17 23:27:00,"Palo Alto, CA",37.44510269,-122.16036224
193,2015-07-17 23:20:00,"Palo Alto, CA",37.44510269,-122.16036224
194,2015-07-16 16:58:00,"San Jose, CA",37.33479309,-121.88814545
195,2015-07-16 01:03:00,"Palo Alto, CA",37.44510269,-122.16036224
196,2015-07-16 00:59:00,"Palo Alto, CA",37.44510269,-122.16036224
197,2015-07-16 00:56:00,"Palo Alto, CA",37.44510269,-122.16036224
198,2015-07-14 16:28:00,"Palo Alto, CA",37.44510269,-122.16036224
199,2015-07-14 16:23:00,"Palo Alto, CA",37.44510269,-122.16036224
200,2015-07-13 23:11:00,"Palo Alto, CA",37.44510269,-122.16036224
201,2015-07-13 09:44:00,"San Francisco, CA",37.78007889,-122.42015839
202,2015-07-13 01:14:00,"Palo Alto, CA",37.44510269,-122.16036224
203,2015-07-13 01:10:00,"Palo Alto, CA",37.44510269,-122.16036224
204,2015-07-13 01:09:00,"Palo Alto, CA",37.44510269,-122.16036224
205,2015-07-13 01:06:00,"Palo Alto, CA",37.44510269,-122.16036224
206,2015-07-11 21:06:00,"Kent, OH",41.15483475,-81.35638428
207,2015-07-09 01:05:00,"Palo Alto, CA",37.44510269,-122.16036224
208,2015-07-08 13:30:00,"Palo Alto, CA",37.44510269,-122.16036224
209,2015-07-07 21:12:00,"Seattle, WA",47.60322952,-122.33027649
210,2015-07-07 12:01:00,"San Francisco, CA",37.78007889,-122.42015839
211,2015-07-07 11:40:00,"San Francisco, CA",37.78007889,-122.42015839
212,2015-07-07 10:10:00,"San Francisco, CA",37.78007889,-122.42015839
213,2015-07-06 22:03:00,"San Francisco, CA",37.78007889,-122.42015839
214,2015-07-06 19:33:00,"San Francisco, CA",37.78007889,-122.42015839
215,2015-07-06 19:22:00,"San Francisco, CA",37.78007889,-122.42015839
216,2015-07-06 17:57:00,"San Francisco, CA",37.78007889,-122.42015839
217,2015-07-05 13:48:00,"Palo Alto, CA",37.44510269,-122.16036224
218,2015-07-04 22:10:00,"San Francisco, CA",37.78007889,-122.42015839
219,2015-07-04 20:39:00,"San Francisco, CA",37.78007889,-122.42015839
220,2015-07-04 18:16:00,"San Francisco, CA",37.78007889,-122.42015839
221,2015-07-04 13:00:00,"Palo Alto, CA",37.44510269,-122.16036224
222,2015-07-03 01:25:00,"Palo Alto, CA",37.44510269,-122.16036224
223,2015-07-03 00:13:00,"Palo Alto, CA",37.44510269,-122.16036224
224,2015-07-02 22:39:00,"Palo Alto, CA",37.44510269,-122.16036224
225,2015-07-02 20:56:00,"Palo Alto, CA",37.44510269,-122.16036224
226,2015-07-02 19:07:00,"Palo Alto, CA",37.44510269,-122.16036224
227,2015-07-02 18:24:00,"Palo Alto, CA",37.44510269,-122.16036224
228,2015-07-02 18:04:00,"Palo Alto, CA",37.44510269,-122.16036224
229,2015-07-02 13:12:00,"Palo Alto, CA",37.44510269,-122.16036224
230,2015-06-30 17:00:00,"Palo Alto, CA",37.44510269,-122.16036224
231,2015-06-30 14:12:00,"San Francisco, CA",37.78007889,-122.42015839
232,2015-06-30 12:08:00,"San Francisco, CA",37.78007889,-122.42015839
233,2015-06-30 10:42:00,"San Francisco, CA",37.78007889,-122.42015839
234,2015-06-30 09:27:00,"San Francisco, CA",37.78007889,-122.42015839
235,2015-06-30 09:00:00,"San Francisco, CA",37.78007889,-122.42015839
236,2015-06-29 21:42:00,"Palo Alto, CA",37.44510269,-122.16036224
237,2015-06-29 20:37:00,"Palo Alto, CA",37.44510269,-122.16036224
238,2015-06-29 16:23:00,"Palo Alto, CA",37.44510269,-122.16036224
239,2015-06-29 15:04:00,"Palo Alto, CA",37.44510269,-122.16036224
240,2015-06-28 14:11:00,"San Francisco, CA",37.78007889,-122.42015839
241,2015-06-27 21:53:00,"Palo Alto, CA",37.44510269,-122.16036224
242,2015-06-27 21:49:00,"Palo Alto, CA",37.44510269,-122.16036224
243,2015-06-27 21:30:00,"Palo Alto, CA",37.44510269,-122.16036224
244,2015-06-27 20:43:00,"San Francisco, CA",37.78007889,-122.42015839
245,2015-06-27 19:44:00,"Palo Alto, CA",37.44510269,-122.16036224
246,2015-06-27 19:18:00,"Palo Alto, CA",37.44510269,-122.16036224
247,2015-06-27 15:29:00,"Palo Alto, CA",37.44510269,-122.16036224
248,2015-06-27 13:43:00,"Palo Alto, CA",37.44510269,-122.16036224
249,2015-06-26 05:56:00,"South East, England",51.50015259,-0.12623601
250,2015-06-25 19:47:00,"San Francisco, CA",37.78007889,-122.42015839
251,2015-06-25 19:33:00,"San Francisco, CA",37.78007889,-122.42015839
252,2015-06-25 18:58:00,"San Francisco, CA",37.78007889,-122.42015839
253,2015-06-25 09:26:00,"Palo Alto, CA",37.44510269,-122.16036224
254,2015-06-24 20:43:00,"Palo Alto, CA",37.44510269,-122.16036224
255,2015-06-24 19:55:00,"Palo Alto, CA",37.44510269,-122.16036224
256,2015-06-23 20:02:00,"Palo Alto, CA",37.44510269,-122.16036224
257,2015-06-23 18:43:00,"Palo Alto, CA",37.44510269,-122.16036224
258,2015-06-22 14:45:00,"Palo Alto, CA",37.44510269,-122.16036224
259,2015-06-21 22:48:00,"Palo Alto, CA",37.44510269,-122.16036224
260,2015-06-21 17:31:00,"Palo Alto, CA",37.44510269,-122.16036224
261,2015-06-21 14:30:00,"Santa Cruz, CA",36.97414017,-122.02880096
262,2015-06-20 18:32:00,"Palo Alto, CA",37.44510269,-122.16036224
263,2015-06-20 15:55:00,"Four Corners, OR",44.92956543,-122.98332977
264,2015-06-18 21:13:00,"Menlo Park, CA",37.45322037,-122.18321991
265,2015-06-18 21:01:00,"Menlo Park, CA",37.45322037,-122.18321991
266,2015-06-18 19:49:00,"San Bruno, CA",37.62727737,-122.41614532
267,2015-06-18 17:23:00,"San Francisco, CA",37.78007889,-122.42015839
268,2015-06-18 14:59:00,"Palo Alto, CA",37.44510269,-122.16036224
269,2015-06-18 14:15:00,"Palo Alto, CA",37.44510269,-122.16036224
270,2015-06-17 23:47:00,"Palo Alto, CA",37.44510269,-122.16036224
271,2015-06-17 00:08:00,"Palo Alto, CA",37.44510269,-122.16036224
272,2015-06-16 23:59:00,"Palo Alto, CA",37.44510269,-122.16036224
273,2015-06-16 14:24:00,"Paradise, NV",36.11553574,-115.15795135
274,2015-06-16 12:29:00,"Paradise, NV",36.11553574,-115.15795135
275,2015-06-16 11:55:00,"Paradise, NV",36.11553574,-115.15795135
276,2015-06-16 11:55:00,"Paradise, NV",36.11553574,-115.15795135
277,2015-06-15 00:34:00,"Paradise, NV",36.11553574,-115.15795135
278,2015-06-13 21:49:00,"San Francisco, CA",37.78007889,-122.42015839
279,2015-06-13 17:15:00,"San Francisco, CA",37.78007889,-122.42015839
280,2015-06-13 15:35:00,"Palo Alto, CA",37.44510269,-122.16036224
281,2015-06-13 15:14:00,"Palo Alto, CA",37.44510269,-122.16036224
282,2015-06-12 23:15:00,"Palo Alto, CA",37.44510269,-122.16036224
283,2015-06-12 18:14:00,"Palo Alto, CA",37.44510269,-122.16036224
284,2015-06-11 19:39:00,"Mountain View, CA",37.3900795,-122.08139038
285,2015-06-11 17:26:00,"San Francisco, CA",37.78007889,-122.42015839
286,2015-06-11 17:02:00,"San Francisco, CA",37.78007889,-122.42015839
287,2015-06-11 14:04:00,"San Francisco, CA",37.78007889,-122.42015839
288,2015-06-11 13:27:00,"San Francisco, CA",37.78007889,-122.42015839
289,2015-06-10 12:29:00,"Palo Alto, CA",37.44510269,-122.16036224
290,2015-06-09 16:10:00,"Palo Alto, CA",37.44510269,-122.16036224
291,2015-06-08 18:59:00,"Palo Alto, CA",37.44510269,-122.16036224
292,2015-06-08 16:26:00,"Palo Alto, CA",37.44510269,-122.16036224
293,2015-06-08 14:04:00,"Palo Alto, CA",37.44510269,-122.16036224
294,2015-06-08 13:07:00,"Palo Alto, CA",37.44510269,-122.16036224
295,2015-06-08 12:17:00,"Palo Alto, CA",37.44510269,-122.16036224
296,2015-06-08 11:52:00,"Palo Alto, CA",37.44510269,-122.16036224
297,2015-06-08 11:48:00,"Palo Alto, CA",37.44510269,-122.16036224
298,2015-06-08 00:12:00,"San Francisco, CA",37.78007889,-122.42015839
299,2015-06-07 23:37:00,"San Francisco, CA",37.78007889,-122.42015839
300,2015-06-07 21:19:00,"Palo Alto, CA",37.44510269,-122.16036224
301,2015-06-07 21:19:00,"Palo Alto, CA",37.44510269,-122.16036224
302,2015-06-07 20:18:00,"Palo Alto, CA",37.44510269,-122.16036224
303,2015-06-07 20:18:00,"Palo Alto, CA",37.44510269,-122.16036224
304,2015-06-06 17:13:00,"Sausalito, CA",37.85877228,-122.48400879
305,2015-06-05 20:53:00,"Atherton, CA",37.46131897,-122.19843292
306,2015-06-05 18:38:00,"Palo Alto, CA",37.44510269,-122.16036224
307,2015-06-04 10:21:00,"Atherton, CA",37.46131897,-122.19843292
308,2015-06-04 02:57:00,"Palo Alto, CA",37.44510269,-122.16036224
309,2015-06-03 23:03:00,"Palo Alto, CA",37.44510269,-122.16036224
310,2015-06-03 15:50:00,"Palo Alto, CA",37.44510269,-122.16036224
311,2015-06-02 20:00:00,"Palo Alto, CA",37.44510269,-122.16036224
312,2015-06-02 19:50:00,"Palo Alto, CA",37.44510269,-122.16036224
313,2015-06-02 16:46:00,"Palo Alto, CA",37.44510269,-122.16036224
314,2015-06-02 14:58:00,"Palo Alto, CA",37.44510269,-122.16036224
315,2015-06-02 14:58:00,"Palo Alto, CA",37.44510269,-122.16036224
316,2015-06-02 00:19:00,"San Francisco, CA",37.78007889,-122.42015839
317,2015-06-01 23:27:00,"San Francisco, CA",37.78007889,-122.42015839
318,2015-06-01 23:25:00,"San Francisco, CA",37.78007889,-122.42015839
319,2015-06-01 21:57:00,"Palo Alto, CA",37.44510269,-122.16036224
320,2015-06-01 19:56:00,"San Francisco, CA",37.78007889,-122.42015839
321,2015-06-01 18:07:00,"Palo Alto, CA",37.44510269,-122.16036224
322,2015-05-31 20:02:00,"San Francisco, CA",37.78007889,-122.42015839
323,2015-05-31 17:23:00,"Palo Alto, CA",37.44510269,-122.16036224
324,2015-05-31 02:09:00,"Palo Alto, CA",37.44510269,-122.16036224
325,2015-05-30 19:06:00,"Palo Alto, CA",37.44510269,-122.16036224
326,2015-05-30 12:55:00,"Palo Alto, CA",37.44510269,-122.16036224
327,2015-05-29 10:08:00,"San Francisco, CA",37.78007889,-122.42015839
328,2015-05-29 18:36:00,"Palo Alto, CA",37.44510269,-122.16036224
329,2015-05-28 19:37:00,"Mountain View, CA",37.3900795,-122.08139038
330,2015-05-27 19:11:00,"Palo Alto, CA",37.44510269,-122.16036224
331,2015-05-27 16:40:00,"Palo Alto, CA",37.44510269,-122.16036224
332,2015-05-27 15:31:00,"Palo Alto, CA",37.44510269,-122.16036224
333,2015-05-27 00:05:00,"Palo Alto, CA",37.44510269,-122.16036224
334,2015-05-26 17:07:00,"Palo Alto, CA",37.44510269,-122.16036224
335,2015-05-26 16:19:00,"Palo Alto, CA",37.44510269,-122.16036224
336,2015-05-26 11:08:00,"Palo Alto, CA",37.44510269,-122.16036224
337,2015-05-26 10:16:00,"Palo Alto, CA",37.44510269,-122.16036224
338,2015-05-25 22:21:00,"Palo Alto, CA",37.44510269,-122.16036224
339,2015-05-25 16:30:00,"Manhattan Beach, CA",33.88509369,-118.40971375
340,2015-05-24 17:36:00,"Manhattan Beach, CA",33.88509369,-118.40971375
341,2015-05-23 21:57:00,"Manhattan Beach, CA",33.88509369,-118.40971375
342,2015-05-23 20:28:00,"Manhattan Beach, CA",33.88509369,-118.40971375
343,2015-05-22 19:30:00,"Manhattan Beach, CA",33.88509369,-118.40971375
344,2015-05-22 18:10:00,"Manhattan Beach, CA",33.88509369,-118.40971375
345,2015-05-22 18:06:00,"Manhattan Beach, CA",33.88509369,-118.40971375
346,2015-05-21 21:35:00,"Los Angeles, CA",34.05223846,-118.24334717
347,2015-05-21 20:23:00,"San Jose, CA",37.33479309,-121.88814545
348,2015-05-21 19:00:00,Norman Y. Mineta San José International Airport (SJC),37.36321259,-121.92799377
349,2015-05-21 16:38:00,"Palo Alto, CA",37.44510269,-122.16036224
350,2015-05-21 15:57:00,"Palo Alto, CA",37.44510269,-122.16036224
351,2015-05-20 23:31:00,"Palo Alto, CA",37.44510269,-122.16036224
352,2015-05-20 23:27:00,"Palo Alto, CA",37.44510269,-122.16036224
353,2015-05-20 09:06:00,"San Francisco, CA",37.78007889,-122.42015839
354,2015-05-20 21:28:00,"Palo Alto, CA",37.44510269,-122.16036224
355,2015-05-20 15:43:00,"San Francisco, CA",37.78007889,-122.42015839
356,2015-05-19 14:05:00,"Palo Alto, CA",37.44510269,-122.16036224
357,2015-05-19 13:23:00,"Palo Alto, CA",37.44510269,-122.16036224
358,2015-05-19 10:49:00,"California, USA",37.25466919,-119.61727905
359,2015-05-18 21:01:00,"Somerville, MA",42.38912201,-71.09714508
360,2015-05-18 20:51:00,"Somerville, MA",42.38912201,-71.09714508
361,2015-05-18 18:14:00,"Somerville, MA",42.38912201,-71.09714508
362,2015-05-18 17:43:00,"Somerville, MA",42.38912201,-71.09714508
363,2015-05-17 20:44:00,"Somerville, MA",42.38912201,-71.09714508
364,2015-05-17 13:41:00,"New York, USA",40.71304703,-74.00723267
365,2015-05-16 18:21:00,"Newport, RI",41.49634933,-71.3082428
366,2015-05-16 16:23:00,"Newport, RI",41.49634933,-71.3082428
367,2015-05-16 11:51:00,"Boston, MA",42.35899353,-71.0586319
368,2015-05-16 11:40:00,"Medford, MA",42.41855621,-71.10645294
369,2015-05-15 20:25:00,"Somerville, MA",42.38912201,-71.09714508
370,2015-05-15 20:11:00,"Somerville, MA",42.38912201,-71.09714508
371,2015-05-15 18:45:00,"Somerville, MA",42.38912201,-71.09714508
372,2015-05-15 18:45:00,"Somerville, MA",42.38912201,-71.09714508
373,2015-05-15 18:44:00,"Somerville, MA",42.38912201,-71.09714508
374,2015-05-14 15:50:00,"Somerville, MA",42.38912201,-71.09714508
375,2015-05-14 12:35:00,"Somerville, MA",42.38912201,-71.09714508
376,2015-05-14 12:02:00,"Somerville, MA",42.38912201,-71.09714508
377,2015-05-14 08:17:00,"Somerville, MA",42.38912201,-71.09714508
378,2015-05-13 12:51:00,"Somerville, MA",42.38912201,-71.09714508
379,2015-05-12 13:02:00,"Somerville, MA",42.38912201,-71.09714508
380,2015-05-12 13:01:00,"Somerville, MA",42.38912201,-71.09714508
381,2015-05-12 10:33:00,"Cambridge, MA",42.36524963,-71.10501862
382,2015-05-12 10:19:00,"Somerville, MA",42.38912201,-71.09714508
383,2015-05-12 08:43:00,"Somerville, MA",42.38912201,-71.09714508
384,2015-05-10 20:14:00,"Boston, MA",42.35899353,-71.0586319
385,2015-05-09 18:49:00,"Somerville, MA",42.38912201,-71.09714508
386,2015-05-09 06:42:00,"Somerville, MA",42.38912201,-71.09714508
387,2015-05-08 18:47:00,"Boston, MA",42.35899353,-71.0586319
388,2015-05-08 16:47:00,"Boston, MA",42.35899353,-71.0586319
389,2015-05-08 15:25:00,"Cupertino, CA",37.31931305,-122.02926636
390,2015-05-08 11:51:00,"Cambridge, MA",42.36524963,-71.10501862
391,2015-05-07 18:30:00,"Somerville, MA",42.38912201,-71.09714508
392,2015-05-07 17:14:00,"Somerville, MA",42.38912201,-71.09714508
393,2015-05-05 20:13:00,"Somerville, MA",42.38912201,-71.09714508
394,2015-05-05 19:37:00,"Somerville, MA",42.38912201,-71.09714508
395,2015-05-05 13:48:00,"Somerville, MA",42.38912201,-71.09714508
396,2015-05-05 13:21:00,"Somerville, MA",42.38912201,-71.09714508
397,2015-05-05 13:09:00,"Somerville, MA",42.38912201,-71.09714508
398,2015-05-05 12:39:00,"Somerville, MA",42.38912201,-71.09714508
399,2015-05-04 21:15:00,"Somerville, MA",42.38912201,-71.09714508
400,2015-05-04 20:24:00,"Somerville, MA",42.38912201,-71.09714508
401,2015-05-04 17:48:00,"Somerville, MA",42.38912201,-71.09714508
402,2015-05-04 15:07:00,"Somerville, MA",42.38912201,-71.09714508
403,2015-05-04 00:22:00,"Somerville, MA",42.38912201,-71.09714508
404,2015-05-03 21:25:00,"Cambridge, MA",42.36524963,-71.10501862
405,2015-05-03 18:11:00,"Cambridge, MA",42.36524963,-71.10501862
406,2015-05-02 15:56:00,"Medford, MA",42.41855621,-71.10645294
407,2015-05-02 10:32:00,"Somerville, MA",42.38912201,-71.09714508
408,2015-05-01 12:41:00,"Somerville, MA",42.38912201,-71.09714508
409,2015-04-30 19:01:00,"Somerville, MA",42.38912201,-71.09714508
410,2015-04-30 11:57:00,"Somerville, MA",42.38912201,-71.09714508
411,2015-04-30 11:48:00,"Somerville, MA",42.38912201,-71.09714508
412,2015-04-29 16:02:00,"Somerville, MA",42.38912201,-71.09714508
413,2015-04-29 14:58:00,"Cambridge, MA",42.36524963,-71.10501862
414,2015-04-28 15:54:00,"Cambridge, MA",42.36524963,-71.10501862
415,2015-04-28 15:37:00,"Cambridge, MA",42.36524963,-71.10501862
416,2015-04-28 09:37:00,"Cambridge, MA",42.36524963,-71.10501862
417,2015-04-27 16:32:00,"Somerville, MA",42.38912201,-71.09714508
418,2015-04-27 16:13:00,"Somerville, MA",42.38912201,-71.09714508
419,2015-04-27 15:22:00,"Cambridge, MA",42.36524963,-71.10501862
420,2015-04-26 20:50:00,"San Francisco, CA",37.78007889,-122.42015839
421,2015-04-26 20:00:00,"Somerville, MA",42.38912201,-71.09714508
422,2015-04-26 19:50:00,"Somerville, MA",42.38912201,-71.09714508
423,2015-04-24 18:30:00,"Somerville, MA",42.38912201,-71.09714508
424,2015-04-24 18:20:00,"Somerville, MA",42.38912201,-71.09714508
425,2015-04-24 17:18:00,"Somerville, MA",42.38912201,-71.09714508
426,2015-04-24 17:15:00,"Somerville, MA",42.38912201,-71.09714508
427,2015-04-24 15:06:00,"Somerville, MA",42.38912201,-71.09714508
428,2015-04-24 10:38:00,"Somerville, MA",42.38912201,-71.09714508
429,2015-04-24 09:19:00,"Somerville, MA",42.38912201,-71.09714508
430,2015-04-23 22:03:00,"Somerville, MA",42.38912201,-71.09714508
431,2015-04-23 18:31:00,"Somerville, MA",42.38912201,-71.09714508
432,2015-04-23 14:19:00,"Somerville, MA",42.38912201,-71.09714508
433,2015-04-23 13:49:00,"Somerville, MA",42.38912201,-71.09714508
434,2015-04-23 11:33:00,Whole Foods Market,51.461024,-0.3031038
435,2015-04-22 15:06:00,"Somerville, MA",42.38912201,-71.09714508
436,2015-04-22 13:29:00,"Cambridge, MA",42.36524963,-71.10501862
437,2015-04-22 11:21:00,"Medford, MA",42.41855621,-71.10645294
438,2015-04-21 19:18:00,"Cambridge, MA",42.36524963,-71.10501862
439,2015-04-21 17:09:00,"Cambridge, MA",42.36524963,-71.10501862
440,2015-04-20 11:26:00,"Boston, MA",42.35899353,-71.0586319
441,2015-04-20 09:07:00,"Boston, MA",42.35899353,-71.0586319
442,2015-04-20 06:20:00,"Boston, MA",42.35899353,-71.0586319
443,2015-04-20 06:10:00,"Cambridge, MA",42.36524963,-71.10501862
444,2015-04-20 04:16:00,"Somerville, MA",42.38912201,-71.09714508
445,2015-04-19 20:58:00,"Somerville, MA",42.38912201,-71.09714508
446,2015-04-19 20:54:00,"Somerville, MA",42.38912201,-71.09714508
447,2015-04-19 19:17:00,"Somerville, MA",42.38912201,-71.09714508
448,2015-04-19 12:53:00,"Somerville, MA",42.38912201,-71.09714508
449,2015-04-19 12:27:00,"Cambridge, MA",42.36524963,-71.10501862
450,2015-04-18 23:36:00,"Somerville, MA",42.38912201,-71.09714508
451,2015-04-18 16:43:00,"Somerville, MA",42.38912201,-71.09714508
452,2015-04-18 14:23:00,"Somerville, MA",42.38912201,-71.09714508
453,2015-04-18 13:12:00,"Somerville, MA",42.38912201,-71.09714508
454,2015-04-18 11:14:00,"Somerville, MA",42.38912201,-71.09714508
455,2015-04-17 20:02:00,"Somerville, MA",42.38912201,-71.09714508
456,2015-04-17 19:58:00,"Somerville, MA",42.38912201,-71.09714508
457,2015-04-17 19:20:00,"Somerville, MA",42.38912201,-71.09714508
458,2015-04-17 19:14:00,"Somerville, MA",42.38912201,-71.09714508
459,2015-04-16 20:06:00,"Somerville, MA",42.38912201,-71.09714508
460,2015-04-16 19:39:00,"Somerville, MA",42.38912201,-71.09714508
461,2015-04-16 18:25:00,"Somerville, MA",42.38912201,-71.09714508
462,2015-04-16 11:34:00,"Cambridge, MA",42.36524963,-71.10501862
463,2015-04-15 22:06:00,"Somerville, MA",42.38912201,-71.09714508
464,2015-04-15 21:32:00,"Somerville, MA",42.38912201,-71.09714508
465,2015-04-15 21:28:00,"Somerville, MA",42.38912201,-71.09714508
466,2015-04-15 20:53:00,"Somerville, MA",42.38912201,-71.09714508
467,2015-04-15 18:11:00,"Cambridge, MA",42.36524963,-71.10501862
468,2015-04-15 16:06:00,"Somerville, MA",42.38912201,-71.09714508
469,2015-04-15 15:48:00,"Manhattan, NY",40.75325012,-74.00380707
470,2015-04-15 15:43:00,"Somerville, MA",42.38912201,-71.09714508
471,2015-04-15 15:42:00,"Somerville, MA",42.38912201,-71.09714508
472,2015-04-15 14:12:00,"Somerville, MA",42.38912201,-71.09714508
473,2015-04-15 13:21:00,"Somerville, MA",42.38912201,-71.09714508
474,2015-04-14 20:08:00,"Somerville, MA",42.38912201,-71.09714508
475,2015-04-14 19:30:00,"Manhattan, NY",40.75325012,-74.00380707
