,time,poi,latitude,longitude
0,2015-10-21 12:08:00,"Pittsburgh, PA",40.44216919,-79.99495697
1,2015-09-22 07:58:00,"Munich, Bavaria",48.13912582,11.58021927
2,2015-03-20 09:37:00,"Massachusetts, USA",42.17235565,-71.60500336
3,2015-01-31 12:22:00,"Vermont, USA",44.07525253,-72.66269684
4,2015-01-26 15:49:00,"Cambridge, MA",42.36524963,-71.10501862
5,2014-12-22 20:16:00,"Amphoe Mueang Phuket, Phuket",7.890028,98.3981781
6,2014-12-07 17:25:00,"Ho Chi Minh, Vietnam",10.77653027,106.70097351
7,2014-12-05 07:46:00,"Ho Chi Minh, Vietnam",10.77653027,106.70097351
8,2014-10-19 14:08:00,"Pittsburgh, PA",40.44216919,-79.99495697
9,2014-10-18 11:04:00,"Pittsburgh, PA",40.44216919,-79.99495697
10,2014-10-15 07:18:00,"Cambridge, MA",42.36524963,-71.10501862
11,2014-09-30 11:32:00,"Isabel II, Puerto Rico",18.14557266,-65.44182587
12,2014-08-31 08:51:00,"Cambridge, MA",42.36524963,-71.10501862
13,2014-08-29 09:36:00,"Boston, MA",42.35899353,-71.0586319
14,2014-08-25 08:12:00,"Cambridge, MA",42.36524963,-71.10501862
15,2014-08-13 09:24:00,"Boston, MA",42.35899353,-71.0586319
16,2014-07-31 21:56:00,"Medellín, Antioquia",6.24433804,-75.57355499
17,2014-07-30 17:32:00,Panama,8.5197258,-80.08855438
18,2014-07-27 12:31:00,"Pittsburgh, PA",40.44216919,-79.99495697
19,2014-07-27 12:22:00,"Pittsburgh, PA",40.44216919,-79.99495697
20,2014-07-21 08:45:00,"Kendall, FL",25.66561699,-80.35107422
21,2014-05-21 15:58:00,"Washington, DC",38.89206314,-77.01991272
22,2014-05-09 09:24:00,"Daytona Beach, FL",29.20708466,-81.02072906
23,2014-05-08 18:15:00,"Daytona Beach, FL",29.20708466,-81.02072906
24,2014-05-08 12:54:00,"Florida, USA",28.59551239,-82.48734283
25,2014-05-07 06:06:00,"Sunset, FL",25.70705795,-80.35047913
26,2014-05-04 16:16:00,"Florida, USA",28.59551239,-82.48734283
27,2014-05-03 12:20:00,"University Park, FL",25.7460556,-80.36605072
28,2014-05-02 09:58:00,"Kendall, FL",25.66561699,-80.35107422
29,2014-04-30 16:01:00,"Miami, FL",25.77508354,-80.19470215
30,2014-04-27 11:18:00,"Miami Beach, FL",25.79223633,-80.13484955
31,2014-04-25 23:55:00,"Miami, FL",25.77508354,-80.19470215
32,2014-04-06 10:39:00,"Miami, FL",25.77508354,-80.19470215
33,2014-03-19 14:23:00,"Phoenix, GA",33.36628342,-83.27787781
34,2014-03-16 18:02:00,"Charlotte, NC",35.2237854,-80.84114075
35,2014-03-08 07:25:00,"Lincoln, NH",44.04078293,-71.67251587
36,2014-02-16 12:28:00,"Cambridge, MA",42.36524963,-71.10501862
37,2014-02-16 12:11:00,"Cambridge, MA",42.36524963,-71.10501862
38,2014-02-13 19:08:00,"Cambridge, MA",42.36524963,-71.10501862
39,2014-02-13 18:32:00,"Cambridge, MA",42.36524963,-71.10501862
40,2014-02-09 15:43:00,"Boston, MA",42.35899353,-71.0586319
41,2014-02-09 14:57:00,"Boston, MA",42.35899353,-71.0586319
42,2014-02-09 14:57:00,"Boston, MA",42.35899353,-71.0586319
43,2014-02-06 07:11:00,"Manhattan, NY",40.75325012,-74.00380707
44,2014-02-01 22:00:00,"Manhattan, NY",40.75325012,-74.00380707
45,2014-01-24 09:04:00,"Cambridge, MA",42.36524963,-71.10501862
46,2014-01-13 23:21:00,"Paradise, NV",36.11553574,-115.15795135
47,2014-01-13 23:17:00,"Paradise, NV",36.11553574,-115.15795135
48,2013-12-07 18:20:00,"Manhattan, NY",40.75325012,-74.00380707
49,2013-12-07 14:43:00,"Manhattan, NY",40.75325012,-74.00380707
50,2013-11-28 23:57:00,"Boston, MA",42.35899353,-71.0586319
51,2013-11-28 15:38:00,"Boston, MA",42.35899353,-71.0586319
52,2013-11-23 13:23:00,"Tenderloin, San Francisco",37.78366089,-122.41513062
53,2013-11-17 13:19:00,"Fort Lauderdale, FL",26.12416267,-80.14358521
54,2013-11-12 12:26:00,"Florida, USA",28.59551239,-82.48734283
55,2013-11-10 12:47:00,"Boston, MA",42.35899353,-71.0586319
56,2013-10-27 00:10:00,"Manhattan, NY",40.75325012,-74.00380707
57,2013-10-19 11:49:00,"Boston, MA",42.35899353,-71.0586319
58,2013-10-18 18:53:00,"Quincy, MA",42.2514267,-71.00215149
59,2013-10-18 15:58:00,"Quincy, MA",42.2514267,-71.00215149
60,2013-09-24 10:27:00,"Cambridge, MA",42.36524963,-71.10501862
61,2013-09-20 22:25:00,"Cambridge, MA",42.36524963,-71.10501862
62,2013-09-08 13:28:00,"Bolton, MA",42.43405914,-71.60974884
63,2013-09-08 08:48:00,"Bolton, MA",42.43405914,-71.60974884
64,2013-09-07 18:33:00,"Somerville, MA",42.38912201,-71.09714508
65,2013-09-07 15:36:00,"Salem, MA",42.52140427,-70.89864349
66,2013-08-24 15:27:00,"Cedar Fork, NC",35.858078,-78.8140564
67,2013-08-19 22:30:00,"Philadelphia, PA",39.95106125,-75.1656189
68,2013-08-19 19:48:00,"Philadelphia, PA",39.95106125,-75.1656189
69,2013-08-19 19:47:00,"Philadelphia, PA",39.95106125,-75.1656189
70,2013-08-17 12:08:00,"Philadelphia, PA",39.95106125,-75.1656189
71,2013-08-07 23:19:00,"Denver, CO",39.73845291,-104.98485565
72,2013-07-28 11:03:00,"Golden, CO",39.74967194,-105.21601868
73,2013-07-27 19:58:00,"Denver, CO",39.73845291,-104.98485565
74,2013-07-27 16:31:00,"New Mexico, USA",34.42137146,-106.10839081
75,2013-07-27 13:59:00,"Las Vegas, NM",35.59852219,-105.21884918
76,2013-07-27 13:58:00,"New Mexico, USA",34.42137146,-106.10839081
77,2013-07-27 12:04:00,"New Mexico, USA",34.42137146,-106.10839081
78,2013-07-25 23:30:00,"Albuquerque, NM",35.08424759,-106.64923859
79,2013-07-24 16:46:00,"Window Rock, AZ",35.67211914,-109.06070709
80,2013-07-24 16:44:00,"Window Rock, AZ",35.67211914,-109.06070709
81,2013-07-24 13:09:00,"Holbrook, AZ",34.90380096,-110.15818024
82,2013-07-24 13:08:00,"Holbrook, AZ",34.90380096,-110.15818024
83,2013-07-24 13:07:00,"Holbrook, AZ",34.90380096,-110.15818024
84,2013-07-24 13:06:00,"Clark, NV",39.55869293,-119.49304199
85,2013-07-24 13:05:00,"Clark, NV",39.55869293,-119.49304199
86,2013-07-23 21:48:00,"Flagstaff, AZ",35.19817734,-111.65132141
87,2013-07-23 21:46:00,"Flagstaff, AZ",35.19817734,-111.65132141
88,2013-07-20 23:00:00,"Paradise, NV",36.11553574,-115.15795135
89,2013-07-20 22:26:00,"Paradise, NV",36.11553574,-115.15795135
90,2013-07-20 00:50:00,"Paradise, NV",36.11553574,-115.15795135
91,2013-07-20 00:48:00,"Arizona, USA",34.29322815,-111.66459656
92,2013-07-20 00:47:00,"Paradise, NV",36.11553574,-115.15795135
93,2013-07-20 00:44:00,"Paradise, NV",36.11553574,-115.15795135
94,2013-07-15 21:24:00,"Las Vegas, NV",36.16909027,-115.14057922
95,2013-07-14 15:12:00,"Manhattan Beach, CA",33.88509369,-118.40971375
96,2013-07-14 15:12:00,"Manhattan Beach, CA",33.88509369,-118.40971375
97,2013-07-13 20:32:00,"Los Angeles, CA",34.05223846,-118.24334717
98,2013-07-13 16:03:00,"West Hollywood, CA",34.09068298,-118.37174988
99,2013-07-13 01:30:00,"Los Angeles, CA",34.05223846,-118.24334717
100,2013-07-12 15:58:00,"Los Angeles, CA",34.05223846,-118.24334717
101,2013-07-12 12:35:00,"Los Angeles, CA",34.05223846,-118.24334717
102,2013-07-08 16:51:00,"Philadelphia, PA",39.95106125,-75.1656189
103,2013-07-06 12:18:00,"New Jersey, USA",40.13909531,-74.6785202
104,2013-07-06 12:16:00,"New Jersey, USA",40.13909531,-74.6785202
105,2013-06-28 19:20:00,"South Daytona, FL",29.17067528,-81.01250458
106,2013-06-28 19:19:00,"South Daytona, FL",29.17067528,-81.01250458
107,2013-06-27 21:03:00,"Miami, FL",25.77508354,-80.19470215
108,2013-06-27 20:25:00,"Miami, FL",25.77508354,-80.19470215
109,2013-06-23 15:08:00,"North Miami, FL",25.89037895,-80.1844635
110,2013-06-23 15:07:00,"North Miami, FL",25.89037895,-80.1844635
111,2013-06-23 13:27:00,"Florida, USA",28.59551239,-82.48734283
112,2013-06-23 12:54:00,"Florida, USA",28.59551239,-82.48734283
113,2013-06-23 12:54:00,"Florida, USA",28.59551239,-82.48734283
114,2013-06-23 12:53:00,"Florida, USA",28.59551239,-82.48734283
115,2013-06-22 13:34:00,Hurrican Grill & Wings,37.17645645,-113.30056
116,2013-06-22 12:33:00,"Kendale Lakes, FL",25.70523643,-80.41462708
117,2013-06-22 12:30:00,"Kendale Lakes, FL",25.70523643,-80.41462708
118,2013-06-22 12:03:00,"Kendale Lakes, FL",25.70523643,-80.41462708
119,2013-06-22 11:22:00,Miccosukee Golf and Country Club,26.16990089,-81.77590179
120,2013-06-21 22:36:00,"Miami, FL",25.77508354,-80.19470215
121,2013-06-21 22:27:00,"Miami, FL",25.77508354,-80.19470215
122,2013-06-20 18:42:00,"Miami, FL",25.77508354,-80.19470215
123,2013-06-15 12:47:00,"Tennessee, USA",35.84299469,-86.34325409
124,2013-06-14 00:22:00,"Tennessee, USA",35.84299469,-86.34325409
125,2013-06-08 21:20:00,"Boston, MA",42.35899353,-71.0586319
126,2013-06-08 20:18:00,"Boston, MA",42.35899353,-71.0586319
127,2013-06-02 15:14:00,"Chicago, IL",41.8832283,-87.63240051
128,2013-06-02 15:13:00,"Chicago, IL",41.8832283,-87.63240051
129,2013-05-29 19:51:00,"Chicago, IL",41.8832283,-87.63240051
130,2013-05-26 15:22:00,"Coronado, CA",32.69392776,-117.19048309
131,2013-05-24 13:40:00,"San Diego, CA",32.71575928,-117.16381836
132,2013-05-24 13:39:00,"San Diego, CA",32.71575928,-117.16381836
133,2013-05-23 21:59:00,"San Diego, CA",32.71575928,-117.16381836
134,2013-05-23 13:04:00,"San Diego, CA",32.71575928,-117.16381836
135,2013-05-23 12:44:00,"San Diego, CA",32.71575928,-117.16381836
136,2013-05-18 01:07:00,"Mission Bay, San Francisco",37.77189636,-122.39131927
137,2013-05-17 09:05:00,"Downtown, San Francisco",37.79189682,-122.40258026
138,2013-05-16 22:08:00,"Downtown, San Francisco",37.79189682,-122.40258026
139,2013-05-14 17:59:00,"San Diego, CA",32.71575928,-117.16381836
140,2013-05-13 18:19:00,"Fortuna Foothills, AZ",32.66683197,-114.40983582
141,2013-05-13 00:56:00,"Portland, OR",45.51601791,-122.681427
142,2013-05-12 13:48:00,"Portland, OR",45.51601791,-122.681427
143,2013-05-12 13:15:00,"Portland, OR",45.51601791,-122.681427
144,2013-05-11 12:58:00,"Portland, OR",45.51601791,-122.681427
145,2013-05-10 17:06:00,"Portland, OR",45.51601791,-122.681427
146,2013-05-09 13:59:00,"Portland, OR",45.51601791,-122.681427
147,2013-05-09 10:18:00,"Portland, OR",45.51601791,-122.681427
148,2013-05-09 08:11:00,"Portland, OR",45.51601791,-122.681427
149,2013-05-07 18:39:00,"Boston, MA",42.35899353,-71.0586319
150,2013-05-05 19:15:00,"Louisville Central, KY",38.19937515,-85.65352631
151,2013-05-05 10:19:00,"Louisville Central, KY",38.19937515,-85.65352631
152,2013-05-04 15:21:00,"Louisville South, KY",38.20540237,-85.77057648
153,2013-05-03 22:11:00,"Louisville Central, KY",38.19937515,-85.65352631
154,2013-05-03 21:41:00,"Louisville Central, KY",38.19937515,-85.65352631
155,2013-04-27 13:03:00,"Daytona Beach, FL",29.20708466,-81.02072906
156,2013-04-27 13:02:00,"Daytona Beach, FL",29.20708466,-81.02072906
157,2013-04-27 11:52:00,"Daytona Beach, FL",29.20708466,-81.02072906
158,2013-04-26 18:38:00,"Ormond Beach, FL",29.27747726,-81.04175568
159,2013-04-14 18:24:00,"California, USA",37.25466919,-119.61727905
160,2013-04-14 18:21:00,"California, USA",37.25466919,-119.61727905
161,2013-04-14 17:40:00,"California, USA",37.25466919,-119.61727905
162,2013-04-12 16:23:00,"California, USA",37.25466919,-119.61727905
163,2013-04-12 15:02:00,"Indio, CA",33.71865082,-116.21818542
164,2013-04-11 21:47:00,"Indio, CA",33.71865082,-116.21818542
165,2013-04-11 14:56:00,"Indio, CA",33.71865082,-116.21818542
166,2013-04-11 12:37:00,"Indio, CA",33.71865082,-116.21818542
167,2013-04-11 08:15:00,"Indio, CA",33.71865082,-116.21818542
168,2013-04-11 06:11:00,"Indio, CA",33.71865082,-116.21818542
169,2013-04-09 22:35:00,"The Embarcadero, San Francisco",37.78522873,-122.2447052
170,2013-04-09 18:53:00,"South Beach, San Francisco",37.78691101,-122.38880157
171,2013-04-07 21:42:00,"Marina, San Francisco",-33.86428833,-70.89001465
172,2013-04-07 20:06:00,"Marina, San Francisco",-33.86428833,-70.89001465
173,2013-04-07 16:10:00,"Financial District, San Francisco",37.79536438,-122.39801025
174,2013-04-04 12:11:00,"New Mexico, USA",34.42137146,-106.10839081
175,2013-04-04 12:10:00,"New Mexico, USA",34.42137146,-106.10839081
176,2013-03-31 21:39:00,"Carlsbad, NM",32.41271591,-104.22782135
177,2013-03-31 15:35:00,"Texas, USA",31.46384811,-99.33329773
178,2013-03-30 15:45:00,"Texas, USA",31.46384811,-99.33329773
179,2013-03-29 14:21:00,"Austin, TX",30.26497841,-97.74659729
180,2013-03-27 19:24:00,"Austin, TX",30.26497841,-97.74659729
181,2013-03-24 00:04:00,"Austin, TX",30.26497841,-97.74659729
182,2013-03-18 18:20:00,"Austin, TX",30.26497841,-97.74659729
183,2013-03-18 17:59:00,"Austin, TX",30.26497841,-97.74659729
184,2013-03-18 10:02:00,"Austin, TX",30.26497841,-97.74659729
185,2013-03-17 19:09:00,"Austin, TX",30.26497841,-97.74659729
186,2013-03-17 15:45:00,"Austin, TX",30.26497841,-97.74659729
187,2013-03-17 11:34:00,"Austin, TX",30.26497841,-97.74659729
188,2013-03-16 13:07:00,"Austin, TX",30.26497841,-97.74659729
189,2013-03-14 22:05:00,"Austin, TX",30.26497841,-97.74659729
190,2013-03-14 21:35:00,"Austin, TX",30.26497841,-97.74659729
191,2013-03-14 20:19:00,"Austin, TX",30.26497841,-97.74659729
192,2013-03-14 20:16:00,"Austin, TX",30.26497841,-97.74659729
193,2013-03-13 13:47:00,"Texas, USA",31.46384811,-99.33329773
194,2013-03-13 13:45:00,"Texas, USA",31.46384811,-99.33329773
195,2013-03-13 13:21:00,"Texas, USA",31.46384811,-99.33329773
196,2013-03-13 11:40:00,"Texas, USA",31.46384811,-99.33329773
197,2013-03-13 10:57:00,"Texas, USA",31.46384811,-99.33329773
198,2013-03-12 21:50:00,"Austin, TX",30.26497841,-97.74659729
199,2013-03-11 15:30:00,"Lockhart, TX",29.8847065,-97.67243958
200,2013-03-11 15:08:00,"Lockhart, TX",29.8847065,-97.67243958
201,2013-03-11 15:05:00,"Lockhart, TX",29.8847065,-97.67243958
202,2013-03-11 14:35:00,"Lockhart, TX",29.8847065,-97.67243958
203,2013-03-11 14:34:00,"Lockhart, TX",29.8847065,-97.67243958
204,2013-03-11 13:59:00,"Lockhart, TX",29.8847065,-97.67243958
205,2013-03-11 13:57:00,"Lockhart, TX",29.8847065,-97.67243958
206,2013-03-11 13:33:00,"Lockhart, TX",29.8847065,-97.67243958
207,2013-03-10 10:32:00,"Austin, TX",30.26497841,-97.74659729
208,2013-03-09 14:37:00,"Austin, TX",30.26497841,-97.74659729
209,2013-03-09 14:25:00,"Austin, TX",30.26497841,-97.74659729
210,2013-03-09 12:13:00,"Austin, TX",30.26497841,-97.74659729
211,2013-03-08 23:41:00,"Austin, TX",30.26497841,-97.74659729
212,2013-03-08 23:11:00,"Austin, TX",30.26497841,-97.74659729
213,2013-03-08 23:05:00,"Austin, TX",30.26497841,-97.74659729
214,2013-03-08 23:04:00,"Austin, TX",30.26497841,-97.74659729
215,2013-03-08 22:55:00,"Austin, TX",30.26497841,-97.74659729
216,2013-03-08 21:55:00,"Austin, TX",30.26497841,-97.74659729
217,2013-03-07 14:02:00,"Austin, TX",30.26497841,-97.74659729
218,2013-03-06 20:19:00,"Austin, TX",30.26497841,-97.74659729
219,2013-03-06 20:17:00,"Austin, TX",30.26497841,-97.74659729
220,2013-03-06 20:17:00,"Austin, TX",30.26497841,-97.74659729
221,2013-03-06 13:38:00,"Austin, TX",30.26497841,-97.74659729
222,2013-03-03 15:50:00,"Austin, TX",30.26497841,-97.74659729
223,2013-03-03 15:48:00,"Austin, TX",30.26497841,-97.74659729
224,2013-03-01 12:59:00,"Austin, TX",30.26497841,-97.74659729
225,2013-02-26 15:45:00,"Dallas, TX",32.77797699,-96.79621124
226,2013-02-18 08:42:00,"Memphis, TN",35.14337921,-90.05213928
227,2013-02-17 21:46:00,"Memphis, TN",35.14337921,-90.05213928
228,2013-02-17 21:07:00,"Memphis, TN",35.14337921,-90.05213928
229,2013-02-17 21:06:00,"Memphis, TN",35.14337921,-90.05213928
230,2013-02-17 18:28:00,"Memphis, TN",35.14337921,-90.05213928
231,2013-02-16 23:50:00,"Memphis, TN",35.14337921,-90.05213928
232,2013-02-16 23:17:00,"Memphis, TN",35.14337921,-90.05213928
233,2013-02-16 22:24:00,"Memphis, TN",35.14337921,-90.05213928
234,2013-02-16 12:35:00,"Memphis, TN",35.14337921,-90.05213928
235,2013-02-16 10:07:00,"Memphis, TN",35.14337921,-90.05213928
236,2013-02-14 21:25:00,"Oxford, MS",34.3667984,-89.51862335
237,2013-02-14 21:24:00,"New Orleans, LA",29.95176315,-90.07461548
238,2013-02-10 20:19:00,"New Orleans, LA",29.95176315,-90.07461548
239,2013-02-10 19:43:00,"New Orleans, LA",29.95176315,-90.07461548
240,2013-02-09 09:15:00,"New Orleans, LA",29.95176315,-90.07461548
241,2013-02-09 09:01:00,"New Orleans, LA",29.95176315,-90.07461548
242,2013-02-09 09:00:00,"New Orleans, LA",29.95176315,-90.07461548
243,2013-02-09 08:59:00,"New Orleans, LA",29.95176315,-90.07461548
244,2013-02-09 08:44:00,"New Orleans, LA",29.95176315,-90.07461548
245,2013-02-08 23:46:00,"New Orleans, LA",29.95176315,-90.07461548
246,2013-02-08 10:45:00,"Cuba, AL",32.431633,-88.37869263
247,2013-02-08 09:38:00,"Tuscaloosa, AL",33.21068192,-87.56558228
248,2013-02-08 09:35:00,"Tuscaloosa, AL",33.21068192,-87.56558228
249,2013-02-07 22:03:00,"Birmingham, AL",33.52285767,-86.80770874
250,2013-02-07 17:46:00,"Birmingham, AL",33.52285767,-86.80770874
251,2013-02-06 15:18:00,"Birmingham, AL",33.52285767,-86.80770874
252,2013-02-05 12:05:00,"Nashville, TN",36.1663475,-86.77905273
253,2013-02-03 00:10:00,"Nashville, TN",36.1663475,-86.77905273
254,2013-02-02 21:52:00,"Nashville, TN",36.1663475,-86.77905273
255,2013-02-02 21:06:00,"Nashville, TN",36.1663475,-86.77905273
256,2013-02-02 13:09:00,"Nashville, TN",36.1663475,-86.77905273
257,2013-02-02 13:09:00,"Nashville, TN",36.1663475,-86.77905273
258,2013-02-01 23:35:00,"Nashville, TN",36.1663475,-86.77905273
259,2013-02-01 11:06:00,"Nashville, TN",36.1663475,-86.77905273
260,2013-01-31 08:30:00,"Ohio, USA",40.41553497,-82.70935822
261,2013-01-30 22:04:00,"Columbus, OH",39.96276093,-82.99629211
262,2013-01-30 19:27:00,"Columbus, OH",39.96276093,-82.99629211
263,2013-01-30 10:24:00,"Columbus, OH",39.96276093,-82.99629211
264,2013-01-29 22:07:00,"Columbus, OH",39.96276093,-82.99629211
265,2013-01-27 16:07:00,"Sunset, FL",25.70705795,-80.35047913
266,2013-01-26 21:54:00,"Westchester, FL",25.7498188,-80.33946991
267,2013-01-26 18:00:00,"Cutler, FL",25.61501312,-80.31040955
268,2013-01-26 17:20:00,"Cutler, FL",25.61501312,-80.31040955
269,2013-01-26 16:25:00,"Cutler, FL",25.61501312,-80.31040955
270,2013-01-26 16:14:00,"Cutler, FL",25.61501312,-80.31040955
271,2013-01-25 19:51:00,"Sunset, FL",25.70705795,-80.35047913
272,2013-01-23 20:35:00,"Columbus, OH",39.96276093,-82.99629211
273,2013-01-22 10:36:00,"Pittsburgh, PA",40.44216919,-79.99495697
274,2013-01-21 21:10:00,"Pittsburgh, PA",40.44216919,-79.99495697
275,2013-01-20 13:24:00,"Pittsburgh, PA",40.44216919,-79.99495697
276,2013-01-19 13:46:00,"Pittsburgh, PA",40.44216919,-79.99495697
277,2013-01-19 10:40:00,"Pittsburgh, PA",40.44216919,-79.99495697
278,2013-01-18 18:57:00,"Pittsburgh, PA",40.44216919,-79.99495697
279,2013-01-18 08:02:00,"Emsworth, PA",40.51027679,-80.09461975
280,2013-01-17 20:09:00,"Pittsburgh, PA",40.44216919,-79.99495697
281,2013-01-16 19:39:00,"Pittsburgh, PA",40.44216919,-79.99495697
282,2013-01-16 08:28:00,"Pittsburgh, PA",40.44216919,-79.99495697
283,2013-01-16 05:26:00,"Pittsburgh, PA",40.44216919,-79.99495697
284,2013-01-14 22:33:00,"Pittsburgh, PA",40.44216919,-79.99495697
285,2013-01-12 13:14:00,"Philadelphia, PA",39.95106125,-75.1656189
286,2013-01-12 13:00:00,"Philadelphia, PA",39.95106125,-75.1656189
287,2013-01-12 12:59:00,"Philadelphia, PA",39.95106125,-75.1656189
288,2013-01-11 21:43:00,"Philadelphia, PA",39.95106125,-75.1656189
289,2013-01-11 21:42:00,"Philadelphia, PA",39.95106125,-75.1656189
290,2013-01-11 12:02:00,"Philadelphia, PA",39.95106125,-75.1656189
291,2013-01-11 11:47:00,"Philadelphia, PA",39.95106125,-75.1656189
292,2013-01-10 17:58:00,"Philadelphia, PA",39.95106125,-75.1656189
293,2013-01-10 17:57:00,"Philadelphia, PA",39.95106125,-75.1656189
294,2013-01-10 10:25:00,"Philadelphia, PA",39.95106125,-75.1656189
295,2013-01-09 10:17:00,"Philadelphia, PA",39.95106125,-75.1656189
296,2013-01-09 10:15:00,"Philadelphia, PA",39.95106125,-75.1656189
297,2013-01-08 15:26:00,"Philadelphia, PA",39.95106125,-75.1656189
298,2013-01-07 12:32:00,"Philadelphia, PA",39.95106125,-75.1656189
299,2013-01-07 12:19:00,"Philadelphia, PA",39.95106125,-75.1656189
300,2013-01-06 00:46:00,"Manhattan, NY",40.75325012,-74.00380707
301,2013-01-05 23:38:00,Acme Bar & Grill,51.67182516,-0.40300616
302,2013-01-05 22:37:00,"Manhattan, NY",40.75325012,-74.00380707
303,2013-01-05 22:36:00,"Manhattan, NY",40.75325012,-74.00380707
304,2013-01-05 22:33:00,"Manhattan, NY",40.75325012,-74.00380707
305,2013-01-05 22:31:00,"Manhattan, NY",40.75325012,-74.00380707
306,2013-01-05 22:26:00,"Manhattan, NY",40.75325012,-74.00380707
307,2013-01-05 12:25:00,"New York, USA",42.93923187,-75.62004852
308,2013-01-05 06:41:00,"New York, USA",42.93923187,-75.62004852
309,2013-01-03 16:42:00,"Manhattan, NY",40.75325012,-74.00380707
310,2013-01-01 16:12:00,"Manhattan, NY",40.75325012,-74.00380707
311,2013-01-01 16:10:00,"Manhattan, NY",40.75325012,-74.00380707
312,2013-01-01 10:32:00,"Manhattan, NY",40.75325012,-74.00380707
313,2012-12-29 22:35:00,"Manhattan, NY",40.75325012,-74.00380707
314,2012-12-29 17:35:00,Eleven B,42.09706497,-102.87355804
315,2012-12-28 21:06:00,"Manhattan, NY",40.75325012,-74.00380707
316,2012-12-28 18:14:00,Island Burgers and Shakes,64.98397827,-18.57899284
317,2012-12-28 10:07:00,"Cambridge, MA",42.36524963,-71.10501862
318,2012-12-27 21:19:00,"Cambridge, MA",42.36524963,-71.10501862
319,2012-12-27 09:17:00,"Cambridge, MA",42.36524963,-71.10501862
320,2012-12-24 08:42:00,"Cambridge, MA",42.36524963,-71.10501862
321,2012-12-23 14:43:00,"Cambridge, MA",42.36524963,-71.10501862
322,2012-12-20 17:21:00,"Cambridge, MA",42.36524963,-71.10501862
323,2012-12-19 19:33:00,"Washington, DC",38.89206314,-77.01991272
324,2012-12-17 19:06:00,"Washington, DC",38.89206314,-77.01991272
325,2012-12-16 14:47:00,"Washington, DC",38.89206314,-77.01991272
326,2012-12-15 11:22:00,"Washington, DC",38.89206314,-77.01991272
327,2012-12-14 19:37:00,"Washington, DC",38.89206314,-77.01991272
328,2012-12-14 19:37:00,"Washington, DC",38.89206314,-77.01991272
329,2012-12-14 19:37:00,"Washington, DC",38.89206314,-77.01991272
330,2012-12-13 14:58:00,"Washington, DC",38.89206314,-77.01991272
331,2012-12-13 09:08:00,"Durham, NC",35.99694824,-78.89902496
332,2012-12-13 09:07:00,"Durham, NC",35.99694824,-78.89902496
333,2012-12-13 08:51:00,Francesca's Dessert Caffe,46.29825211,3.70643091
334,2012-12-13 06:50:00,"Durham, NC",35.99694824,-78.89902496
335,2012-12-12 14:39:00,"Durham, NC",35.99694824,-78.89902496
336,2012-12-11 05:54:00,"Durham, NC",35.99694824,-78.89902496
337,2012-12-10 19:15:00,"Durham, NC",35.99694824,-78.89902496
338,2012-12-10 14:38:00,"Triangle, NC",35.9006691,-78.8889389
339,2012-12-10 14:09:00,"Triangle, NC",35.9006691,-78.8889389
340,2012-12-10 14:06:00,"Triangle, NC",35.9006691,-78.8889389
341,2012-12-10 11:14:00,"Durham, NC",35.99694824,-78.89902496
342,2012-12-09 16:12:00,"Triangle, NC",35.9006691,-78.8889389
343,2012-12-09 12:12:00,"Durham, NC",35.99694824,-78.89902496
344,2012-12-09 10:49:00,"Durham, NC",35.99694824,-78.89902496
345,2012-12-08 15:38:00,"Durham, NC",35.99694824,-78.89902496
346,2012-12-08 14:14:00,"Durham, NC",35.99694824,-78.89902496
347,2012-12-08 11:55:00,"Durham, NC",35.99694824,-78.89902496
348,2012-12-08 11:17:00,"Durham, NC",35.99694824,-78.89902496
349,2012-12-07 20:05:00,"Durham, NC",35.99694824,-78.89902496
350,2012-12-07 19:29:00,"Durham, NC",35.99694824,-78.89902496
351,2012-12-07 19:24:00,"Durham, NC",35.99694824,-78.89902496
352,2012-12-07 18:34:00,"Durham, NC",35.99694824,-78.89902496
353,2012-12-07 17:30:00,"Durham, NC",35.99694824,-78.89902496
354,2012-12-07 17:29:00,"Durham, NC",35.99694824,-78.89902496
355,2012-12-07 16:14:00,"Durham, NC",35.99694824,-78.89902496
356,2012-12-07 10:28:00,"Durham, NC",35.99694824,-78.89902496
357,2012-12-06 18:02:00,"Durham, NC",35.99694824,-78.89902496
358,2012-12-04 20:05:00,"Atlanta, GA",33.7485466,-84.39150238
359,2012-12-04 18:17:00,"Atlanta, GA",33.7485466,-84.39150238
360,2012-12-04 17:59:00,"Atlanta, GA",33.7485466,-84.39150238
361,2012-12-04 17:04:00,"Atlanta, GA",33.7485466,-84.39150238
362,2012-12-04 16:47:00,"Atlanta, GA",33.7485466,-84.39150238
363,2012-12-04 15:07:00,"Atlanta, GA",33.7485466,-84.39150238
364,2012-12-04 15:06:00,"Atlanta, GA",33.7485466,-84.39150238
365,2012-12-04 15:05:00,"Atlanta, GA",33.7485466,-84.39150238
366,2012-12-03 22:53:00,"Atlanta, GA",33.7485466,-84.39150238
367,2012-12-03 19:57:00,"Atlanta, GA",33.7485466,-84.39150238
368,2012-12-03 15:29:00,"Atlanta, GA",33.7485466,-84.39150238
369,2012-12-03 12:16:00,"Atlanta, GA",33.7485466,-84.39150238
370,2012-12-02 13:40:00,"Atlanta, GA",33.7485466,-84.39150238
371,2012-12-02 12:06:00,"Atlanta, GA",33.7485466,-84.39150238
372,2012-12-02 10:12:00,"Atlanta, GA",33.7485466,-84.39150238
373,2012-12-02 09:47:00,"Atlanta, GA",33.7485466,-84.39150238
374,2012-12-02 09:46:00,"Atlanta, GA",33.7485466,-84.39150238
375,2012-12-01 11:13:00,"Georgia, USA",32.64828873,-83.44437408
376,2012-11-30 20:51:00,"Gainesville, FL",29.65197563,-82.32501984
377,2012-11-30 19:41:00,"Gainesville, FL",29.65197563,-82.32501984
378,2012-11-29 19:24:00,"Gainesville, FL",29.65197563,-82.32501984
379,2012-11-29 14:12:00,"Gainesville, FL",29.65197563,-82.32501984
380,2012-11-27 14:54:00,"Daytona Beach, FL",29.20708466,-81.02072906
381,2012-11-26 19:22:00,"North Peninsula, FL",26.55371666,-80.05421448
382,2012-11-26 09:07:00,"Daytona Beach, FL",29.20708466,-81.02072906
383,2012-11-24 20:34:00,"New Smyrna Beach, FL",29.02972221,-80.92375183
384,2012-11-24 18:13:00,"New Smyrna Beach, FL",29.02972221,-80.92375183
385,2012-11-23 20:23:00,"Port Orange, FL",29.10681152,-81.01023865
386,2012-11-23 07:05:00,"Lake Butter, FL",28.50064087,-81.56799316
387,2012-11-22 19:42:00,"Daytona Beach, FL",29.20708466,-81.02072906
388,2012-11-22 14:50:00,"Sunset, FL",25.70705795,-80.35047913
389,2012-11-22 08:18:00,"Olympia Heights, FL",25.72847939,-80.35642242
390,2012-11-21 11:36:00,"Glenvar Heights, FL",25.69574738,-80.31758118
391,2012-11-17 22:41:00,"Miami Beach, FL",25.79223633,-80.13484955
392,2012-11-17 20:38:00,"Miami Beach, FL",25.79223633,-80.13484955
393,2012-11-17 15:45:00,"Miami, FL",25.77508354,-80.19470215
394,2012-11-16 11:48:00,"Florida, USA",28.59551239,-82.48734283
395,2012-11-16 08:00:00,"Boston, MA",42.35899353,-71.0586319
396,2012-11-07 20:51:00,"Natick, MA",42.28377151,-71.34729004
397,2012-11-07 20:50:00,"Natick, MA",42.28377151,-71.34729004
398,2012-11-07 20:47:00,"Natick, MA",42.28377151,-71.34729004
399,2012-11-07 15:18:00,"Cambridge, MA",42.36524963,-71.10501862
400,2012-11-02 17:33:00,"Sunset, FL",25.70705795,-80.35047913
401,2012-10-31 20:01:00,"Boston, MA",42.35899353,-71.0586319
402,2012-10-31 19:23:00,DO Re Mi Music Studio,44.87479782,-85.73097992
403,2012-10-31 17:42:00,"Brookline, MA",42.33367538,-71.12088013
404,2012-10-31 17:41:00,"Brookline, MA",42.33367538,-71.12088013
405,2012-10-31 17:10:00,"Brookline, MA",42.33367538,-71.12088013
406,2012-10-31 17:09:00,"Brookline, MA",42.33367538,-71.12088013
407,2012-10-31 17:08:00,"Brookline, MA",42.33367538,-71.12088013
408,2012-10-31 17:07:00,"Brookline, MA",42.33367538,-71.12088013
409,2012-10-31 17:06:00,"Brookline, MA",42.33367538,-71.12088013
410,2012-10-31 17:04:00,"Brookline, MA",42.33367538,-71.12088013
411,2012-10-29 09:32:00,"Boston, MA",42.35899353,-71.0586319
412,2012-10-28 17:51:00,"Boston, MA",42.35899353,-71.0586319
413,2012-10-28 09:22:00,"Cambridge, MA",42.36524963,-71.10501862
414,2012-10-27 11:47:00,"Nashua, NH",42.75786972,-71.46395111
415,2012-10-22 19:25:00,"Cambridge, MA",42.36524963,-71.10501862
416,2012-10-16 15:50:00,"Boston, MA",42.35899353,-71.0586319
417,2012-10-11 18:15:00,"Boston, MA",42.35899353,-71.0586319
418,2012-10-02 10:13:00,"Cambridge, MA",42.36524963,-71.10501862
419,2012-09-29 18:38:00,"Somerville, MA",42.38912201,-71.09714508
420,2012-09-28 15:43:00,"Cambridge, MA",42.36524963,-71.10501862
421,2012-09-21 19:02:00,"Boston, MA",42.35899353,-71.0586319
422,2012-09-17 06:51:00,"Granada, Andalucía",37.17648315,-3.59793711
423,2012-09-16 17:02:00,Spain,40.3901062,-3.55437493
424,2012-09-16 16:56:00,"Marbella, Andalucía",36.50993729,-4.88635397
425,2012-09-14 08:03:00,"Gueliz, Marrakech - Tensift - Al Haouz",31.6321888,-8.01081371
426,2012-09-12 15:03:00,"Ghassate, Souss - Massa - Drâa",29.92085838,-8.33702755
427,2012-09-10 05:57:00,"Fès Médina, Fès - Boulemane",34.06311798,-4.97380018
428,2012-09-10 05:55:00,"Fez, Fès - Boulemane",33.36597061,-4.73009109
429,2012-09-08 18:58:00,"Boston, MA",42.35899353,-71.0586319
430,2012-09-07 19:47:00,"Cambridge, MA",42.36524963,-71.10501862
431,2012-08-31 19:06:00,"Manhattan, NY",40.75325012,-74.00380707
432,2012-08-31 10:55:00,"Manhattan, NY",40.75325012,-74.00380707
433,2012-08-31 10:02:00,"Manhattan, NY",40.75325012,-74.00380707
434,2012-08-30 20:29:00,"Manhattan, NY",40.75325012,-74.00380707
435,2012-08-30 19:47:00,"Manhattan, NY",40.75325012,-74.00380707
436,2012-08-28 17:34:00,"Cambridge, MA",42.36524963,-71.10501862
437,2012-08-28 06:37:00,"Boston, MA",42.35899353,-71.0586319
438,2012-08-27 09:30:00,"Boston, MA",42.35899353,-71.0586319
439,2012-08-26 12:36:00,"Boston, MA",42.35899353,-71.0586319
440,2012-08-25 16:35:00,"Boston, MA",42.35899353,-71.0586319
441,2012-08-25 12:42:00,"Boston, MA",42.35899353,-71.0586319
442,2012-08-24 21:07:00,"Cambridge, MA",42.36524963,-71.10501862
443,2012-08-24 09:11:00,"Boston, MA",42.35899353,-71.0586319
444,2012-08-23 21:11:00,"Boston, MA",42.35899353,-71.0586319
445,2012-08-23 18:27:00,"Boston, MA",42.35899353,-71.0586319
446,2012-08-23 11:06:00,"Boston, MA",42.35899353,-71.0586319
447,2012-08-19 14:02:00,"Cambridge, MA",42.36524963,-71.10501862
448,2012-08-18 23:56:00,"Cambridge, MA",42.36524963,-71.10501862
449,2012-08-18 11:06:00,"Brookline, MA",42.33367538,-71.12088013
450,2012-08-17 18:08:00,"Boston, MA",42.35899353,-71.0586319
451,2012-08-17 16:30:00,"Boston, MA",42.35899353,-71.0586319
452,2012-08-17 09:08:00,"Boston, MA",42.35899353,-71.0586319
453,2012-08-16 22:58:00,"Cambridge, MA",42.36524963,-71.10501862
454,2012-08-16 18:03:00,"Boston, MA",42.35899353,-71.0586319
455,2012-08-16 17:45:00,"Boston, MA",42.35899353,-71.0586319
456,2012-08-16 09:22:00,"Boston, MA",42.35899353,-71.0586319
457,2012-08-15 17:06:00,"Boston, MA",42.35899353,-71.0586319
458,2012-08-15 15:08:00,"Boston, MA",42.35899353,-71.0586319
459,2012-08-14 16:56:00,"Manhattan, NY",40.75325012,-74.00380707
460,2012-08-14 11:46:00,"Manhattan, NY",40.75325012,-74.00380707
461,2012-08-13 17:09:00,"Manhattan, NY",40.75325012,-74.00380707
462,2012-08-13 12:14:00,"Manhattan, NY",40.75325012,-74.00380707
463,2012-08-13 09:06:00,"Manhattan, NY",40.75325012,-74.00380707
464,2012-08-12 12:54:00,"Manhattan, NY",40.75325012,-74.00380707
465,2012-08-12 08:40:00,"Boston, MA",42.35899353,-71.0586319
466,2012-08-11 22:24:00,"Cambridge, MA",42.36524963,-71.10501862
467,2012-08-11 17:09:00,"Boston, MA",42.35899353,-71.0586319
468,2012-08-11 09:33:00,"Brookline, MA",42.33367538,-71.12088013
469,2012-08-10 20:04:00,"Cambridge, MA",42.36524963,-71.10501862
470,2012-08-10 16:18:00,"Boston, MA",42.35899353,-71.0586319
471,2012-08-10 10:48:00,"Boston, MA",42.35899353,-71.0586319
472,2012-08-10 09:56:00,"Boston, MA",42.35899353,-71.0586319
473,2012-08-09 10:09:00,"Boston, MA",42.35899353,-71.0586319
474,2012-08-09 09:57:00,"Boston, MA",42.35899353,-71.0586319
475,2012-08-08 16:37:00,"Boston, MA",42.35899353,-71.0586319
476,2012-08-07 17:18:00,"Boston, MA",42.35899353,-71.0586319
477,2012-08-07 15:41:00,"Boston, MA",42.35899353,-71.0586319
478,2012-08-07 08:55:00,"Cambridge, MA",42.36524963,-71.10501862
479,2012-08-06 18:53:00,"Cambridge, MA",42.36524963,-71.10501862
480,2012-08-06 16:50:00,"Cambridge, MA",42.36524963,-71.10501862
481,2012-08-05 10:01:00,"Boston, MA",42.35899353,-71.0586319
482,2012-08-05 09:33:00,"Cambridge, MA",42.36524963,-71.10501862
483,2012-08-04 20:12:00,"Boston, MA",42.35899353,-71.0586319
484,2012-08-03 09:00:00,"Boston, MA",42.35899353,-71.0586319
485,2012-08-02 21:26:00,"Cambridge, MA",42.36524963,-71.10501862
486,2012-08-02 20:04:00,"Cambridge, MA",42.36524963,-71.10501862
487,2012-08-01 06:04:00,"Cambridge, MA",42.36524963,-71.10501862
488,2012-07-31 04:42:00,"Boston, MA",42.35899353,-71.0586319
489,2012-07-30 22:59:00,"Phoenix, AZ",33.44820404,-112.07258606
490,2012-07-30 20:02:00,"Paradise, NV",36.11553574,-115.15795135
491,2012-07-30 10:58:00,"Paradise, NV",36.11553574,-115.15795135
492,2012-07-28 21:06:00,"Paradise, NV",36.11553574,-115.15795135
493,2012-07-28 00:05:00,"Paradise, NV",36.11553574,-115.15795135
494,2012-07-27 11:17:00,"Paradise, NV",36.11553574,-115.15795135
495,2012-07-26 21:42:00,"Paradise, NV",36.11553574,-115.15795135
496,2012-07-26 19:19:00,"Paradise, NV",36.11553574,-115.15795135
497,2012-07-26 16:42:00,"SeaTac, WA",47.44525909,-122.29453278
498,2012-07-26 13:02:00,"Seattle, WA",47.60322952,-122.33027649
499,2012-07-26 01:22:00,"Seattle, WA",47.60322952,-122.33027649
500,2012-07-25 23:27:00,"Seattle, WA",47.60322952,-122.33027649
501,2012-07-25 22:31:00,"Seattle, WA",47.60322952,-122.33027649
502,2012-07-25 19:33:00,"Seattle, WA",47.60322952,-122.33027649
503,2012-07-25 11:14:00,"Seattle, WA",47.60322952,-122.33027649
504,2012-07-24 21:59:00,"Seattle, WA",47.60322952,-122.33027649
505,2012-07-24 20:37:00,"Seattle, WA",47.60322952,-122.33027649
506,2012-07-24 12:56:00,"Seattle, WA",47.60322952,-122.33027649
507,2012-07-23 23:20:00,"Seattle, WA",47.60322952,-122.33027649
508,2012-07-23 20:01:00,"Seattle, WA",47.60322952,-122.33027649
509,2012-07-23 17:51:00,"Seattle, WA",47.60322952,-122.33027649
510,2012-07-23 16:04:00,"Seattle, WA",47.60322952,-122.33027649
511,2012-07-23 14:58:00,"Seattle, WA",47.60322952,-122.33027649
512,2012-07-23 14:29:00,"SeaTac, WA",47.44525909,-122.29453278
513,2012-07-22 18:07:00,"Cambridge, MA",42.36524963,-71.10501862
514,2012-07-22 15:49:00,"Watertown, MA",42.36737061,-71.18749237
515,2012-07-22 15:32:00,"Milton, MA",42.24856567,-71.06918335
516,2012-07-22 09:29:00,"Milton, MA",42.24856567,-71.06918335
517,2012-07-21 08:52:00,"Cambridge, MA",42.36524963,-71.10501862
518,2012-07-19 15:30:00,"Boston, MA",42.35899353,-71.0586319
519,2012-07-19 08:06:00,"Boston, MA",42.35899353,-71.0586319
520,2012-07-18 19:41:00,"Boston, MA",42.35899353,-71.0586319
521,2012-07-18 17:28:00,"Boston, MA",42.35899353,-71.0586319
522,2012-07-17 17:55:00,"Boston, MA",42.35899353,-71.0586319
523,2012-07-17 15:19:00,"Boston, MA",42.35899353,-71.0586319
524,2012-07-17 15:12:00,"Boston, MA",42.35899353,-71.0586319
525,2012-07-17 09:25:00,"Boston, MA",42.35899353,-71.0586319
526,2012-07-16 16:04:00,"Boston, MA",42.35899353,-71.0586319
527,2012-07-15 16:25:00,"Cambridge, MA",42.36524963,-71.10501862
528,2012-07-15 14:23:00,"Cambridge, MA",42.36524963,-71.10501862
529,2012-07-15 07:36:00,"Brattleboro, VT",42.84587097,-72.56302643
530,2012-07-14 04:15:00,"Dover, VT",42.93693924,-72.80910492
531,2012-07-10 16:14:00,"Cambridge, MA",42.36524963,-71.10501862
