,time,poi,latitude,longitude
0,2015-10-04 09:04:00,"Irvine, CA",33.68590927,-117.82472229
1,2015-10-02 05:27:00,"Paddington, London",51.51596832,-0.174968
2,2015-09-30 09:50:00,"London, England",51.50015259,-0.12623601
3,2015-09-29 17:42:00,Costa Rica,9.97899818,-84.19515228
4,2015-09-24 14:23:00,"Camden Town, London",51.54133987,-0.14628001
5,2015-09-24 03:54:00,"Poplar, London",51.50878143,-0.010522
6,2015-09-23 09:03:00,"Camden Town, London",51.54133987,-0.14628001
7,2015-09-23 08:30:00,"Camden Town, London",51.54133987,-0.14628001
8,2015-09-23 08:08:00,"Camden Town, London",51.54133987,-0.14628001
9,2015-09-22 02:27:00,"Camden Town, London",51.54133987,-0.14628001
10,2015-09-20 01:53:00,"Canterbury, England",51.27725601,1.08045495
11,2015-09-19 15:09:00,"Canterbury, England",51.27725601,1.08045495
12,2015-09-15 03:28:00,"Camden Town, London",51.54133987,-0.14628001
13,2015-09-10 05:05:00,"Neuchâtel, Suisse",46.99381256,6.92959499
14,2015-09-10 04:43:00,"Neuchâtel, Suisse",46.99381256,6.92959499
15,2015-09-06 11:50:00,"Paddington, London",51.51596832,-0.174968
16,2015-09-03 10:40:00,"London, England",51.50015259,-0.12623601
17,2015-09-02 05:52:00,"Camden Town, London",51.54133987,-0.14628001
18,2015-08-30 09:21:00,"Camberwell, London",51.47415924,-0.093181
19,2015-08-27 13:49:00,"London, England",51.50015259,-0.12623601
20,2015-08-26 10:16:00,"Camden Town, London",51.54133987,-0.14628001
21,2015-08-24 15:17:00,"Camden Town, London",51.54133987,-0.14628001
22,2015-08-22 20:35:00,"Los Angeles, CA",34.05223846,-118.24334717
23,2015-08-15 11:06:00,"Fajardo, Puerto Rico",18.33037949,-65.66060638
24,2015-08-13 11:16:00,"Gato, Puerto Rico",18.26023674,-66.39121246
25,2015-08-07 11:33:00,"Las Piedras, Puerto Rico",18.1829586,-65.8664093
26,2015-07-24 14:00:00,"Los Angeles, CA",34.05223846,-118.24334717
27,2015-07-23 22:38:00,"Fullerton, CA",33.87034607,-117.92430115
28,2015-07-09 21:30:00,"Los Angeles, CA",34.05223846,-118.24334717
29,2015-07-08 17:32:00,"Los Angeles, CA",34.05223846,-118.24334717
30,2015-05-06 10:44:00,"Los Angeles, CA",34.05223846,-118.24334717
31,2015-05-06 10:32:00,"Los Angeles, CA",34.05223846,-118.24334717
32,2015-04-03 14:11:00,"Los Angeles, CA",34.05223846,-118.24334717
33,2015-03-01 11:55:00,"San Francisco, CA",37.78007889,-122.42015839
34,2015-02-26 19:45:00,"Livermore, CA",37.67591476,-121.75886536
35,2015-02-22 18:02:00,"Los Angeles, CA",34.05223846,-118.24334717
36,2015-01-20 09:36:00,"Irvine, CA",33.68590927,-117.82472229
37,2015-01-18 18:43:00,"Los Angeles, CA",34.05223846,-118.24334717
38,2015-01-06 14:13:00,"Laguna Beach, CA",33.54584503,-117.78173065
39,2015-01-05 09:53:00,"Laguna Beach, CA",33.54584503,-117.78173065
40,2014-12-31 18:19:00,"Los Angeles, CA",34.05223846,-118.24334717
41,2014-12-22 11:48:00,"Laguna Beach, CA",33.54584503,-117.78173065
42,2014-12-21 16:41:00,"Santa Monica, CA",34.01093292,-118.49151611
43,2014-12-18 12:26:00,"Irvine, CA",33.68590927,-117.82472229
44,2014-12-07 20:11:00,"Long Beach, CA",33.77171326,-118.18131256
45,2014-12-07 16:36:00,"Pasadena, CA",34.14955139,-118.14144897
46,2014-12-07 10:13:00,"Los Angeles, CA",34.05223846,-118.24334717
47,2014-11-26 17:35:00,"San Francisco, CA",37.78007889,-122.42015839
48,2014-11-26 15:11:00,"San Francisco, CA",37.78007889,-122.42015839
49,2014-11-24 15:50:00,"Napa, CA",38.29724121,-122.28940582
50,2014-11-24 13:33:00,"California, USA",37.25466919,-119.61727905
51,2014-11-24 10:19:00,"Mill Valley, CA",37.90667343,-122.54754639
52,2014-11-23 23:09:00,"California, USA",37.25466919,-119.61727905
53,2014-11-14 22:13:00,"Orange, CA",33.79148865,-117.85309601
54,2014-11-08 21:36:00,"Los Angeles, CA",34.05223846,-118.24334717
55,2014-11-04 16:14:00,"Brentwood, CA",37.93201828,-121.69589233
56,2014-11-03 13:38:00,"Los Angeles, CA",34.05223846,-118.24334717
57,2014-11-03 12:15:00,"Los Angeles, CA",34.05223846,-118.24334717
58,2014-10-31 20:22:00,"Los Angeles, CA",34.05223846,-118.24334717
59,2014-10-28 16:13:00,"Los Angeles, CA",34.05223846,-118.24334717
60,2014-10-19 13:25:00,"Phoenix, AZ",33.44820404,-112.07258606
61,2014-10-16 13:43:00,"Los Angeles, CA",34.05223846,-118.24334717
62,2014-09-22 12:40:00,"Santa Monica, CA",34.01093292,-118.49151611
63,2014-09-21 15:52:00,"Los Angeles, CA",34.05223846,-118.24334717
64,2014-09-19 10:42:00,"Santa Monica, CA",34.01093292,-118.49151611
65,2014-09-09 13:44:00,"Santa Monica, CA",34.01093292,-118.49151611
66,2014-02-02 09:45:00,"Gijón, Principado de Asturias",43.54523087,-5.66192389
67,2013-12-27 06:53:00,"Neuchâtel, Suisse",46.99381256,6.92959499
68,2013-12-01 20:30:00,"San Diego, CA",32.71575928,-117.16381836
69,2013-11-23 14:21:00,"Irvine, CA",33.68590927,-117.82472229
70,2013-11-16 17:30:00,"San Diego, CA",32.71575928,-117.16381836
71,2013-11-14 20:39:00,"Fullerton, CA",33.87034607,-117.92430115
72,2013-11-09 15:12:00,"Irvine, CA",33.68590927,-117.82472229
73,2013-11-05 16:27:00,"Lake Forest, CA",33.6674614,-117.68849945
74,2013-11-03 14:22:00,"San Diego, CA",32.71575928,-117.16381836
75,2013-10-27 17:06:00,"Anaheim, CA",33.83449173,-117.91564178
76,2013-10-26 23:18:00,"San Diego, CA",32.71575928,-117.16381836
77,2013-10-26 16:28:00,"Dana Point, CA",33.47276306,-117.69877625
78,2013-10-25 21:50:00,"Anaheim, CA",33.83449173,-117.91564178
79,2013-10-20 19:36:00,"San Diego, CA",32.71575928,-117.16381836
80,2013-10-19 13:09:00,"San Diego, CA",32.71575928,-117.16381836
81,2013-10-12 22:55:00,"Anaheim, CA",33.83449173,-117.91564178
82,2013-10-11 19:01:00,"Lake Forest, CA",33.6674614,-117.68849945
83,2013-10-07 14:21:00,"Santa Ana, CA",33.74973679,-117.86978149
84,2013-10-07 13:35:00,"Santa Ana, CA",33.74973679,-117.86978149
85,2013-10-07 09:57:00,"San Diego, CA",32.71575928,-117.16381836
86,2013-10-05 16:23:00,"San Diego, CA",32.71575928,-117.16381836
87,2013-10-05 11:13:00,"San Diego, CA",32.71575928,-117.16381836
88,2013-10-04 15:52:00,"Fullerton, CA",33.87034607,-117.92430115
89,2013-10-03 14:36:00,"San Juan Capistrano, CA",33.50187302,-117.66281891
90,2013-10-03 09:41:00,"Bellevue, WA",47.61370087,-122.19093323
91,2013-10-02 20:40:00,"Marina del Rey, CA",33.97571945,-118.45119476
92,2013-10-01 11:49:00,"Costa Mesa, CA",33.66385651,-117.90476227
93,2013-09-29 20:43:00,"Los Angeles, CA",34.05223846,-118.24334717
94,2013-09-29 16:23:00,"Fullerton, CA",33.87034607,-117.92430115
95,2013-09-26 14:02:00,"San Diego, CA",32.71575928,-117.16381836
96,2013-09-25 10:32:00,"San Diego, CA",32.71575928,-117.16381836
97,2013-09-23 20:59:00,"San Diego, CA",32.71575928,-117.16381836
98,2013-09-23 19:48:00,"Coronado, CA",32.69392776,-117.19048309
99,2013-09-22 14:13:00,"California, USA",37.25466919,-119.61727905
100,2013-09-21 18:45:00,"San Clemente, CA",33.42364502,-117.61765289
101,2013-09-21 00:15:00,"Fullerton, CA",33.87034607,-117.92430115
102,2013-09-19 19:21:00,"Newport Beach, CA",33.60876846,-117.87335968
103,2013-09-17 20:32:00,"Los Angeles, CA",34.05223846,-118.24334717
104,2013-09-15 14:53:00,"Laguna Beach, CA",33.54584503,-117.78173065
105,2013-09-12 13:35:00,"San Diego, CA",32.71575928,-117.16381836
106,2013-09-10 19:42:00,"San Diego, CA",32.71575928,-117.16381836
107,2013-09-10 10:16:00,"San Diego, CA",32.71575928,-117.16381836
108,2013-09-09 18:59:00,"San Diego, CA",32.71575928,-117.16381836
109,2013-09-07 20:58:00,"Los Angeles, CA",34.05223846,-118.24334717
110,2013-09-03 21:41:00,"Anaheim, CA",33.83449173,-117.91564178
111,2013-09-02 16:57:00,"Costa Mesa, CA",33.66385651,-117.90476227
112,2013-08-29 12:52:00,"Anaheim, CA",33.83449173,-117.91564178
113,2013-08-29 09:54:00,"San Diego, CA",32.71575928,-117.16381836
114,2013-08-25 16:59:00,"Los Angeles, CA",34.05223846,-118.24334717
115,2013-08-24 13:50:00,"Anaheim, CA",33.83449173,-117.91564178
116,2013-08-23 20:45:00,"Anaheim, CA",33.83449173,-117.91564178
117,2013-08-22 21:25:00,"Orange, CA",33.79148865,-117.85309601
118,2013-08-20 15:38:00,"Los Angeles, CA",34.05223846,-118.24334717
119,2013-08-19 15:38:00,"San Diego, CA",32.71575928,-117.16381836
120,2013-08-17 17:57:00,"San Diego, CA",32.71575928,-117.16381836
121,2013-08-16 16:01:00,"San Diego, CA",32.71575928,-117.16381836
122,2013-08-12 23:19:00,"Long Beach, CA",33.77171326,-118.18131256
123,2013-08-10 22:48:00,"Laguna Niguel, CA",33.52474213,-117.71587372
124,2013-08-08 15:34:00,"Irvine, CA",33.68590927,-117.82472229
125,2013-08-08 00:46:00,Mesa,33.41518021,-111.83149719
126,2013-08-05 15:10:00,"Santa Monica, CA",34.01093292,-118.49151611
127,2013-08-04 15:31:00,"San Diego, CA",32.71575928,-117.16381836
128,2013-08-03 19:34:00,"San Clemente, CA",33.42364502,-117.61765289
129,2013-08-03 13:59:00,"Anaheim, CA",33.83449173,-117.91564178
130,2013-08-02 17:51:00,"Santa Monica, CA",34.01093292,-118.49151611
131,2013-08-01 15:18:00,"Santa Monica, CA",34.01093292,-118.49151611
132,2013-07-31 20:14:00,"California, USA",37.25466919,-119.61727905
133,2013-07-28 13:02:00,"San Diego, CA",32.71575928,-117.16381836
134,2013-07-27 22:03:00,"San Diego, CA",32.71575928,-117.16381836
135,2013-07-27 15:21:00,"Laguna Niguel, CA",33.52474213,-117.71587372
136,2013-07-24 13:12:00,"Santa Monica, CA",34.01093292,-118.49151611
137,2013-07-23 18:36:00,"Santa Monica, CA",34.01093292,-118.49151611
138,2013-07-23 12:41:00,"Santa Monica, CA",34.01093292,-118.49151611
139,2013-07-22 12:00:00,"Costa Mesa, CA",33.66385651,-117.90476227
140,2013-07-14 16:36:00,"San Diego, CA",32.71575928,-117.16381836
141,2013-07-14 14:32:00,"San Diego, CA",32.71575928,-117.16381836
142,2013-07-11 16:04:00,Paradise Perks Llc,36.11553574,-115.15795135
143,2013-07-06 23:22:00,"Los Angeles, CA",34.05223846,-118.24334717
144,2013-07-03 20:35:00,"Newport Beach, CA",33.60876846,-117.87335968
145,2013-07-03 15:04:00,Milk & Honey,51.51369858,-0.1366
146,2013-07-02 18:53:00,"El Toro, CA",37.12268448,-121.69624329
147,2013-06-30 16:00:00,"Santa Monica, CA",34.01093292,-118.49151611
148,2013-06-29 21:53:00,"Culver City, CA",34.02249908,-118.39428711
149,2013-06-29 20:02:00,"Culver City, CA",34.02249908,-118.39428711
150,2013-06-27 16:54:00,"Laguna Beach, CA",33.54584503,-117.78173065
151,2013-06-26 23:05:00,"Santa Monica, CA",34.01093292,-118.49151611
152,2013-06-23 19:18:00,"San Diego, CA",32.71575928,-117.16381836
153,2013-06-21 14:18:00,"San Diego, CA",32.71575928,-117.16381836
154,2013-06-17 10:09:00,"San Diego, CA",32.71575928,-117.16381836
155,2013-06-16 20:30:00,"San Diego, CA",32.71575928,-117.16381836
156,2013-06-13 16:06:00,Coffee Pub,59.33464432,18.06124496
157,2013-06-10 18:35:00,"Santa Monica, CA",34.01093292,-118.49151611
158,2013-06-08 19:42:00,"Costa Mesa, CA",33.66385651,-117.90476227
159,2013-06-08 15:07:00,"Santa Monica, CA",34.01093292,-118.49151611
160,2013-06-07 18:07:00,"Laguna Beach, CA",33.54584503,-117.78173065
161,2013-06-07 15:57:00,"Laguna Beach, CA",33.54584503,-117.78173065
162,2013-06-06 19:05:00,"Laguna Beach, CA",33.54584503,-117.78173065
163,2013-06-06 16:54:00,24 Hour Fitness Irvine Sport,33.68590927,-117.82472229
164,2013-06-05 18:59:00,"Los Angeles, CA",34.05223846,-118.24334717
165,2013-06-04 20:56:00,"Los Angeles, CA",34.05223846,-118.24334717
166,2013-06-03 18:10:00,"Santa Monica, CA",34.01093292,-118.49151611
167,2013-06-01 13:57:00,"Santa Fe Springs, CA",33.94618225,-118.08626556
168,2013-05-30 23:06:00,"Los Angeles, CA",34.05223846,-118.24334717
169,2013-05-29 11:58:00,"San Diego, CA",32.71575928,-117.16381836
170,2013-05-26 00:55:00,"San Diego, CA",32.71575928,-117.16381836
171,2013-05-24 19:47:00,The Cheesecake Factory,32.94475555,-97.12911224
172,2013-05-22 23:34:00,"Pendleton, CA",-34.60756683,-58.43708801
173,2013-05-15 20:26:00,"Los Angeles, CA",34.05223846,-118.24334717
174,2013-05-14 19:13:00,Scandia Bakery & Coffee Shop,45.25585556,-92.80435181
175,2013-05-05 17:30:00,"San Diego, CA",32.71575928,-117.16381836
176,2013-05-04 12:26:00,"San Diego, CA",32.71575928,-117.16381836
177,2013-05-02 18:53:00,"Los Angeles, CA",34.05223846,-118.24334717
178,2013-05-02 17:52:00,"Los Angeles, CA",34.05223846,-118.24334717
179,2013-05-01 16:32:00,"Whitney, NV",36.08691406,-115.02783966
180,2013-04-29 16:03:00,"Irvine, CA",33.68590927,-117.82472229
181,2013-04-26 17:16:00,"Los Angeles, CA",34.05223846,-118.24334717
182,2013-04-21 14:11:00,"Los Angeles, CA",34.05223846,-118.24334717
183,2013-04-21 13:48:00,"Santa Monica, CA",34.01093292,-118.49151611
184,2013-04-20 19:31:00,"Los Angeles, CA",34.05223846,-118.24334717
185,2013-04-19 22:37:00,"Beverly Hills, CA",34.08029556,-118.40467834
186,2013-04-18 22:13:00,"West Hollywood, CA",34.09068298,-118.37174988
187,2013-04-18 18:02:00,"Los Angeles, CA",34.05223846,-118.24334717
188,2013-04-16 17:49:00,"Los Angeles, CA",34.05223846,-118.24334717
189,2013-04-16 15:29:00,"Los Angeles, CA",34.05223846,-118.24334717
190,2013-04-12 17:25:00,"San Diego, CA",32.71575928,-117.16381836
191,2013-04-12 16:59:00,"San Diego, CA",32.71575928,-117.16381836
192,2013-04-10 22:11:00,Altitude Sky Lounge,34.66884995,-88.44309998
193,2013-04-06 21:39:00,"Long Beach, CA",33.77171326,-118.18131256
194,2013-04-03 12:31:00,"San Juan Capistrano, CA",33.50187302,-117.66281891
195,2013-04-03 11:48:00,Hidden House Coffee,45.67206192,-122.63593292
196,2013-04-01 18:39:00,lestat's,44.7094574,1.15105498
197,2013-03-29 16:35:00,The Gypsy Den,37.66226578,-82.96546173
198,2013-03-28 23:41:00,"Santa Ana, CA",33.74973679,-117.86978149
199,2013-03-28 14:05:00,"San Diego, CA",32.71575928,-117.16381836
200,2013-03-28 00:21:00,"San Diego, CA",32.71575928,-117.16381836
201,2013-03-26 21:36:00,"Baja California, México",30.5891037,-115.11167145
202,2013-03-24 20:53:00,"Cordes Lakes, AZ",34.31015396,-112.10037994
203,2013-03-24 17:56:00,"Baja California, México",30.5891037,-115.11167145
204,2013-03-23 16:24:00,"Fullerton, CA",33.87034607,-117.92430115
205,2013-03-21 14:09:00,"San Diego, CA",32.71575928,-117.16381836
206,2013-03-21 12:02:00,Influx Cafe Lit,63.31957626,14.85166073
207,2013-03-18 10:25:00,"San Diego, CA",32.71575928,-117.16381836
208,2013-03-16 15:46:00,Mission Beach Plunge,32.78245926,-117.25322723
209,2013-03-15 23:58:00,"Carlsbad, CA",33.16603851,-117.33792877
210,2013-03-14 20:41:00,The Saloon,24.47842,54.35414
211,2013-03-11 19:05:00,Artists Village,32.95870209,35.74207687
212,2013-03-10 20:22:00,Rocky Cola Cafe,35.15686417,-99.06058502
213,2013-03-08 18:50:00,"San Diego, CA",32.71575928,-117.16381836
214,2013-03-05 16:27:00,Zait and Zaatar,33.0083077,35.26280907
215,2013-03-03 18:03:00,San Diego Zoo,32.73611069,-117.15139008
216,2013-03-02 08:21:00,"Los Angeles, CA",34.05223846,-118.24334717
