,time,poi,latitude,longitude
0,2015-10-28 09:39:00,"San Francisco, CA",37.78007889,-122.42015839
1,2015-10-24 14:46:00,"Guerneville, CA",38.50199127,-122.99877167
2,2015-10-23 20:16:00,"San Francisco, CA",37.78007889,-122.42015839
3,2015-10-21 12:36:00,"Denver, CO",39.73845291,-104.98485565
4,2015-10-22 19:53:00,"San Francisco, CA",37.78007889,-122.42015839
5,2015-10-22 19:49:00,"San Francisco, CA",37.78007889,-122.42015839
6,2015-10-21 17:44:00,"San Francisco, CA",37.78007889,-122.42015839
7,2015-10-21 16:35:00,"San Francisco, CA",37.78007889,-122.42015839
8,2015-10-21 16:32:00,"San Francisco, CA",37.78007889,-122.42015839
9,2015-10-21 11:33:00,"San Francisco, CA",37.78007889,-122.42015839
10,2015-10-21 10:35:00,"San Francisco, CA",37.78007889,-122.42015839
11,2015-10-21 09:44:00,"San Francisco, CA",37.78007889,-122.42015839
12,2015-10-21 07:43:00,"San Francisco, CA",37.78007889,-122.42015839
13,2015-10-20 18:05:00,"San Francisco, CA",37.78007889,-122.42015839
14,2015-10-20 14:57:00,"San Francisco, CA",37.78007889,-122.42015839
15,2015-10-18 20:05:00,"San Francisco, CA",37.78007889,-122.42015839
16,2015-10-16 15:55:00,"San Francisco, CA",37.78007889,-122.42015839
17,2015-10-16 14:38:00,"San Francisco, CA",37.78007889,-122.42015839
18,2015-10-16 09:55:00,"San Francisco, CA",37.78007889,-122.42015839
19,2015-10-14 20:06:00,"San Francisco, CA",37.78007889,-122.42015839
20,2015-10-13 12:54:00,"Manhattan, NY",40.75325012,-74.00380707
21,2015-10-10 15:33:00,"San Francisco, CA",37.78007889,-122.42015839
22,2015-10-10 14:51:00,"San Francisco, CA",37.78007889,-122.42015839
23,2015-10-10 14:06:00,"San Francisco, CA",37.78007889,-122.42015839
24,2015-10-09 17:53:00,"San Francisco, CA",37.78007889,-122.42015839
25,2015-10-09 13:17:00,"San Francisco, CA",37.78007889,-122.42015839
26,2015-10-08 19:20:00,"San Francisco, CA",37.78007889,-122.42015839
27,2015-10-08 12:22:00,"San Francisco, CA",37.78007889,-122.42015839
28,2015-10-07 17:10:00,"Michigan, USA",44.87479782,-85.73097992
29,2015-10-07 08:15:00,"Manhattan, NY",40.75325012,-74.00380707
30,2015-10-07 07:44:00,"Manhattan, NY",40.75325012,-74.00380707
31,2015-10-07 06:25:00,"Manhattan, NY",40.75325012,-74.00380707
32,2015-10-07 05:34:00,"Manhattan, NY",40.75325012,-74.00380707
33,2015-10-06 06:44:00,"Midtown, Manhattan",40.75992584,-73.98041534
34,2015-10-06 04:23:00,"Manhattan, NY",40.75325012,-74.00380707
35,2015-10-04 17:03:00,"Cambridge, MA",42.36524963,-71.10501862
36,2015-10-04 17:01:00,"Cambridge, MA",42.36524963,-71.10501862
37,2015-10-03 05:40:00,Brunel Museum,51.50158691,-0.052947
38,2015-10-03 04:13:00,Design Museum,51.49978638,-0.199641
39,2015-10-03 02:06:00,"Paddington, London",51.51596832,-0.174968
40,2015-10-02 11:58:00,"London, England",51.50015259,-0.12623601
41,2015-09-29 08:32:00,"San Francisco, CA",37.78007889,-122.42015839
42,2015-09-28 22:33:00,"San Francisco, CA",37.78007889,-122.42015839
43,2015-09-26 09:58:00,"San Francisco, CA",37.78007889,-122.42015839
44,2015-09-25 08:52:00,"San Francisco, CA",37.78007889,-122.42015839
45,2015-09-24 09:47:00,"San Francisco, CA",37.78007889,-122.42015839
46,2015-09-21 21:28:00,"San Francisco, CA",37.78007889,-122.42015839
47,2015-09-21 21:25:00,"San Francisco, CA",37.78007889,-122.42015839
48,2015-09-21 20:34:00,"San Francisco, CA",37.78007889,-122.42015839
49,2015-09-21 20:32:00,"San Francisco, CA",37.78007889,-122.42015839
50,2015-09-19 21:04:00,"San Francisco, CA",37.78007889,-122.42015839
51,2015-09-18 21:58:00,Berkeley Repertory Theatre,37.8690567,-122.27046204
52,2015-09-15 22:39:00,"San Francisco, CA",37.78007889,-122.42015839
53,2015-09-15 22:36:00,"San Francisco, CA",37.78007889,-122.42015839
54,2015-09-15 22:34:00,"San Francisco, CA",37.78007889,-122.42015839
55,2015-09-14 17:51:00,"Queens, NY",40.75977707,-73.81729889
56,2015-09-14 16:41:00,"Queens, NY",40.75977707,-73.81729889
57,2015-09-14 16:06:00,"Manhattan, NY",40.75325012,-74.00380707
58,2015-09-14 13:13:00,"Manhattan, NY",40.75325012,-74.00380707
59,2015-09-14 12:29:00,"Manhattan, NY",40.75325012,-74.00380707
60,2015-09-14 07:35:00,"Manhattan, NY",40.75325012,-74.00380707
61,2015-09-10 10:41:00,"San Francisco, CA",37.78007889,-122.42015839
62,2015-09-10 10:30:00,"San Francisco, CA",37.78007889,-122.42015839
63,2015-09-09 06:57:00,"San Francisco, CA",37.78007889,-122.42015839
64,2015-09-05 10:13:00,Van Nuys Sherman Oaks Pool,34.18465042,-118.44652557
65,2015-09-05 09:04:00,Starbucks,39.01421308,-119.74556321
66,2015-09-03 19:17:00,"Chestertown, MD",39.21120071,-76.06575775
67,2015-09-03 12:27:00,"Chestertown, MD",39.21120071,-76.06575775
68,2015-09-02 11:32:00,"San Francisco, CA",37.78007889,-122.42015839
69,2015-08-29 08:56:00,"San Francisco, CA",37.78007889,-122.42015839
70,2015-08-28 20:57:00,"San Francisco, CA",37.78007889,-122.42015839
71,2015-08-28 11:20:00,"San Francisco, CA",37.78007889,-122.42015839
72,2015-08-27 18:46:00,"Minnesota, USA",46.34914398,-94.19830322
73,2015-08-27 14:19:00,"Cambridge, MA",42.36524963,-71.10501862
74,2015-08-25 21:23:00,"Brisbane, CA",37.68267059,-122.40052032
75,2015-08-25 13:12:00,"San Francisco, CA",37.78007889,-122.42015839
76,2015-08-24 08:25:00,"Boulder, CO",40.01687241,-105.27962494
77,2015-08-23 18:08:00,"San Francisco, CA",37.78007889,-122.42015839
78,2015-08-23 13:01:00,"San Francisco, CA",37.78007889,-122.42015839
79,2015-08-23 12:48:00,"San Francisco, CA",37.78007889,-122.42015839
80,2015-08-20 21:04:00,"San Francisco, CA",37.78007889,-122.42015839
81,2015-08-20 12:07:00,"London, England",51.50015259,-0.12623601
82,2015-08-19 20:33:00,"San Francisco, CA",37.78007889,-122.42015839
83,2015-08-17 12:55:00,"San Francisco, CA",37.78007889,-122.42015839
84,2015-08-15 21:49:00,"San Francisco, CA",37.78007889,-122.42015839
85,2015-08-15 18:30:00,"San Francisco, CA",37.78007889,-122.42015839
86,2015-08-14 11:01:00,"San Francisco, CA",37.78007889,-122.42015839
87,2015-08-14 00:07:00,"San Francisco, CA",37.78007889,-122.42015839
88,2015-08-13 21:16:00,"San Francisco, CA",37.78007889,-122.42015839
89,2015-08-12 09:38:00,"San Francisco, CA",37.78007889,-122.42015839
90,2015-08-11 19:38:00,"San Francisco, CA",37.78007889,-122.42015839
91,2015-08-09 17:04:00,Zuni Cafe,35.06864548,-108.85141754
92,2015-08-08 18:00:00,"San Francisco, CA",37.78007889,-122.42015839
93,2015-08-06 18:15:00,"San Francisco, CA",37.78007889,-122.42015839
94,2015-08-04 19:56:00,"Washington, DC",38.89206314,-77.01991272
95,2015-08-01 07:37:00,"California, USA",37.25466919,-119.61727905
96,2015-07-29 20:16:00,"San Francisco, CA",37.78007889,-122.42015839
97,2015-07-28 14:02:00,"San Francisco, CA",37.78007889,-122.42015839
98,2015-07-28 13:32:00,"San Francisco, CA",37.78007889,-122.42015839
99,2015-07-27 18:50:00,"San Francisco, CA",37.78007889,-122.42015839
100,2015-07-27 18:00:00,"San Francisco, CA",37.78007889,-122.42015839
101,2015-07-21 20:48:00,Leopold's,-38.19001007,144.46824646
102,2015-07-19 19:37:00,"San Francisco, CA",37.78007889,-122.42015839
103,2015-07-18 18:48:00,"San Francisco, CA",37.78007889,-122.42015839
104,2015-07-17 13:41:00,"San Francisco, CA",37.78007889,-122.42015839
105,2015-07-17 13:40:00,"San Francisco, CA",37.78007889,-122.42015839
106,2015-07-17 13:19:00,"San Francisco, CA",37.78007889,-122.42015839
107,2015-07-17 08:03:00,"San Francisco, CA",37.78007889,-122.42015839
108,2015-07-12 19:37:00,"San Francisco, CA",37.78007889,-122.42015839
109,2015-07-11 22:30:00,"San Francisco, CA",37.78007889,-122.42015839
110,2015-07-10 07:55:00,"San Francisco, CA",37.78007889,-122.42015839
111,2015-07-09 21:01:00,Kin Khao,19.81010056,99.70992279
112,2015-07-08 08:49:00,"San Francisco, CA",37.78007889,-122.42015839
113,2015-07-03 08:16:00,"Lisbon, Portugal",38.70700836,-9.1356411
114,2015-06-29 18:26:00,"San Francisco, CA",37.78007889,-122.42015839
115,2015-06-28 20:37:00,"San Francisco, CA",37.78007889,-122.42015839
116,2015-06-28 10:47:00,"San Francisco, CA",37.78007889,-122.42015839
117,2015-06-26 19:49:00,"San Francisco, CA",37.78007889,-122.42015839
118,2015-06-25 19:20:00,"Cambridge, MA",42.36524963,-71.10501862
119,2015-06-24 10:15:00,"North Falmouth, MA",41.64669418,-70.61264801
120,2015-06-23 15:13:00,"North Falmouth, MA",41.64669418,-70.61264801
121,2015-06-22 09:13:00,"San Francisco, CA",37.78007889,-122.42015839
122,2015-06-19 20:12:00,"Oakland, CA",37.80482864,-122.2724762
123,2015-06-19 10:41:00,"San Francisco, CA",37.78007889,-122.42015839
124,2015-06-15 10:08:00,"San Francisco, CA",37.78007889,-122.42015839
125,2015-06-15 10:06:00,"San Francisco, CA",37.78007889,-122.42015839
126,2015-06-13 19:19:00,"San Francisco, CA",37.78007889,-122.42015839
127,2015-06-13 13:36:00,"San Francisco, CA",37.78007889,-122.42015839
128,2015-06-12 22:01:00,"Berkeley, CA",37.8690567,-122.27046204
129,2015-06-12 11:41:00,"San Francisco, CA",37.78007889,-122.42015839
130,2015-06-11 20:58:00,aesthetic union,40.69643784,-74.26988983
131,2015-06-11 13:17:00,"San Francisco, CA",37.78007889,-122.42015839
132,2015-06-08 20:25:00,"San Francisco, CA",37.78007889,-122.42015839
133,2015-06-08 16:59:00,"San Francisco, CA",37.78007889,-122.42015839
134,2015-06-06 13:19:00,"San Jose, CA",37.33479309,-121.88814545
135,2015-06-05 18:40:00,"San Francisco, CA",37.78007889,-122.42015839
136,2015-06-05 12:39:00,"San Francisco, CA",37.78007889,-122.42015839
137,2015-06-02 22:07:00,"San Francisco, CA",37.78007889,-122.42015839
138,2015-06-01 14:50:00,"San Francisco, CA",37.78007889,-122.42015839
139,2015-05-30 13:01:00,"San Francisco, CA",37.78007889,-122.42015839
140,2015-05-29 20:27:00,"San Francisco, CA",37.78007889,-122.42015839
141,2015-05-27 20:18:00,"San Francisco, CA",37.78007889,-122.42015839
142,2015-05-27 12:59:00,"San Francisco, CA",37.78007889,-122.42015839
143,2015-05-27 11:27:00,"San Francisco, CA",37.78007889,-122.42015839
144,2015-05-26 14:21:00,"San Francisco, CA",37.78007889,-122.42015839
145,2015-05-23 20:06:00,"San Francisco, CA",37.78007889,-122.42015839
146,2015-05-23 11:21:00,"San Francisco, CA",37.78007889,-122.42015839
147,2015-05-22 21:23:00,"Berkeley, CA",37.8690567,-122.27046204
148,2015-05-21 08:36:00,"Delaware, USA",39.00876236,-75.46864319
149,2015-05-21 11:25:00,"San Francisco, CA",37.78007889,-122.42015839
150,2015-05-20 21:17:00,"San Francisco, CA",37.78007889,-122.42015839
151,2015-05-20 19:43:00,"San Francisco, CA",37.78007889,-122.42015839
152,2015-05-19 18:33:00,"Los Angeles, CA",34.05223846,-118.24334717
153,2015-05-19 03:51:00,"Minato, Tokyo",35.65805817,139.75138855
154,2015-05-18 22:42:00,"Minato, Tokyo",35.65805817,139.75138855
155,2015-05-16 16:25:00,"Minato, Tokyo",35.65805817,139.75138855
156,2015-05-15 07:23:00,"San Francisco, CA",37.78007889,-122.42015839
157,2015-05-10 18:59:00,"San Francisco, CA",37.78007889,-122.42015839
158,2015-05-09 21:38:00,"San Francisco, CA",37.78007889,-122.42015839
159,2015-05-04 00:45:00,"Berlin, Germany",52.52342987,13.41143608
160,2015-05-03 12:11:00,Umami,-1.90045094,136.28753662
161,2015-04-30 22:33:00,"San Francisco, CA",37.78007889,-122.42015839
162,2015-04-30 22:26:00,"San Francisco, CA",37.78007889,-122.42015839
163,2015-04-30 18:29:00,"San Francisco, CA",37.78007889,-122.42015839
164,2015-04-27 12:28:00,"San Francisco, CA",37.78007889,-122.42015839
165,2015-04-26 21:05:00,"San Francisco, CA",37.78007889,-122.42015839
166,2015-04-24 17:22:00,"San Francisco, CA",37.78007889,-122.42015839
167,2015-04-23 17:18:00,"San Francisco, CA",37.78007889,-122.42015839
168,2015-04-22 22:14:00,"San Francisco, CA",37.78007889,-122.42015839
169,2015-04-22 21:10:00,"San Francisco, CA",37.78007889,-122.42015839
170,2015-04-22 12:50:00,"San Francisco, CA",37.78007889,-122.42015839
171,2015-04-21 08:19:00,"San Francisco, CA",37.78007889,-122.42015839
172,2015-04-14 22:13:00,"San Francisco, CA",37.78007889,-122.42015839
173,2015-04-14 13:12:00,"San Francisco, CA",37.78007889,-122.42015839
174,2015-04-13 19:07:00,"San Francisco, CA",37.78007889,-122.42015839
175,2015-04-12 08:13:00,"Woodside, CA",37.43177414,-122.25582123
176,2015-04-11 19:04:00,"Mill Valley, CA",37.90667343,-122.54754639
177,2015-04-11 12:20:00,"San Francisco, CA",37.78007889,-122.42015839
178,2015-04-11 12:18:00,"San Francisco, CA",37.78007889,-122.42015839
179,2015-04-09 22:16:00,"San Francisco, CA",37.78007889,-122.42015839
180,2015-04-09 17:47:00,"San Francisco, CA",37.78007889,-122.42015839
181,2015-04-09 07:56:00,"San Francisco, CA",37.78007889,-122.42015839
182,2015-04-04 11:16:00,"Valparaíso, Chile",-33.04584503,-71.61967468
183,2015-04-01 12:01:00,"Mendoza, Argentina",-32.88941574,-68.84461975
184,2015-03-26 21:41:00,"Venustiano Carranza, Distrito Federal",19.41666794,-99.1138916
185,2015-03-26 08:51:00,"San Francisco, CA",37.78007889,-122.42015839
186,2015-03-26 06:42:00,"San Francisco, CA",37.78007889,-122.42015839
187,2015-03-25 09:05:00,"San Francisco, CA",37.78007889,-122.42015839
188,2015-03-24 12:06:00,"San Francisco, CA",37.78007889,-122.42015839
189,2015-03-23 12:58:00,"San Francisco, CA",37.78007889,-122.42015839
190,2015-03-20 08:16:00,"San Francisco, CA",37.78007889,-122.42015839
191,2015-03-19 14:17:00,"San Francisco, CA",37.78007889,-122.42015839
192,2015-03-19 11:01:00,"San Francisco, CA",37.78007889,-122.42015839
193,2015-03-19 09:59:00,"San Francisco, CA",37.78007889,-122.42015839
194,2015-03-19 09:50:00,Terra Gallery & Event Space,34.96567154,32.42480087
195,2015-03-11 13:40:00,"San Francisco, CA",37.78007889,-122.42015839
196,2015-03-11 10:55:00,"Manhattan, NY",40.75325012,-74.00380707
197,2015-03-10 18:21:00,"San Francisco, CA",37.78007889,-122.42015839
198,2015-03-08 17:22:00,"San Francisco, CA",37.78007889,-122.42015839
199,2015-03-07 06:17:00,"Cologne, North Rhine-Westphalia",50.94053268,6.9599061
200,2015-03-06 04:23:00,"Langenfeld (Rheinland), Nordrhein-Westfalen",51.10244751,6.9471159
201,2015-03-05 08:02:00,"Hospitalet de Llobregat, Catalonia",41.35963058,2.09962201
202,2015-03-04 10:57:00,"Barcelona, Catalonia",41.38791656,2.16991901
203,2015-03-04 02:18:00,"Hospitalet de Llobregat, Catalonia",41.35963058,2.09962201
204,2015-03-03 13:57:00,"Barcelona, Catalonia",41.38791656,2.16991901
205,2015-03-03 02:08:00,"Barcelona, Catalonia",41.38791656,2.16991901
206,2015-03-02 10:32:00,"Barcelona, Catalonia",41.38791656,2.16991901
207,2015-03-02 09:14:00,"Hospitalet de Llobregat, Catalonia",41.35963058,2.09962201
208,2015-03-01 09:33:00,"Barcelona, Catalonia",41.38791656,2.16991901
209,2015-02-28 11:38:00,"London, England",51.50015259,-0.12623601
210,2015-02-27 18:57:00,"California, USA",37.25466919,-119.61727905
211,2015-02-26 08:38:00,"San Francisco, CA",37.78007889,-122.42015839
212,2015-02-24 08:45:00,"San Francisco, CA",37.78007889,-122.42015839
213,2015-02-23 17:03:00,"San Francisco, CA",37.78007889,-122.42015839
214,2015-02-20 15:13:00,"California, USA",37.25466919,-119.61727905
215,2015-02-19 20:19:00,"Dollar Point, CA",39.19235992,-120.10479736
216,2015-02-16 11:13:00,"Santa Rosa, CA",38.43969727,-122.71564484
217,2015-02-16 11:01:00,"Healdsburg, CA",38.61584473,-122.87194061
218,2015-02-16 09:46:00,"Healdsburg, CA",38.61584473,-122.87194061
219,2015-02-15 13:07:00,"Graton, CA",38.43636322,-122.86849213
220,2015-02-15 10:26:00,"California, USA",37.25466919,-119.61727905
221,2015-02-14 21:34:00,"San Francisco, CA",37.78007889,-122.42015839
222,2015-02-14 18:25:00,"San Francisco, CA",37.78007889,-122.42015839
223,2015-02-14 12:45:00,"California, USA",37.25466919,-119.61727905
224,2015-02-12 18:01:00,"San Francisco, CA",37.78007889,-122.42015839
225,2015-02-09 20:42:00,"San Francisco, CA",37.78007889,-122.42015839
226,2015-02-09 07:36:00,"San Francisco, CA",37.78007889,-122.42015839
227,2015-02-07 08:51:00,"Federal Way, WA",47.31517792,-122.33465576
228,2015-02-07 07:43:00,"Seattle, WA",47.60322952,-122.33027649
229,2015-02-01 14:32:00,"San Francisco, CA",37.78007889,-122.42015839
230,2015-01-31 18:14:00,"San Francisco, CA",37.78007889,-122.42015839
231,2015-01-31 15:30:00,"San Francisco, CA",37.78007889,-122.42015839
232,2015-01-30 16:47:00,"San Francisco, CA",37.78007889,-122.42015839
233,2015-01-27 21:24:00,"Pacifica, CA",37.61372375,-122.48571014
234,2015-01-27 10:37:00,"San Francisco, CA",37.78007889,-122.42015839
235,2015-01-24 20:57:00,"San Francisco, CA",37.78007889,-122.42015839
236,2015-01-21 07:19:00,"San Francisco, CA",37.78007889,-122.42015839
237,2015-01-18 14:45:00,"West Palm Beach, FL",26.71443939,-80.0549469
238,2015-01-15 19:50:00,"Pacifica, CA",37.61372375,-122.48571014
239,2015-01-09 18:31:00,"San Francisco, CA",37.78007889,-122.42015839
240,2015-01-08 13:57:00,"San Francisco, CA",37.78007889,-122.42015839
241,2015-01-06 16:05:00,"San Francisco, CA",37.78007889,-122.42015839
242,2015-01-05 07:48:00,"San Francisco, CA",37.78007889,-122.42015839
243,2015-01-05 07:13:00,"San Francisco, CA",37.78007889,-122.42015839
244,2015-01-03 20:38:00,"San Francisco, CA",37.78007889,-122.42015839
245,2015-01-02 22:56:00,"California, USA",37.25466919,-119.61727905
246,2015-01-02 13:02:00,"San Francisco, CA",37.78007889,-122.42015839
247,2015-01-01 13:53:00,"San Francisco, CA",37.78007889,-122.42015839
248,2014-12-31 21:08:00,"Guerneville, CA",38.50199127,-122.99877167
249,2014-12-31 21:05:00,"Guerneville, CA",38.50199127,-122.99877167
250,2014-12-31 20:59:00,"Guerneville, CA",38.50199127,-122.99877167
251,2014-12-29 19:02:00,"Guerneville, CA",38.50199127,-122.99877167
252,2014-12-25 17:56:00,"St Paul, MN",44.94371796,-93.09428406
253,2014-12-22 19:46:00,"Minneapolis, MN",44.97748566,-93.26436615
254,2014-12-22 10:45:00,"St Paul, MN",44.94371796,-93.09428406
255,2014-12-22 10:43:00,"St Paul, MN",44.94371796,-93.09428406
256,2014-12-22 09:03:00,"St Paul, MN",44.94371796,-93.09428406
257,2014-12-18 10:57:00,"San Francisco, CA",37.78007889,-122.42015839
258,2014-12-17 12:56:00,"San Francisco, CA",37.78007889,-122.42015839
259,2014-12-15 14:30:00,"Carnegie Hill, Manhattan",40.78329086,-73.95278168
260,2014-12-11 20:00:00,"San Francisco, CA",37.78007889,-122.42015839
261,2014-12-10 23:25:00,"San Francisco, CA",37.78007889,-122.42015839
262,2014-12-10 19:49:00,"San Francisco, CA",37.78007889,-122.42015839
263,2014-12-09 12:47:00,"San Francisco, CA",37.78007889,-122.42015839
264,2014-12-07 13:51:00,"San Francisco, CA",37.78007889,-122.42015839
265,2014-12-06 10:57:00,"San Francisco, CA",37.78007889,-122.42015839
266,2014-12-05 20:49:00,"San Francisco, CA",37.78007889,-122.42015839
267,2014-12-05 19:49:00,"Mission, San Francisco",37.76438904,-122.42702484
268,2014-12-05 18:08:00,"San Francisco, CA",37.78007889,-122.42015839
269,2014-12-04 10:58:00,"San Francisco, CA",37.78007889,-122.42015839
270,2014-12-03 20:07:00,"San Francisco, CA",37.78007889,-122.42015839
271,2014-11-29 06:47:00,"Chiang Mai, Thailand",18.78965569,98.98439789
272,2014-11-27 06:51:00,"Chiang Mai, Thailand",18.78965569,98.98439789
273,2014-11-27 00:05:00,"Islands District, Hong Kong",22.28170013,113.94690704
274,2014-11-26 03:20:00,"Wan Chai District, Hong Kong",22.27473068,114.17771149
275,2014-11-25 07:09:00,"Central & Western District, Hong Kong",22.42118263,114.16609955
276,2014-11-24 19:40:00,"Central & Western District, Hong Kong",22.42118263,114.16609955
277,2014-11-23 17:45:00,"Central & Western District, Hong Kong",22.42118263,114.16609955
278,2014-11-23 07:09:00,"Central & Western District, Hong Kong",22.42118263,114.16609955
279,2014-11-22 10:35:00,"California, USA",37.25466919,-119.61727905
280,2014-11-21 06:44:00,"San Francisco, CA",37.78007889,-122.42015839
281,2014-11-21 06:31:00,"San Francisco, CA",37.78007889,-122.42015839
282,2014-11-20 20:03:00,"San Francisco, CA",37.78007889,-122.42015839
283,2014-11-13 13:55:00,"Dania Beach, FL",26.05584526,-80.14376831
284,2014-11-12 10:33:00,"San Francisco, CA",37.78007889,-122.42015839
285,2014-11-12 09:15:00,"San Francisco, CA",37.78007889,-122.42015839
286,2014-11-11 20:48:00,"San Francisco, CA",37.78007889,-122.42015839
287,2014-11-10 08:45:00,"San Francisco, CA",37.78007889,-122.42015839
288,2014-11-08 20:51:00,"Nevada, USA",39.35644913,-116.65539551
289,2014-11-06 22:40:00,"San Francisco, CA",37.78007889,-122.42015839
290,2014-11-05 21:25:00,"San Francisco, CA",37.78007889,-122.42015839
291,2014-11-04 16:27:00,"San Francisco, CA",37.78007889,-122.42015839
292,2014-11-04 16:24:00,"San Francisco, CA",37.78007889,-122.42015839
293,2014-11-04 07:33:00,"San Francisco, CA",37.78007889,-122.42015839
294,2014-11-03 19:42:00,"San Francisco, CA",37.78007889,-122.42015839
295,2014-11-02 13:07:00,"San Francisco, CA",37.78007889,-122.42015839
296,2014-11-01 17:23:00,"San Francisco, CA",37.78007889,-122.42015839
297,2014-10-26 21:30:00,"San Francisco, CA",37.78007889,-122.42015839
298,2014-10-25 18:47:00,"Guerneville, CA",38.50199127,-122.99877167
299,2014-10-24 17:36:00,"Guerneville, CA",38.50199127,-122.99877167
300,2014-10-23 19:25:00,"San Francisco, CA",37.78007889,-122.42015839
301,2014-10-22 10:05:00,"San Francisco, CA",37.78007889,-122.42015839
