,time,poi,latitude,longitude
0,2014-06-19 13:18:00,"California, USA",37.25466919,-119.61727905
1,2014-02-07 12:14:00,"Potrero, San Francisco",37.75942993,-122.40140533
2,2013-04-16 19:21:00,Isobune Sushi,54.0012207,26.83299065
3,2013-03-09 11:42:00,"Mission, San Francisco",37.76438904,-122.42702484
4,2013-02-11 20:35:00,"Mission, San Francisco",37.76438904,-122.42702484
5,2013-01-26 15:39:00,"California, USA",37.25466919,-119.61727905
6,2013-01-24 21:22:00,"North Beach, San Francisco",37.80404663,-122.40335846
7,2013-01-24 19:04:00,"North Beach, San Francisco",37.80404663,-122.40335846
8,2013-01-13 19:16:00,"North Beach, San Francisco",37.80404663,-122.40335846
9,2013-01-08 18:49:00,"Inner Richmond, San Francisco",37.77846527,-122.4781723
10,2012-12-10 18:19:00,"Potrero, San Francisco",37.75942993,-122.40140533
11,2012-12-04 22:25:00,"Potrero, San Francisco",37.75942993,-122.40140533
12,2012-11-06 13:43:00,"Potrero, San Francisco",37.75942993,-122.40140533
13,2012-10-23 20:31:00,"Marina, San Francisco",-33.86428833,-70.89001465
14,2012-10-15 20:24:00,"Inner Richmond, San Francisco",37.77846527,-122.4781723
15,2012-10-10 19:12:00,"Mission, San Francisco",37.76438904,-122.42702484
16,2012-09-18 20:12:00,"Berkeley, CA",37.8690567,-122.27046204
17,2012-08-18 19:48:00,"Santa Cruz, CA",36.97414017,-122.02880096
18,2012-08-18 19:35:00,"Santa Cruz, CA",36.97414017,-122.02880096
19,2012-08-05 14:25:00,"Civic Center, San Francisco",37.78424835,-122.41773224
20,2012-08-05 12:55:00,"Civic Center, San Francisco",37.78424835,-122.41773224
21,2012-08-04 14:29:00,"South Beach, San Francisco",37.78691101,-122.38880157
22,2012-07-27 00:26:00,"Potrero, San Francisco",37.75942993,-122.40140533
23,2012-07-04 13:03:00,"Weaverville, CA",40.73275757,-122.94051361
24,2012-06-17 13:14:00,"Mission Dolores, San Francisco",37.76422882,-122.42694855
25,2012-06-11 12:53:00,"Potrero, San Francisco",37.75942993,-122.40140533
26,2012-05-29 10:42:00,"Chili, NY",43.11647415,-77.80451202
27,2012-05-26 15:47:00,"Pittsford, NY",43.09082794,-77.51525879
28,2012-05-25 17:48:00,"New York, USA",42.93923187,-75.62004852
29,2012-05-23 21:21:00,"Rochester, NY",43.15570831,-77.61254883
30,2012-05-20 16:37:00,"Chili, NY",43.11647415,-77.80451202
31,2012-05-19 15:01:00,"Manhattan, NY",40.75325012,-74.00380707
32,2012-05-10 16:13:00,"Potrero, San Francisco",37.75942993,-122.40140533
33,2012-05-08 18:57:00,"Potrero, San Francisco",37.75942993,-122.40140533
34,2012-05-08 15:58:00,"Potrero, San Francisco",37.75942993,-122.40140533
35,2012-04-28 08:59:00,"Panhandle, San Francisco",37.77238464,-122.44703674
36,2012-04-25 11:16:00,"Potrero, San Francisco",37.75942993,-122.40140533
37,2012-04-25 11:15:00,"Potrero, San Francisco",37.75942993,-122.40140533
38,2012-04-17 06:26:00,"Bath and North East Somerset, England",51.35596466,-2.475214
39,2012-04-17 03:20:00,"Reading, England",51.45503998,-0.96908802
40,2012-04-15 13:48:00,"Westminster, London",51.50015259,-0.12623601
41,2012-04-14 15:06:00,"Westminster, London",51.50015259,-0.12623601
42,2012-04-13 15:11:00,"Los Angeles, CA",34.05223846,-118.24334717
43,2012-04-10 18:51:00,"Potrero, San Francisco",37.75942993,-122.40140533
44,2012-04-04 23:03:00,"Mission, San Francisco",37.76438904,-122.42702484
45,2012-04-03 08:24:00,"Potrero, San Francisco",37.75942993,-122.40140533
46,2012-04-03 08:18:00,"Potrero, San Francisco",37.75942993,-122.40140533
47,2012-04-02 12:13:00,"Potrero, San Francisco",37.75942993,-122.40140533
48,2012-04-01 20:56:00,"Potrero, San Francisco",37.75942993,-122.40140533
49,2012-03-27 10:13:00,"Potrero, San Francisco",37.75942993,-122.40140533
50,2012-03-27 09:13:00,"Potrero, San Francisco",37.75942993,-122.40140533
51,2012-03-16 23:17:00,"Alameda, CA",37.76533508,-122.24187469
52,2012-03-12 17:48:00,"Potrero, San Francisco",37.75942993,-122.40140533
53,2012-03-09 21:42:00,"Potrero, San Francisco",37.75942993,-122.40140533
54,2012-03-08 21:49:00,"Bayview, San Francisco",37.72524643,-122.36865997
55,2012-03-08 12:34:00,"Oakland, CA",37.80482864,-122.2724762
56,2012-02-14 16:45:00,"South Beach, San Francisco",37.78691101,-122.38880157
57,2012-01-07 18:58:00,"California, USA",37.25466919,-119.61727905
58,2011-12-27 18:40:00,"Greater Vancouver, British Columbia",49.24377441,-122.98169708
59,2011-12-24 13:25:00,Dinesty Chinese Restaurant,52.47515869,-1.89670002
60,2011-12-20 20:09:00,"San Francisco, CA",37.78007889,-122.42015839
61,2011-12-20 19:20:00,"San Francisco, CA",37.78007889,-122.42015839
62,2011-12-20 19:13:00,"San Francisco, CA",37.78007889,-122.42015839
63,2011-12-20 19:04:00,"San Francisco, CA",37.78007889,-122.42015839
64,2011-12-20 18:47:00,"San Francisco, CA",37.78007889,-122.42015839
65,2011-12-20 18:43:00,"San Francisco, CA",37.78007889,-122.42015839
66,2011-12-20 18:35:00,"San Francisco, CA",37.78007889,-122.42015839
67,2011-12-20 18:33:00,"San Francisco, CA",37.78007889,-122.42015839
68,2011-12-20 18:31:00,"San Francisco, CA",37.78007889,-122.42015839
69,2011-12-20 18:11:00,"San Francisco, CA",37.78007889,-122.42015839
70,2011-12-20 12:26:00,"San Francisco, CA",37.78007889,-122.42015839
71,2011-12-19 10:59:00,"San Francisco, CA",37.78007889,-122.42015839
72,2011-12-19 10:45:00,"San Francisco, CA",37.78007889,-122.42015839
73,2011-12-18 19:22:00,"San Francisco, CA",37.78007889,-122.42015839
74,2011-12-16 10:11:00,"San Francisco, CA",37.78007889,-122.42015839
75,2011-12-15 23:54:00,"San Francisco, CA",37.78007889,-122.42015839
76,2011-12-15 23:52:00,"San Francisco, CA",37.78007889,-122.42015839
77,2011-12-15 23:45:00,"San Francisco, CA",37.78007889,-122.42015839
78,2011-12-15 22:59:00,"San Francisco, CA",37.78007889,-122.42015839
79,2011-12-15 22:11:00,"San Francisco, CA",37.78007889,-122.42015839
80,2011-12-15 21:28:00,"San Francisco, CA",37.78007889,-122.42015839
81,2011-12-14 16:17:00,"San Francisco, CA",37.78007889,-122.42015839
82,2011-12-13 00:10:00,"San Francisco, CA",37.78007889,-122.42015839
83,2011-12-12 23:22:00,"San Francisco, CA",37.78007889,-122.42015839
84,2011-12-12 17:32:00,"South Beach, San Francisco",37.78691101,-122.38880157
85,2011-12-12 16:45:00,"San Francisco, CA",37.78007889,-122.42015839
86,2011-12-12 15:43:00,"San Francisco, CA",37.78007889,-122.42015839
87,2011-12-09 17:45:00,"San Francisco, CA",37.78007889,-122.42015839
88,2011-12-11 01:24:00,"San Francisco, CA",37.78007889,-122.42015839
89,2011-12-06 23:00:00,Homestead,-1.23178995,38.19249725
90,2011-12-03 23:39:00,SIP BAR & LOUNGE,34.98230362,33.14513016
91,2011-12-03 20:10:00,"Castro, San Francisco",37.76095963,-122.43389893
92,2011-11-25 11:59:00,"California, USA",37.25466919,-119.61727905
93,2011-11-24 15:21:00,"Potrero, San Francisco",37.75942993,-122.40140533
94,2011-11-22 14:53:00,"The Embarcadero, San Francisco",37.78522873,-122.2447052
95,2011-11-20 09:56:00,"Daly City, CA",37.69111252,-122.47222137
96,2011-11-06 00:05:00,"Potrero, San Francisco",37.75942993,-122.40140533
97,2011-11-06 00:03:00,"Potrero, San Francisco",37.75942993,-122.40140533
98,2011-11-05 18:54:00,"Hayes Valley, San Francisco",37.77273941,-122.42552185
99,2011-11-03 16:16:00,"San Francisco, CA",37.78007889,-122.42015839
100,2011-11-03 15:46:00,"San Francisco, CA",37.78007889,-122.42015839
101,2011-11-02 22:56:00,"Mission, San Francisco",37.76438904,-122.42702484
102,2011-10-30 01:24:00,"Treasure Island, San Francisco",37.82430649,-122.37096405
103,2011-10-28 21:30:00,Warfield,37.78266525,-122.41027069
104,2011-10-24 17:06:00,"Fisherman's Wharf, CA",37.80821228,-122.415802
105,2011-10-24 16:39:00,"Fisherman's Wharf, CA",37.80821228,-122.415802
106,2011-10-23 22:26:00,"San Francisco, CA",37.78007889,-122.42015839
107,2011-10-23 22:24:00,"Jamestown, CA",37.95833206,-120.41824341
108,2011-10-22 00:33:00,"California, USA",37.25466919,-119.61727905
109,2011-10-20 20:18:00,"San Francisco, CA",37.78007889,-122.42015839
110,2011-10-20 20:17:00,"San Francisco, CA",37.78007889,-122.42015839
111,2011-10-20 14:52:00,"San Francisco, CA",37.78007889,-122.42015839
112,2011-10-20 14:44:00,"San Francisco, CA",37.78007889,-122.42015839
113,2011-10-20 14:42:00,"San Francisco, CA",37.78007889,-122.42015839
114,2011-10-05 16:58:00,"San Francisco, CA",37.78007889,-122.42015839
115,2011-09-24 02:19:00,"California, USA",37.25466919,-119.61727905
116,2011-09-11 15:30:00,"South Beach, San Francisco",37.78691101,-122.38880157
117,2011-09-06 02:05:00,Chez Colvin,47.71590042,-98.56841278
118,2011-08-27 15:34:00,"San Francisco, CA",37.78007889,-122.42015839
119,2011-08-27 15:33:00,"San Francisco, CA",37.78007889,-122.42015839
120,2011-08-17 16:42:00,"San Francisco, CA",37.78007889,-122.42015839
121,2011-08-17 16:15:00,"San Francisco, CA",37.78007889,-122.42015839
122,2011-08-17 16:11:00,"San Francisco, CA",37.78007889,-122.42015839
123,2011-08-15 20:26:00,"San Francisco, CA",37.78007889,-122.42015839
124,2011-08-15 20:26:00,"San Francisco, CA",37.78007889,-122.42015839
125,2011-08-14 18:52:00,"San Francisco, CA",37.78007889,-122.42015839
126,2011-08-14 18:49:00,"San Francisco, CA",37.78007889,-122.42015839
127,2011-07-27 10:21:00,"Union Square, San Francisco",37.78849411,-122.40678406
128,2011-07-09 18:44:00,"San Francisco, CA",37.78007889,-122.42015839
129,2011-07-06 14:34:00,"San Francisco, CA",37.78007889,-122.42015839
130,2011-07-03 20:07:00,"San Francisco, CA",37.78007889,-122.42015839
131,2011-07-03 20:05:00,"San Francisco, CA",37.78007889,-122.42015839
132,2011-06-29 23:51:00,"Potrero, San Francisco",37.75942993,-122.40140533
133,2011-06-28 22:25:00,Great American Music Hall,37.78500748,-122.41881561
134,2011-06-27 19:17:00,"Potrero, San Francisco",37.75942993,-122.40140533
135,2011-06-24 17:52:00,"Potrero, San Francisco",37.75942993,-122.40140533
136,2011-06-22 13:04:00,"Potrero, San Francisco",37.75942993,-122.40140533
137,2011-06-16 23:28:00,"SoMa, San Francisco",37.77597046,-122.39800262
138,2011-06-14 15:54:00,"Ithaca, NY",42.44049454,-76.49570465
139,2011-06-14 10:49:00,"Watkins Glen, NY",42.38055801,-76.87345123
140,2011-06-12 12:53:00,"Rochester, NY",43.15570831,-77.61254883
141,2011-06-12 11:24:00,Dinosaur Bar-B-Que,40.24088287,-109.01092529
142,2011-06-08 09:27:00,"Chili, NY",43.11647415,-77.80451202
143,2011-06-08 08:39:00,"Chili, NY",43.11647415,-77.80451202
144,2011-06-05 20:48:00,"Castro, San Francisco",37.76095963,-122.43389893
145,2011-06-04 00:07:00,"Mission, San Francisco",37.76438904,-122.42702484
146,2011-06-02 14:54:00,"Potrero, San Francisco",37.75942993,-122.40140533
147,2011-05-29 12:15:00,The Beach Chalet Brewery & Restaurant,35.03325272,-81.84873962
148,2011-05-26 16:59:00,"Potrero, San Francisco",37.75942993,-122.40140533
149,2011-05-26 16:57:00,"Potrero, San Francisco",37.75942993,-122.40140533
150,2011-05-26 15:26:00,"Potrero, San Francisco",37.75942993,-122.40140533
151,2011-05-26 13:20:00,"Potrero, San Francisco",37.75942993,-122.40140533
152,2011-05-21 21:59:00,"Waimanalo, HI",21.3478775,-157.72134399
153,2011-05-21 15:11:00,"Kailua, HI",21.39971924,-157.73622131
154,2011-05-21 12:58:00,"Waimanalo, HI",21.3478775,-157.72134399
155,2011-05-21 11:44:00,"Waimanalo, HI",21.3478775,-157.72134399
156,2011-05-21 10:53:00,"Waimanalo, HI",21.3478775,-157.72134399
157,2011-05-20 23:14:00,"Waimanalo, HI",21.3478775,-157.72134399
158,2011-05-20 23:02:00,"Waimanalo, HI",21.3478775,-157.72134399
159,2011-05-18 18:17:00,"Waimanalo Beach, HI",21.33677673,-157.70100403
160,2011-05-18 11:01:00,"Waimanalo, HI",21.3478775,-157.72134399
161,2011-05-17 17:36:00,"Kailua, HI",21.39971924,-157.73622131
162,2011-05-13 10:49:00,"Lisbon, Portugal",38.70700836,-9.1356411
163,2011-05-12 13:55:00,"Lisbon, Portugal",38.70700836,-9.1356411
164,2011-05-08 11:35:00,"Paris, Île-de-France",48.85689545,2.35084891
165,2011-05-06 14:42:00,San Francisco International,37.78007889,-122.42015839
166,2011-05-03 22:46:00,AMC Loews Metreon 16,52.31384,5.04731
167,2011-04-30 19:49:00,"Santa Rosa, CA",38.43969727,-122.71564484
168,2011-04-28 08:56:00,"Queens, NY",40.75977707,-73.81729889
169,2011-04-26 13:07:00,"Brighton, NY",44.43589783,-74.25154114
170,2011-04-26 07:28:00,"Webster, NY",43.21221542,-77.43032074
171,2011-04-26 07:13:00,"Webster, NY",43.21221542,-77.43032074
172,2011-04-25 14:55:00,"Chili, NY",43.11647415,-77.80451202
173,2011-04-23 11:51:00,Amy's Place,31.7773819,-89.25839233
174,2011-04-22 14:43:00,"Rochester, NY",43.15570831,-77.61254883
175,2011-04-18 08:23:00,"Rochester, NY",43.15570831,-77.61254883
176,2011-04-18 05:45:00,"Queens, NY",40.75977707,-73.81729889
177,2011-03-19 02:13:00,"Potrero, San Francisco",37.75942993,-122.40140533
178,2011-03-19 00:21:00,"Bernal Heights, San Francisco",37.74045563,-122.41640472
179,2011-03-18 14:18:00,Tru,-8.08387566,-79.10919952
180,2011-03-16 20:37:00,"SoMa, San Francisco",37.77597046,-122.39800262
181,2011-02-22 20:10:00,St. Francis Fountain,40.5974845,-75.418728
182,2011-01-31 20:23:00,"Potrero, San Francisco",37.75942993,-122.40140533
183,2011-01-22 01:22:00,"Potrero, San Francisco",37.75942993,-122.40140533
184,2010-12-27 13:51:00,"Lower Haight, San Francisco",37.77298355,-122.4307785
185,2010-12-17 10:27:00,"Lower Haight, San Francisco",37.77298355,-122.4307785
186,2010-11-27 16:02:00,"Mission, San Francisco",37.76438904,-122.42702484
187,2010-11-27 15:52:00,"Mission, San Francisco",37.76438904,-122.42702484
188,2010-11-17 20:06:00,La Victoria Bakery,48.42750168,-123.36725616
189,2010-11-06 21:31:00,"Fisherman's Wharf, CA",37.80821228,-122.415802
190,2010-11-03 18:37:00,"San Francisco, CA",37.78007889,-122.42015839
191,2010-11-02 04:42:00,"Potrero, San Francisco",37.75942993,-122.40140533
192,2010-10-30 16:50:00,Static,36.62309265,-85.08521271
193,2010-10-30 14:59:00,"SoMa, San Francisco",37.77597046,-122.39800262
194,2010-10-26 17:54:00,"Los Angeles, CA",34.05223846,-118.24334717
195,2010-10-24 16:04:00,"Quincy, MA",42.2514267,-71.00215149
196,2010-10-22 07:26:00,Invisible Dog,56.63299942,-61.16600037
197,2010-10-19 21:01:00,"Castro, San Francisco",37.76095963,-122.43389893
198,2010-10-19 12:40:00,"SoMa, San Francisco",37.77597046,-122.39800262
199,2010-10-18 19:12:00,"Mission Dolores, San Francisco",37.76422882,-122.42694855
200,2010-10-18 19:10:00,"Mission Dolores, San Francisco",37.76422882,-122.42694855
201,2010-10-09 20:13:00,"Potrero, San Francisco",37.75942993,-122.40140533
202,2010-10-08 13:25:00,"San Francisco, CA",37.78007889,-122.42015839
203,2010-10-08 12:03:00,"Potrero, San Francisco",37.75942993,-122.40140533
204,2010-09-30 14:12:00,"San Francisco, CA",37.78007889,-122.42015839
205,2010-09-28 14:26:00,"Potrero, San Francisco",37.75942993,-122.40140533
206,2010-09-26 16:43:00,"San Francisco, CA",37.78007889,-122.42015839
207,2010-09-26 16:22:00,"Potrero, San Francisco",37.75942993,-122.40140533
208,2010-09-23 11:25:00,"Potrero, San Francisco",37.75942993,-122.40140533
209,2010-09-23 00:59:00,"San Francisco, CA",37.78007889,-122.42015839
210,2010-09-22 16:45:00,"San Francisco, CA",37.78007889,-122.42015839
211,2010-09-22 02:57:00,"San Francisco, CA",37.78007889,-122.42015839
212,2010-09-22 02:39:00,"Potrero, San Francisco",37.75942993,-122.40140533
213,2010-09-19 01:23:00,"Inner Sunset, San Francisco",37.75348663,-122.4936142
214,2010-09-18 19:51:00,"Inner Sunset, San Francisco",37.75348663,-122.4936142
215,2010-09-15 17:32:00,"Potrero, San Francisco",37.75942993,-122.40140533
216,2010-09-14 21:23:00,"South Beach, San Francisco",37.78691101,-122.38880157
217,2010-09-14 17:54:00,"Central Richmond, San Francisco",37.78007889,-122.42015839
218,2010-09-12 20:22:00,Bacco Ristorante,41.57489395,12.77956867
219,2010-09-10 12:52:00,"Potrero, San Francisco",37.75942993,-122.40140533
220,2010-09-06 17:22:00,"Vallejo, CA",38.11781693,-122.22097778
221,2010-08-24 07:42:00,"Castro, San Francisco",37.76095963,-122.43389893
222,2010-08-24 06:50:00,"Castro, San Francisco",37.76095963,-122.43389893
223,2010-08-23 20:26:00,"Castro, San Francisco",37.76095963,-122.43389893
224,2010-08-17 14:43:00,"Potrero, San Francisco",37.75942993,-122.40140533
225,2010-08-12 22:48:00,"Southwest Marin, CA",37.95167567,-122.32371522
226,2010-08-10 17:17:00,"Potrero, San Francisco",37.75942993,-122.40140533
227,2010-08-05 20:21:00,"Mission, San Francisco",37.76438904,-122.42702484
228,2010-08-02 17:24:00,"Castro, San Francisco",37.76095963,-122.43389893
229,2010-07-28 22:21:00,"Potrero, San Francisco",37.75942993,-122.40140533
230,2010-07-22 20:19:00,"SoMa, San Francisco",37.77597046,-122.39800262
231,2010-07-12 22:28:00,"Potrero, San Francisco",37.75942993,-122.40140533
232,2010-07-11 14:05:00,"Potrero, San Francisco",37.75942993,-122.40140533
233,2010-07-09 01:44:00,"Castro, San Francisco",37.76095963,-122.43389893
234,2010-07-02 23:34:00,"Mission Dolores, San Francisco",37.76422882,-122.42694855
235,2010-07-02 23:14:00,"Alamo Square, San Francisco",37.77613831,-122.43421173
236,2010-06-29 16:39:00,"Mission Bay, San Francisco",37.77189636,-122.39131927
237,2010-06-29 16:07:00,"Mission Bay, San Francisco",37.77189636,-122.39131927
238,2010-06-29 15:13:00,Mission Bay Conference Ctr,32.78155136,-117.23117828
239,2010-06-27 23:29:00,"Potrero, San Francisco",37.75942993,-122.40140533
240,2010-06-26 16:59:00,"Bayview, San Francisco",37.72524643,-122.36865997
241,2010-06-25 00:57:00,"North Beach, San Francisco",37.80404663,-122.40335846
242,2010-06-24 23:22:00,Tosca,-25.87890816,23.95913506
243,2010-06-24 15:02:00,"Potrero, San Francisco",37.75942993,-122.40140533
244,2010-06-24 00:27:00,"Potrero, San Francisco",37.75942993,-122.40140533
245,2010-06-22 20:34:00,"Mission, San Francisco",37.76438904,-122.42702484
