,time,poi,latitude,longitude
0,2015-10-13 20:51:00,"Financial District, San Francisco",37.79536438,-122.39801025
1,2015-10-10 13:35:00,"Grand Rapids, MI",42.96546173,-85.67017365
2,2015-10-04 10:02:00,"Naperville, IL",41.77149582,-88.14800262
3,2015-10-02 08:22:00,"Naperville, IL",41.77149582,-88.14800262
4,2015-10-01 10:22:00,"Near North Side, Chicago",41.89897156,-87.63427734
5,2015-09-28 06:55:00,"Naperville, IL",41.77149582,-88.14800262
6,2015-09-26 17:13:00,"Michigan, USA",44.87479782,-85.73097992
7,2015-09-19 11:14:00,"Castro, San Francisco",37.76095963,-122.43389893
8,2015-09-19 10:47:00,"Castro, San Francisco",37.76095963,-122.43389893
9,2015-09-18 21:44:00,"Financial District, San Francisco",37.79536438,-122.39801025
10,2015-09-17 12:42:00,"San Francisco, CA",37.78007889,-122.42015839
11,2015-09-17 10:32:00,"San Francisco, CA",37.78007889,-122.42015839
12,2015-09-16 15:48:00,"SoMa, San Francisco",37.77597046,-122.39800262
13,2015-09-16 14:41:00,"SoMa, San Francisco",37.77597046,-122.39800262
14,2015-09-16 14:14:00,"San Francisco, CA",37.78007889,-122.42015839
15,2015-09-16 13:42:00,"SoMa, San Francisco",37.77597046,-122.39800262
16,2015-09-15 12:07:00,"San Francisco, CA",37.78007889,-122.42015839
17,2015-09-15 09:59:00,"Union Square, San Francisco",37.78849411,-122.40678406
18,2015-09-14 21:04:00,"San Francisco, CA",37.78007889,-122.42015839
19,2015-09-13 07:12:00,"O'Hare, Chicago",41.97663116,-87.88343811
20,2015-09-04 06:15:00,"Naperville, IL",41.77149582,-88.14800262
21,2015-08-25 16:19:00,"Near North Side, Chicago",41.89897156,-87.63427734
22,2015-08-06 16:15:00,"Sydney, New South Wales",-33.87319946,151.20959473
23,2015-08-03 04:01:00,"Central Region, Singapore",1.30056,103.82167053
24,2015-07-22 17:29:00,"San Francisco, CA",37.78007889,-122.42015839
25,2015-07-18 10:38:00,"San Francisco, CA",37.78007889,-122.42015839
26,2015-07-11 13:34:00,"Naperville, IL",41.77149582,-88.14800262
27,2015-07-10 14:11:00,"Near North Side, Chicago",41.89897156,-87.63427734
28,2015-07-10 11:51:00,"Chicago, IL",41.8832283,-87.63240051
29,2015-07-10 11:50:00,"Chicago, IL",41.8832283,-87.63240051
30,2015-07-10 08:20:00,"Near North Side, Chicago",41.89897156,-87.63427734
31,2015-07-04 13:36:00,"Minnesota, USA",46.34914398,-94.19830322
32,2015-07-02 08:25:00,"Wisconsin, USA",44.63995361,-89.73295593
33,2015-06-17 11:01:00,"Naperville, IL",41.77149582,-88.14800262
34,2015-06-15 20:05:00,"Naperville, IL",41.77149582,-88.14800262
35,2015-06-13 20:26:00,"Naperville, IL",41.77149582,-88.14800262
36,2015-06-12 11:25:00,"Castro, San Francisco",37.76095963,-122.43389893
37,2015-06-11 17:59:00,"San Francisco, CA",37.78007889,-122.42015839
38,2015-06-10 16:58:00,"San Francisco, CA",37.78007889,-122.42015839
39,2015-06-06 13:53:00,"Kalamazoo, MI",42.28977585,-85.58467865
40,2015-06-05 20:41:00,"Naperville, IL",41.77149582,-88.14800262
41,2015-05-22 11:29:00,"O'Hare, Chicago",41.97663116,-87.88343811
42,2015-05-19 22:07:00,"Financial District, San Francisco",37.79536438,-122.39801025
43,2015-05-15 18:32:00,"Wright-Patterson Air Force Base, OH",39.83330154,-84.05000305
44,2015-05-09 11:52:00,"Michigan, USA",44.87479782,-85.73097992
45,2015-05-02 06:42:00,"Castro, San Francisco",37.76095963,-122.43389893
46,2015-04-30 21:54:00,Nepal,28.26092148,83.93660736
47,2015-04-30 21:49:00,"San Francisco, CA",37.78007889,-122.42015839
48,2015-04-28 21:32:00,"Financial District, San Francisco",37.79536438,-122.39801025
49,2015-04-27 16:58:00,"South San Francisco, CA",37.65568161,-122.41248322
50,2015-04-23 19:28:00,"Naperville, IL",41.77149582,-88.14800262
51,2015-04-23 19:06:00,"Naperville, IL",41.77149582,-88.14800262
52,2015-04-23 09:32:00,"Chicago, IL",41.8832283,-87.63240051
53,2015-04-23 06:51:00,"Near South Side, Chicago",41.85555267,-87.61909485
54,2015-04-12 10:12:00,"Michigan, USA",44.87479782,-85.73097992
55,2015-04-10 00:13:00,"Naperville, IL",41.77149582,-88.14800262
56,2015-03-25 10:17:00,"Amsterdam, North Holland",52.37316513,4.89065981
57,2015-03-24 22:26:00,"Downtown, San Francisco",37.79189682,-122.40258026
58,2015-03-24 21:59:00,"San Francisco, CA",37.78007889,-122.42015839
59,2015-03-12 08:57:00,"Holland, MI",42.78749847,-86.10888672
60,2015-03-12 08:23:00,"Holland, MI",42.78749847,-86.10888672
61,2015-03-12 06:10:00,"Holland, MI",42.78749847,-86.10888672
62,2015-02-28 12:27:00,"Comstock Park, MI",43.03274536,-85.66712952
63,2015-02-27 16:54:00,"Grand Rapids, MI",42.96546173,-85.67017365
64,2015-02-27 11:13:00,"Zeeland, MI",42.80709076,-86.01885986
65,2015-02-25 17:09:00,"East Boston, Boston",42.37512207,-71.03919983
66,2015-02-25 17:05:00,"East Boston, Boston",42.37512207,-71.03919983
67,2015-02-24 17:35:00,"Nashua, NH",42.75786972,-71.46395111
68,2015-02-21 19:02:00,"Naperville, IL",41.77149582,-88.14800262
69,2015-02-14 08:47:00,"California, USA",37.25466919,-119.61727905
70,2015-02-12 19:30:00,"San Francisco, CA",37.78007889,-122.42015839
71,2015-02-09 21:46:00,"Mission Bay, San Francisco",37.77189636,-122.39131927
72,2015-02-08 16:53:00,"O'Hare, Chicago",41.97663116,-87.88343811
73,2015-02-02 11:00:00,"Naperville, IL",41.77149582,-88.14800262
74,2015-02-01 17:56:00,"Belmont, CA",37.50853729,-122.29195404
75,2015-02-01 17:59:00,"Naperville, IL",41.77149582,-88.14800262
76,2015-02-01 15:56:00,"Naperville, IL",41.77149582,-88.14800262
77,2015-01-31 17:41:00,"Naperville, IL",41.77149582,-88.14800262
78,2015-01-30 20:59:00,"Naperville, IL",41.77149582,-88.14800262
79,2015-01-11 03:32:00,"Islington, London",51.53483963,-0.103436
80,2015-01-09 14:05:00,"City of London, London",51.51332855,-0.088947
81,2015-01-02 12:56:00,"Naperville, IL",41.77149582,-88.14800262
82,2014-12-31 14:46:00,"Naperville, IL",41.77149582,-88.14800262
83,2014-12-25 08:32:00,"Naperville, IL",41.77149582,-88.14800262
84,2014-12-23 21:12:00,"Naperville, IL",41.77149582,-88.14800262
85,2014-12-14 20:18:00,"San Francisco, CA",37.78007889,-122.42015839
86,2014-12-05 18:47:00,"Naperville, IL",41.77149582,-88.14800262
87,2014-11-10 20:15:00,"Naperville, IL",41.77149582,-88.14800262
88,2014-10-17 01:11:00,"Financial District, San Francisco",37.79536438,-122.39801025
89,2014-10-17 01:00:00,"Financial District, San Francisco",37.79536438,-122.39801025
90,2014-10-15 23:30:00,"SoMa, San Francisco",37.77597046,-122.39800262
91,2014-10-13 15:36:00,"San Francisco, CA",37.78007889,-122.42015839
92,2014-10-13 15:10:00,"Union Square, San Francisco",37.78849411,-122.40678406
93,2014-10-13 09:08:00,"San Francisco, CA",37.78007889,-122.42015839
94,2014-10-12 16:13:00,"SoMa, San Francisco",37.77597046,-122.39800262
95,2014-10-12 07:19:00,"O'Hare, Chicago",41.97663116,-87.88343811
96,2014-09-28 11:56:00,"Michigan, USA",44.87479782,-85.73097992
97,2014-09-13 19:33:00,"Michigan, USA",44.87479782,-85.73097992
98,2014-09-12 06:36:00,"Naperville, IL",41.77149582,-88.14800262
99,2014-09-11 07:05:00,"Naperville, IL",41.77149582,-88.14800262
100,2014-09-02 20:02:00,"Naperville, IL",41.77149582,-88.14800262
101,2014-08-23 15:03:00,"Michigan, USA",44.87479782,-85.73097992
102,2014-08-22 18:54:00,"Mill Valley, CA",37.90667343,-122.54754639
103,2014-08-14 05:13:00,"Midtown East, Manhattan",40.75325012,-74.00380707
104,2014-08-12 06:34:00,"Chicago, IL",41.8832283,-87.63240051
105,2014-07-08 17:43:00,"San Francisco, CA",37.78007889,-122.42015839
106,2014-06-13 10:33:00,"California, USA",37.25466919,-119.61727905
107,2014-06-11 19:38:00,Tony's Coal-Fired Pizza and Slice House,45.48245621,-90.99719238
108,2014-06-11 19:06:00,"San Francisco, CA",37.78007889,-122.42015839
109,2014-05-31 17:14:00,"Naperville, IL",41.77149582,-88.14800262
110,2014-05-30 21:09:00,"Naperville, IL",41.77149582,-88.14800262
111,2014-05-30 20:34:00,"Naperville, IL",41.77149582,-88.14800262
112,2014-05-30 20:32:00,"Naperville, IL",41.77149582,-88.14800262
113,2014-05-30 19:30:00,"Naperville, IL",41.77149582,-88.14800262
114,2014-05-28 21:06:00,"Naperville, IL",41.77149582,-88.14800262
115,2014-05-20 18:22:00,"Naperville, IL",41.77149582,-88.14800262
116,2014-05-18 13:40:00,"Naperville, IL",41.77149582,-88.14800262
117,2014-05-17 10:56:00,"Trotwood, OH",39.79734421,-84.31147766
118,2014-05-15 20:18:00,"O'Hare, Chicago",41.97663116,-87.88343811
119,2014-05-15 16:56:00,"Colorado, USA",38.99855042,-105.5478363
120,2014-05-12 19:17:00,"Naperville, IL",41.77149582,-88.14800262
121,2014-05-08 16:00:00,"Naperville, IL",41.77149582,-88.14800262
122,2014-05-04 17:08:00,"California, USA",37.25466919,-119.61727905
123,2014-04-29 17:47:00,"Naperville, IL",41.77149582,-88.14800262
124,2014-04-25 18:04:00,"California, USA",37.25466919,-119.61727905
125,2014-03-02 16:29:00,"Naperville, IL",41.77149582,-88.14800262
126,2014-02-22 10:13:00,"Plainfield, MI",43.07178497,-85.60929871
127,2014-02-18 06:03:00,"Naperville, IL",41.77149582,-88.14800262
128,2014-02-17 20:25:00,"Naperville, IL",41.77149582,-88.14800262
129,2014-02-13 20:39:00,"Naperville, IL",41.77149582,-88.14800262
130,2014-02-11 20:20:00,"Las Vegas, NV",36.16909027,-115.14057922
131,2014-02-07 07:09:00,"South Coastside, CA",37.48730159,-122.45342654
132,2014-02-05 08:48:00,"San Francisco, CA",37.78007889,-122.42015839
133,2014-01-29 20:38:00,"Naperville, IL",41.77149582,-88.14800262
134,2014-01-13 16:05:00,"Cleveland, OH",41.50554657,-81.6914978
135,2014-01-05 15:36:00,"Naperville, IL",41.77149582,-88.14800262
136,2014-01-05 15:24:00,"Naperville, IL",41.77149582,-88.14800262
137,2014-01-03 12:22:00,"Shorewood-Tower Hills-Harbert, MI",41.88134384,-86.60938263
138,2014-01-01 08:13:00,"Naperville, IL",41.77149582,-88.14800262
139,2014-01-01 07:38:00,"Naperville, IL",41.77149582,-88.14800262
140,2013-12-31 17:42:00,"Naperville, IL",41.77149582,-88.14800262
141,2013-12-31 13:11:00,"Naperville, IL",41.77149582,-88.14800262
142,2013-12-31 09:48:00,"Naperville, IL",41.77149582,-88.14800262
143,2013-12-29 16:30:00,"Wheaton, IL",41.86612701,-88.10663605
144,2013-12-19 00:27:00,"City of London, England",51.51332855,-0.088947
145,2013-12-16 05:33:00,"Dun Laoghaire-Rathdown, Ireland",53.26859283,-6.18685913
146,2013-12-13 06:37:00,"Illinois, USA",40.12414551,-89.14863586
147,2013-12-07 10:41:00,"Aurora, IL",41.7552681,-88.30950928
148,2013-11-25 10:21:00,"Ridgefield, WA",45.81542206,-122.73867035
149,2013-11-21 15:15:00,"Downtown, San Francisco",37.79189682,-122.40258026
150,2013-11-20 09:13:00,"SoMa, San Francisco",37.77597046,-122.39800262
151,2013-11-19 20:11:00,"South Beach, San Francisco",37.78691101,-122.38880157
152,2013-11-19 20:03:00,"Mission Bay, San Francisco",37.77189636,-122.39131927
153,2013-11-19 19:53:00,"South Beach, San Francisco",37.78691101,-122.38880157
154,2013-11-19 18:59:00,Schroeder's,-26.4115715,-49.07403946
155,2013-11-19 14:55:00,"SoMa, San Francisco",37.77597046,-122.39800262
156,2013-11-19 11:15:00,"SoMa, San Francisco",37.77597046,-122.39800262
157,2013-11-19 09:55:00,"SoMa, San Francisco",37.77597046,-122.39800262
158,2013-11-19 08:04:00,"Downtown, San Francisco",37.79189682,-122.40258026
159,2013-11-18 18:05:00,"The Embarcadero, San Francisco",37.78522873,-122.2447052
160,2013-11-18 13:39:00,"SoMa, San Francisco",37.77597046,-122.39800262
161,2013-11-18 09:11:00,"SoMa, San Francisco",37.77597046,-122.39800262
162,2013-11-17 23:19:00,"Financial District, San Francisco",37.79536438,-122.39801025
163,2013-11-17 14:54:00,"Tenderloin, San Francisco",37.78366089,-122.41513062
164,2013-11-16 07:54:00,Chicago O’Hare International Airport,41.97905731,-87.90923309
165,2013-11-16 07:45:00,"Chicago, IL",41.8832283,-87.63240051
166,2013-11-15 17:22:00,"Naperville, IL",41.77149582,-88.14800262
167,2013-11-13 06:37:00,"Naperville, IL",41.77149582,-88.14800262
168,2013-11-08 18:56:00,"Naperville, IL",41.77149582,-88.14800262
169,2013-11-08 10:01:00,"Lisle, IL",41.80125046,-88.07478333
170,2013-11-02 17:25:00,"Shorewood-Tower Hills-Harbert, MI",41.88134384,-86.60938263
171,2013-10-18 16:36:00,"Naperville, IL",41.77149582,-88.14800262
172,2013-10-14 10:14:00,"Naperville, IL",41.77149582,-88.14800262
173,2013-09-27 20:14:00,"South Beach, San Francisco",37.78691101,-122.38880157
174,2013-09-27 19:21:00,"South Beach, San Francisco",37.78691101,-122.38880157
175,2013-09-25 18:09:00,"Tenderloin, San Francisco",37.78366089,-122.41513062
176,2013-09-25 13:47:00,"SoMa, San Francisco",37.77597046,-122.39800262
177,2013-09-24 14:57:00,"SoMa, San Francisco",37.77597046,-122.39800262
178,2013-09-24 14:21:00,"SoMa, San Francisco",37.77597046,-122.39800262
179,2013-09-23 18:20:00,"Downtown, San Francisco",37.79189682,-122.40258026
180,2013-09-23 17:06:00,"Downtown, San Francisco",37.79189682,-122.40258026
181,2013-09-23 15:01:00,"Downtown, San Francisco",37.79189682,-122.40258026
182,2013-09-23 07:44:00,"SoMa, San Francisco",37.77597046,-122.39800262
183,2013-09-12 05:33:00,"Runnymede, England",51.4307518,-0.54815298
184,2013-09-09 11:16:00,"Hounslow, London",51.46758652,-0.361799
185,2013-09-08 03:56:00,"Dublin City, Ireland",53.34409714,-6.2674861
186,2013-09-02 16:01:00,"Naperville, IL",41.77149582,-88.14800262
187,2013-08-23 06:47:00,"Naperville, IL",41.77149582,-88.14800262
188,2013-08-19 16:09:00,"Chicago, IL",41.8832283,-87.63240051
189,2013-08-10 06:28:00,"Indiana, USA",39.9199791,-86.28180695
190,2013-08-09 07:50:00,"The Embarcadero, San Francisco",37.78522873,-122.2447052
191,2013-08-07 08:23:00,"Financial District, San Francisco",37.79536438,-122.39801025
192,2013-08-02 20:13:00,Sawyer,41.8854866,-86.59255219
193,2013-07-20 16:01:00,"Naperville, IL",41.77149582,-88.14800262
194,2013-07-20 10:59:00,"Naperville, IL",41.77149582,-88.14800262
195,2013-07-05 14:42:00,"Shorewood-Tower Hills-Harbert, MI",41.88134384,-86.60938263
196,2013-06-28 15:28:00,"Naperville, IL",41.77149582,-88.14800262
197,2013-06-27 16:53:00,"Naperville, IL",41.77149582,-88.14800262
198,2013-06-22 13:45:00,"Michigan, USA",44.87479782,-85.73097992
199,2013-06-20 19:36:00,"The Embarcadero, San Francisco",37.78522873,-122.2447052
200,2013-05-26 18:20:00,"Shorewood-Tower Hills-Harbert, MI",41.88134384,-86.60938263
201,2013-05-26 13:47:00,"Shorewood-Tower Hills-Harbert, MI",41.88134384,-86.60938263
202,2013-05-18 18:57:00,"Naperville, IL",41.77149582,-88.14800262
203,2013-05-18 18:15:00,"Naperville, IL",41.77149582,-88.14800262
204,2013-05-05 14:45:00,"Naperville, IL",41.77149582,-88.14800262
205,2013-04-26 17:38:00,"Naperville, IL",41.77149582,-88.14800262
206,2013-04-06 18:35:00,"Shorewood-Tower Hills-Harbert, MI",41.88134384,-86.60938263
207,2013-03-22 09:32:00,"Metropolis, IL",37.15110779,-88.73187256
208,2013-03-19 17:53:00,"New Orleans, LA",29.95176315,-90.07461548
209,2013-03-16 12:52:00,"Michigan, USA",44.87479782,-85.73097992
210,2013-03-13 15:05:00,"Illinois, USA",40.12414551,-89.14863586
211,2013-02-28 10:20:00,"La Quinta, CA",33.66539764,-116.30797577
212,2013-02-17 11:30:00,"Michigan, USA",44.87479782,-85.73097992
213,2013-02-16 17:13:00,"Naperville, IL",41.77149582,-88.14800262
214,2013-02-15 12:55:00,San Francisco International Airport,37.62174225,-122.38312531
215,2013-02-08 12:53:00,San Francisco International Airport,37.62174225,-122.38312531
216,2013-01-02 21:10:00,"Naperville, IL",41.77149582,-88.14800262
217,2012-12-29 17:11:00,"Naperville, IL",41.77149582,-88.14800262
218,2012-12-19 17:57:00,"South Coastside, CA",37.48730159,-122.45342654
219,2012-12-19 17:52:00,San Francisco International Airport,37.62174225,-122.38312531
220,2012-12-19 17:00:00,"San Francisco, CA",37.78007889,-122.42015839
221,2012-12-16 09:49:00,"Naperville, IL",41.77149582,-88.14800262
222,2012-12-12 07:34:00,"Paris, Ile-de-France",48.85689545,2.35084891
223,2012-11-06 09:35:00,"Naperville, IL",41.77149582,-88.14800262
224,2012-10-02 18:50:00,"Daly City, CA",37.69111252,-122.47222137
225,2012-10-02 18:40:00,"Downtown, San Francisco",37.79189682,-122.40258026
226,2012-10-01 18:55:00,"SoMa, San Francisco",37.77597046,-122.39800262
227,2012-09-21 12:19:00,"SoMa, San Francisco",37.77597046,-122.39800262
228,2012-09-19 19:35:00,Civic Center Garage,40.71673965,-74.00206757
229,2012-09-19 10:22:00,"Downtown, San Francisco",37.79189682,-122.40258026
230,2012-09-19 08:16:00,"Downtown, San Francisco",37.79189682,-122.40258026
231,2012-09-19 07:42:00,"SoMa, San Francisco",37.77597046,-122.39800262
232,2012-09-18 22:43:00,"Tenderloin, San Francisco",37.78366089,-122.41513062
233,2012-09-18 22:14:00,"SoMa, San Francisco",37.77597046,-122.39800262
234,2012-09-18 17:21:00,"SoMa, San Francisco",37.77597046,-122.39800262
235,2012-09-18 12:24:00,"SoMa, San Francisco",37.77597046,-122.39800262
236,2012-09-18 10:31:00,"Downtown, San Francisco",37.79189682,-122.40258026
237,2012-09-17 15:48:00,"SoMa, San Francisco",37.77597046,-122.39800262
238,2012-09-16 18:00:00,San Francisco International Airport,37.62174225,-122.38312531
239,2012-08-26 13:35:00,"Naperville, IL",41.77149582,-88.14800262
240,2012-08-26 12:18:00,"Naperville, IL",41.77149582,-88.14800262
241,2012-08-08 17:04:00,"San Francisco, CA",37.78007889,-122.42015839
