,time,poi,latitude,longitude
0,2015-10-27 17:45:00,"Manhattan, NY",40.75325012,-74.00380707
1,2015-10-27 10:05:00,"Manhattan, NY",40.75325012,-74.00380707
2,2015-10-27 09:14:00,"Manhattan, NY",40.75325012,-74.00380707
3,2015-10-26 11:31:00,"Manhattan, NY",40.75325012,-74.00380707
4,2015-10-26 10:37:00,"Manhattan, NY",40.75325012,-74.00380707
5,2015-10-24 10:16:00,"Manhattan, NY",40.75325012,-74.00380707
6,2015-10-24 08:24:00,"Manhattan, NY",40.75325012,-74.00380707
7,2015-10-23 18:35:00,"Manhattan, NY",40.75325012,-74.00380707
8,2015-10-22 18:11:00,"Manhattan, NY",40.75325012,-74.00380707
9,2015-10-19 21:50:00,"Manhattan, NY",40.75325012,-74.00380707
10,2015-10-17 14:15:00,"Manhattan, NY",40.75325012,-74.00380707
11,2015-10-17 09:07:00,"Manhattan, NY",40.75325012,-74.00380707
12,2015-10-17 08:32:00,"Manhattan, NY",40.75325012,-74.00380707
13,2015-10-16 12:30:00,"Manhattan, NY",40.75325012,-74.00380707
14,2015-10-16 08:57:00,"Manhattan, NY",40.75325012,-74.00380707
15,2015-10-15 14:40:00,"Manhattan, NY",40.75325012,-74.00380707
16,2015-10-15 10:52:00,"Manhattan, NY",40.75325012,-74.00380707
17,2015-10-15 08:46:00,"Manhattan, NY",40.75325012,-74.00380707
18,2015-10-14 15:24:00,"Manhattan, NY",40.75325012,-74.00380707
19,2015-10-13 18:42:00,"Manhattan, NY",40.75325012,-74.00380707
20,2015-10-13 18:10:00,"Manhattan, NY",40.75325012,-74.00380707
21,2015-10-10 19:07:00,"Manhattan, NY",40.75325012,-74.00380707
22,2015-10-09 10:48:00,"Manhattan, NY",40.75325012,-74.00380707
23,2015-10-08 12:59:00,"Manhattan, NY",40.75325012,-74.00380707
24,2015-10-07 08:53:00,"Manhattan, NY",40.75325012,-74.00380707
25,2015-10-06 08:03:00,"Manhattan, NY",40.75325012,-74.00380707
26,2015-10-05 11:07:00,"Manhattan, NY",40.75325012,-74.00380707
27,2015-10-04 07:56:00,"Manhattan, NY",40.75325012,-74.00380707
28,2015-10-03 10:06:00,"Manhattan, NY",40.75325012,-74.00380707
29,2015-10-01 09:45:00,"Manhattan, NY",40.75325012,-74.00380707
30,2015-09-29 10:04:00,"Manhattan, NY",40.75325012,-74.00380707
31,2015-09-29 07:46:00,"Manhattan, NY",40.75325012,-74.00380707
32,2015-09-28 11:56:00,"Manhattan, NY",40.75325012,-74.00380707
33,2015-09-28 08:19:00,"Manhattan, NY",40.75325012,-74.00380707
34,2015-09-27 21:04:00,"Manhattan, NY",40.75325012,-74.00380707
35,2015-09-26 17:15:00,"Manhattan, NY",40.75325012,-74.00380707
36,2015-09-25 17:28:00,"Manhattan, NY",40.75325012,-74.00380707
37,2015-09-24 14:17:00,"Erdman, WI",43.79504776,-87.76016235
38,2015-09-24 10:51:00,"Queens, NY",40.75977707,-73.81729889
39,2015-09-23 06:45:00,"Manhattan, NY",40.75325012,-74.00380707
40,2015-09-22 09:12:00,"Manhattan, NY",40.75325012,-74.00380707
41,2015-09-21 09:06:00,"Manhattan, NY",40.75325012,-74.00380707
42,2015-09-21 08:52:00,"Manhattan, NY",40.75325012,-74.00380707
43,2015-09-20 18:06:00,"Manhattan, NY",40.75325012,-74.00380707
44,2015-09-20 17:55:00,"Manhattan, NY",40.75325012,-74.00380707
45,2015-09-20 17:16:00,"Manhattan, NY",40.75325012,-74.00380707
46,2015-09-20 17:03:00,"Manhattan, NY",40.75325012,-74.00380707
47,2015-09-20 10:48:00,"Manhattan, NY",40.75325012,-74.00380707
48,2015-09-20 07:59:00,"Wallingford, CT",41.45440674,-72.81841278
49,2015-09-19 10:53:00,"New Hampshire, USA",43.68561935,-71.57762909
50,2015-09-18 09:55:00,"Bedford, NH",42.94630814,-71.51319885
51,2015-09-18 06:01:00,"Romulus, MI",42.22052002,-83.38530731
52,2015-09-17 21:17:00,"Beverly Hills, CA",34.08029556,-118.40467834
53,2015-09-17 16:59:00,"Burbank, CA",34.18205261,-118.30747223
54,2015-09-17 16:55:00,"Burbank, CA",34.18205261,-118.30747223
55,2015-09-13 14:39:00,"Los Angeles, CA",34.05223846,-118.24334717
56,2015-09-12 12:47:00,"Guerneville, CA",38.50199127,-122.99877167
57,2015-09-11 09:05:00,"Santa Rosa, CA",38.43969727,-122.71564484
58,2015-09-10 11:49:00,"San Francisco, CA",37.78007889,-122.42015839
59,2015-09-09 15:20:00,"Richardson, TX",32.96076202,-96.73352051
60,2015-09-09 14:46:00,"Richardson, TX",32.96076202,-96.73352051
61,2015-09-09 08:55:00,"Queens, NY",40.75977707,-73.81729889
62,2015-09-08 13:18:00,"Manhattan, NY",40.75325012,-74.00380707
63,2015-09-07 08:37:00,"Manhattan, NY",40.75325012,-74.00380707
64,2015-09-07 08:07:00,"Manhattan, NY",40.75325012,-74.00380707
65,2015-09-06 08:06:00,"Manhattan, NY",40.75325012,-74.00380707
66,2015-09-05 08:27:00,"Manhattan, NY",40.75325012,-74.00380707
67,2015-09-04 09:44:00,"Manhattan, NY",40.75325012,-74.00380707
68,2015-09-03 17:48:00,"Norwalk, CT",41.11804962,-73.41290283
69,2015-09-03 09:56:00,"Manhattan, NY",40.75325012,-74.00380707
70,2015-09-02 18:10:00,Citi Field,40.75625992,-73.84772491
71,2015-09-02 08:40:00,"Manhattan, NY",40.75325012,-74.00380707
72,2015-09-01 09:18:00,"Manhattan, NY",40.75325012,-74.00380707
73,2015-08-31 09:17:00,"Manhattan, NY",40.75325012,-74.00380707
74,2015-08-30 20:34:00,"Manhattan, NY",40.75325012,-74.00380707
75,2015-08-30 20:23:00,"Manhattan, NY",40.75325012,-74.00380707
76,2015-08-30 19:52:00,"Manhattan, NY",40.75325012,-74.00380707
77,2015-08-30 19:44:00,"Manhattan, NY",40.75325012,-74.00380707
78,2015-08-30 19:38:00,"Manhattan, NY",40.75325012,-74.00380707
79,2015-08-30 19:26:00,"Manhattan, NY",40.75325012,-74.00380707
80,2015-08-30 18:56:00,"Manhattan, NY",40.75325012,-74.00380707
81,2015-08-30 18:47:00,"Manhattan, NY",40.75325012,-74.00380707
82,2015-08-30 18:27:00,"Manhattan, NY",40.75325012,-74.00380707
83,2015-08-30 18:06:00,"Manhattan, NY",40.75325012,-74.00380707
84,2015-08-30 10:12:00,"Columbus, OH",39.96276093,-82.99629211
85,2015-08-29 13:32:00,"Ohio, USA",40.41553497,-82.70935822
86,2015-08-29 12:53:00,"Ohio, USA",40.41553497,-82.70935822
87,2015-08-27 15:42:00,"Sambuca di Sicilia, Sicilia",37.65057373,13.11210537
88,2015-08-27 08:41:00,Italy,43.52555084,12.15999889
89,2015-08-26 10:06:00,"Sicily, Italy",37.58776855,14.1551733
90,2015-08-26 08:59:00,Italy,43.52555084,12.15999889
91,2015-08-25 15:40:00,"Palermo, Sicily",38.11566544,13.36147118
92,2015-08-24 15:00:00,"Queens, NY",40.75977707,-73.81729889
93,2015-08-24 10:32:00,"Manhattan, NY",40.75325012,-74.00380707
94,2015-08-23 09:01:00,"Manhattan, NY",40.75325012,-74.00380707
95,2015-08-22 11:05:00,"Manhattan, NY",40.75325012,-74.00380707
96,2015-08-21 10:05:00,"Manhattan, NY",40.75325012,-74.00380707
97,2015-08-20 08:24:00,"Manhattan, NY",40.75325012,-74.00380707
98,2015-08-19 18:27:00,"Manhattan, NY",40.75325012,-74.00380707
99,2015-08-18 21:43:00,"Manhattan, NY",40.75325012,-74.00380707
100,2015-08-18 07:41:00,"Manhattan, NY",40.75325012,-74.00380707
101,2015-08-17 11:41:00,"Manhattan, NY",40.75325012,-74.00380707
102,2015-08-16 19:33:00,"Manhattan, NY",40.75325012,-74.00380707
103,2015-08-16 13:31:00,"Manhattan, NY",40.75325012,-74.00380707
104,2015-08-15 09:20:00,"Manhattan, NY",40.75325012,-74.00380707
105,2015-08-15 08:36:00,"Manhattan, NY",40.75325012,-74.00380707
106,2015-08-14 10:17:00,"Manhattan, NY",40.75325012,-74.00380707
107,2015-08-14 09:42:00,"Manhattan, NY",40.75325012,-74.00380707
108,2015-08-14 09:29:00,"Manhattan, NY",40.75325012,-74.00380707
109,2015-08-13 22:17:00,"Manhattan, NY",40.75325012,-74.00380707
110,2015-08-13 11:16:00,"Manhattan, NY",40.75325012,-74.00380707
111,2015-08-13 07:44:00,"Manhattan, NY",40.75325012,-74.00380707
112,2015-08-12 10:05:00,"Manhattan, NY",40.75325012,-74.00380707
113,2015-08-11 09:15:00,"Manhattan, NY",40.75325012,-74.00380707
114,2015-08-10 10:24:00,"Manhattan, NY",40.75325012,-74.00380707
115,2015-08-09 13:23:00,"Manhattan, NY",40.75325012,-74.00380707
116,2015-08-08 20:48:00,"Manhattan, NY",40.75325012,-74.00380707
117,2015-08-08 06:18:00,"Manhattan, NY",40.75325012,-74.00380707
118,2015-08-07 06:44:00,"Manhattan, NY",40.75325012,-74.00380707
119,2015-08-06 15:16:00,"Manhattan, NY",40.75325012,-74.00380707
120,2015-08-06 07:32:00,"Manhattan, NY",40.75325012,-74.00380707
121,2015-08-05 09:15:00,"Queens, NY",40.75977707,-73.81729889
122,2015-08-04 09:19:00,"Manhattan, NY",40.75325012,-74.00380707
123,2015-08-03 09:23:00,"Kentwood, MI",42.88293076,-85.59342194
124,2015-08-02 18:52:00,"Petoskey, MI",45.37398911,-84.95559692
125,2015-08-02 12:27:00,"Michigan, USA",44.87479782,-85.73097992
126,2015-08-02 06:50:00,"Michigan, USA",44.87479782,-85.73097992
127,2015-08-01 15:24:00,"Michigan, USA",44.87479782,-85.73097992
128,2015-08-01 08:08:00,"Michigan, USA",44.87479782,-85.73097992
129,2015-07-31 20:31:00,"Petoskey, MI",45.37398911,-84.95559692
130,2015-07-30 17:56:00,"Grand Rapids, MI",42.96546173,-85.67017365
131,2015-07-30 10:09:00,"Grand Rapids, MI",42.96546173,-85.67017365
132,2015-07-29 19:22:00,"Grand Rapids, MI",42.96546173,-85.67017365
133,2015-07-27 18:44:00,"Manhattan, NY",40.75325012,-74.00380707
134,2015-07-27 08:29:00,"Manhattan, NY",40.75325012,-74.00380707
135,2015-07-26 16:01:00,"Manhattan, NY",40.75325012,-74.00380707
136,2015-07-24 11:10:00,"Mooresville, NC",35.58256531,-80.81278229
137,2015-07-23 09:29:00,"Charlotte, NC",35.2237854,-80.84114075
138,2015-07-23 06:44:00,"Charlotte, NC",35.2237854,-80.84114075
139,2015-07-21 08:40:00,"Manhattan, NY",40.75325012,-74.00380707
140,2015-07-20 12:29:00,"Manhattan, NY",40.75325012,-74.00380707
141,2015-07-18 09:48:00,"Manhattan, NY",40.75325012,-74.00380707
142,2015-07-16 10:34:00,"London, England",51.50015259,-0.12623601
143,2015-07-15 10:34:00,"London, England",51.50015259,-0.12623601
144,2015-07-15 10:21:00,"London, England",51.50015259,-0.12623601
145,2015-07-14 15:48:00,"London, England",51.50015259,-0.12623601
146,2015-07-14 11:37:00,"London, England",51.50015259,-0.12623601
147,2015-07-14 06:19:00,"London, England",51.50015259,-0.12623601
148,2015-07-13 04:17:00,"Queens, NY",40.75977707,-73.81729889
149,2015-07-12 20:28:00,"Portland, OR",45.51601791,-122.681427
150,2015-07-12 20:09:00,The Farm Cafe,-35.53633881,138.60551453
151,2015-07-12 08:55:00,"Los Angeles, CA",34.05223846,-118.24334717
152,2015-07-11 12:21:00,"Malibu, CA",34.03579712,-118.69153595
153,2015-07-10 09:13:00,"Los Angeles, CA",34.05223846,-118.24334717
154,2015-07-09 19:21:00,"Los Angeles, CA",34.05223846,-118.24334717
155,2015-07-09 14:09:00,"Irving, TX",32.81387711,-96.94993591
156,2015-07-09 07:29:00,"Manhattan, NY",40.75325012,-74.00380707
157,2015-07-08 14:01:00,"Manhattan, NY",40.75325012,-74.00380707
158,2015-07-08 10:10:00,"Manhattan, NY",40.75325012,-74.00380707
159,2015-07-07 10:52:00,"Manhattan, NY",40.75325012,-74.00380707
160,2015-07-06 10:35:00,"Manhattan, NY",40.75325012,-74.00380707
161,2015-07-05 11:11:00,"Connecticut, USA",41.57515335,-72.73828125
162,2015-07-04 16:33:00,"Connecticut, USA",41.57515335,-72.73828125
163,2015-07-04 12:47:00,"Connecticut, USA",41.57515335,-72.73828125
164,2015-07-04 07:16:00,"Connecticut, USA",41.57515335,-72.73828125
165,2015-07-03 12:13:00,"Connecticut, USA",41.57515335,-72.73828125
166,2015-07-03 12:09:00,"Connecticut, USA",41.57515335,-72.73828125
167,2015-07-03 09:35:00,"Connecticut, USA",41.57515335,-72.73828125
168,2015-07-03 08:46:00,"Connecticut, USA",41.57515335,-72.73828125
169,2015-07-02 16:20:00,"Manhattan, NY",40.75325012,-74.00380707
170,2015-07-02 16:07:00,"Manhattan, NY",40.75325012,-74.00380707
171,2015-07-01 14:23:00,"St Louis, MO",38.6353569,-90.20098877
172,2015-07-01 14:17:00,"St Louis, MO",38.6353569,-90.20098877
173,2015-06-30 07:59:00,"St Louis, MO",38.6353569,-90.20098877
174,2015-06-29 11:31:00,"Queens, NY",40.75977707,-73.81729889
175,2015-06-28 12:45:00,"Manhattan, NY",40.75325012,-74.00380707
176,2015-06-28 12:27:00,"Manhattan, NY",40.75325012,-74.00380707
177,2015-06-27 12:43:00,"Massachusetts, USA",42.17235565,-71.60500336
178,2015-06-26 07:35:00,"Manhattan, NY",40.75325012,-74.00380707
179,2015-06-25 16:16:00,"New York, USA",42.93923187,-75.62004852
180,2015-06-25 11:51:00,"Manhattan, NY",40.75325012,-74.00380707
181,2015-06-24 09:59:00,"Manhattan, NY",40.75325012,-74.00380707
182,2015-06-23 12:36:00,"Manhattan, NY",40.75325012,-74.00380707
183,2015-06-22 20:04:00,"Manhattan, NY",40.75325012,-74.00380707
184,2015-06-22 11:41:00,"Manhattan, NY",40.75325012,-74.00380707
185,2015-06-21 09:52:00,"Denver, CO",39.73845291,-104.98485565
186,2015-06-19 13:14:00,"Cheyenne, WY",41.14023972,-104.81880188
187,2015-06-18 16:28:00,"Cheyenne, WY",41.14023972,-104.81880188
188,2015-06-18 16:21:00,"Cheyenne, WY",41.14023972,-104.81880188
189,2015-06-18 16:15:00,"Cheyenne, WY",41.14023972,-104.81880188
190,2015-06-17 14:54:00,Neveux Artisan Creamery & Espresso Bar,42.09806824,19.09493637
191,2015-06-17 11:35:00,"Los Angeles, CA",34.05223846,-118.24334717
192,2015-06-16 11:39:00,"Los Angeles, CA",34.05223846,-118.24334717
193,2015-06-16 11:26:00,"Los Angeles, CA",34.05223846,-118.24334717
194,2015-06-15 13:32:00,"Los Angeles, CA",34.05223846,-118.24334717
195,2015-06-13 12:32:00,"Manhattan, NY",40.75325012,-74.00380707
196,2015-06-13 10:38:00,"Manhattan, NY",40.75325012,-74.00380707
197,2015-06-12 07:39:00,"St Louis, MO",38.6353569,-90.20098877
198,2015-06-11 13:11:00,"St Louis, MO",38.6353569,-90.20098877
199,2015-06-10 12:20:00,"St Louis, MO",38.6353569,-90.20098877
200,2015-06-10 01:35:00,"Saint-Emilion, Aquitaine",44.89601135,-0.15547501
201,2015-06-09 12:08:00,"St Louis, MO",38.6353569,-90.20098877
202,2015-06-09 07:16:00,"Queens, NY",40.75977707,-73.81729889
203,2015-06-08 15:08:00,"Manhattan, NY",40.75325012,-74.00380707
204,2015-06-08 07:37:00,"Manhattan, NY",40.75325012,-74.00380707
205,2015-06-07 14:11:00,"Manhattan, NY",40.75325012,-74.00380707
206,2015-06-06 09:05:00,"Manhattan, NY",40.75325012,-74.00380707
207,2015-06-05 19:03:00,Karaoke Duet 35,38.47502136,-78.25672913
208,2015-06-05 08:26:00,"Manhattan, NY",40.75325012,-74.00380707
209,2015-06-04 09:35:00,"Manhattan, NY",40.75325012,-74.00380707
210,2015-05-29 11:48:00,"Manhattan, NY",40.75325012,-74.00380707
211,2015-05-26 10:16:00,"Manhattan, NY",40.75325012,-74.00380707
212,2015-05-25 08:08:00,"Manhattan, NY",40.75325012,-74.00380707
213,2015-05-24 11:10:00,"Charlotte, NC",35.2237854,-80.84114075
214,2015-05-21 09:13:00,"Manhattan, NY",40.75325012,-74.00380707
215,2015-05-21 08:28:00,"Manhattan, NY",40.75325012,-74.00380707
216,2015-05-20 07:38:00,"Manhattan, NY",40.75325012,-74.00380707
217,2015-05-19 11:54:00,"Manhattan, NY",40.75325012,-74.00380707
218,2015-05-18 13:28:00,"Manhattan, NY",40.75325012,-74.00380707
219,2015-05-18 12:13:00,"Manhattan, NY",40.75325012,-74.00380707
220,2015-05-17 07:18:00,"Manhattan, NY",40.75325012,-74.00380707
221,2015-05-16 07:45:00,"Manhattan, NY",40.75325012,-74.00380707
222,2015-05-15 09:18:00,"Manhattan, NY",40.75325012,-74.00380707
223,2015-05-14 10:13:00,"Manhattan, NY",40.75325012,-74.00380707
224,2015-05-14 09:51:00,"Manhattan, NY",40.75325012,-74.00380707
225,2015-05-13 23:01:00,"Manhattan, NY",40.75325012,-74.00380707
226,2015-05-13 22:20:00,"Manhattan, NY",40.75325012,-74.00380707
227,2015-05-13 11:19:00,"Manhattan, NY",40.75325012,-74.00380707
228,2015-05-12 10:09:00,"Manhattan, NY",40.75325012,-74.00380707
229,2015-05-12 09:01:00,"Manhattan, NY",40.75325012,-74.00380707
230,2015-05-11 11:45:00,IAC,39.87788391,-86.14356232
231,2015-05-11 06:52:00,"Manhattan, NY",40.75325012,-74.00380707
232,2015-05-09 14:10:00,"Manhattan, NY",40.75325012,-74.00380707
233,2015-05-09 09:47:00,"Manhattan, NY",40.75325012,-74.00380707
234,2015-05-08 13:09:00,"Manhattan, NY",40.75325012,-74.00380707
235,2015-05-08 08:23:00,"Manhattan, NY",40.75325012,-74.00380707
236,2015-05-08 07:41:00,"Manhattan, NY",40.75325012,-74.00380707
237,2015-05-06 11:07:00,"Manhattan, NY",40.75325012,-74.00380707
238,2015-05-05 17:15:00,"Manhattan, NY",40.75325012,-74.00380707
239,2015-05-03 12:53:00,"Manhattan, NY",40.75325012,-74.00380707
240,2015-05-03 12:30:00,"Manhattan, NY",40.75325012,-74.00380707
241,2015-05-02 20:42:00,"Manhattan, NY",40.75325012,-74.00380707
242,2015-05-02 17:02:00,"Manhattan, NY",40.75325012,-74.00380707
243,2015-05-01 12:09:00,"Manhattan, NY",40.75325012,-74.00380707
244,2015-05-01 08:53:00,"Manhattan, NY",40.75325012,-74.00380707
245,2015-05-01 08:30:00,"Manhattan, NY",40.75325012,-74.00380707
246,2015-04-30 12:12:00,"Manhattan, NY",40.75325012,-74.00380707
247,2015-04-29 16:01:00,"Manhattan, NY",40.75325012,-74.00380707
248,2015-04-27 08:32:00,"Manhattan, NY",40.75325012,-74.00380707
249,2015-04-25 17:15:00,"Manhattan, NY",40.75325012,-74.00380707
250,2015-04-24 09:21:00,"Manhattan, NY",40.75325012,-74.00380707
251,2015-04-24 08:13:00,"Manhattan, NY",40.75325012,-74.00380707
252,2015-04-23 07:59:00,"Manhattan, NY",40.75325012,-74.00380707
253,2015-04-23 07:07:00,"Manhattan, NY",40.75325012,-74.00380707
254,2015-04-22 11:10:00,"Manhattan, NY",40.75325012,-74.00380707
255,2015-04-21 07:05:00,"Manhattan, NY",40.75325012,-74.00380707
256,2015-04-21 06:59:00,"Manhattan, NY",40.75325012,-74.00380707
257,2015-04-20 08:17:00,"Manhattan, NY",40.75325012,-74.00380707
258,2015-04-19 08:00:00,"Brookfield, WI",43.0607872,-88.11921692
259,2015-04-18 14:46:00,"Wisconsin, USA",44.63995361,-89.73295593
260,2015-04-16 15:14:00,"Emporia, KS",38.41230392,-96.20016479
261,2015-04-14 16:25:00,"Warrensburg, MO",38.77108765,-93.73535156
262,2015-04-14 16:22:00,"Warrensburg, MO",38.77108765,-93.73535156
263,2015-04-12 20:15:00,"Manhattan, NY",40.75325012,-74.00380707
264,2015-04-12 11:21:00,"Manhattan, NY",40.75325012,-74.00380707
265,2015-04-11 06:38:00,"Manhattan, NY",40.75325012,-74.00380707
266,2015-04-10 07:54:00,"Manhattan, NY",40.75325012,-74.00380707
267,2015-04-09 07:54:00,"Manhattan, NY",40.75325012,-74.00380707
268,2015-04-08 08:47:00,"Manhattan, NY",40.75325012,-74.00380707
269,2015-04-07 06:47:00,"Manhattan, NY",40.75325012,-74.00380707
270,2015-04-06 07:21:00,"Manhattan, NY",40.75325012,-74.00380707
271,2015-04-04 11:53:00,"New York, NY",40.71304703,-74.00723267
272,2015-04-03 12:17:00,"Brooklyn, NY",40.69252777,-73.99099731
273,2015-04-03 09:10:00,"Florida, USA",28.59551239,-82.48734283
274,2015-04-02 08:25:00,"Denver, CO",39.73845291,-104.98485565
275,2015-03-31 11:11:00,"Boston, MA",42.35899353,-71.0586319
276,2015-03-31 08:19:00,"Boston, MA",42.35899353,-71.0586319
277,2015-03-30 10:00:00,"Manhattan, NY",40.75325012,-74.00380707
278,2015-03-30 09:40:00,"Manhattan, NY",40.75325012,-74.00380707
279,2015-03-30 09:03:00,"Manhattan, NY",40.75325012,-74.00380707
280,2015-03-29 08:04:00,"Manhattan, NY",40.75325012,-74.00380707
281,2015-03-27 10:16:00,"Manhattan, NY",40.75325012,-74.00380707
282,2015-03-26 13:50:00,"Los Angeles, CA",34.05223846,-118.24334717
283,2015-03-25 13:25:00,"Los Angeles, CA",34.05223846,-118.24334717
284,2015-03-24 08:35:00,"Queens, NY",40.75977707,-73.81729889
285,2015-03-23 07:18:00,"Manhattan, NY",40.75325012,-74.00380707
286,2015-03-21 09:19:00,"Denver, CO",39.73845291,-104.98485565
287,2015-03-20 08:05:00,"Denver, CO",39.73845291,-104.98485565
288,2015-03-19 07:39:00,"Queens, NY",40.75977707,-73.81729889
289,2015-03-18 10:30:00,"Manhattan, NY",40.75325012,-74.00380707
290,2015-03-17 09:43:00,"Manhattan, NY",40.75325012,-74.00380707
291,2015-03-16 08:58:00,"Manhattan, NY",40.75325012,-74.00380707
292,2015-03-15 18:34:00,"Manhattan, NY",40.75325012,-74.00380707
293,2015-03-15 17:58:00,"Manhattan, NY",40.75325012,-74.00380707
294,2015-03-15 08:58:00,"Manhattan, NY",40.75325012,-74.00380707
295,2015-03-14 13:53:00,"Manhattan, NY",40.75325012,-74.00380707
296,2015-03-14 13:42:00,"Manhattan, NY",40.75325012,-74.00380707
297,2015-03-13 08:25:00,"Manhattan, NY",40.75325012,-74.00380707
298,2015-03-12 11:01:00,"Manhattan, NY",40.75325012,-74.00380707
299,2015-03-11 13:33:00,"Manhattan, NY",40.75325012,-74.00380707
300,2015-03-11 13:28:00,"Manhattan, NY",40.75325012,-74.00380707
301,2015-03-11 13:07:00,"Manhattan, NY",40.75325012,-74.00380707
302,2015-03-10 16:23:00,"Manhattan, NY",40.75325012,-74.00380707
303,2015-03-09 19:56:00,"Manhattan, NY",40.75325012,-74.00380707
304,2015-03-09 19:26:00,"Manhattan, NY",40.75325012,-74.00380707
305,2015-03-09 19:18:00,"Manhattan, NY",40.75325012,-74.00380707
306,2015-03-09 19:07:00,"Manhattan, NY",40.75325012,-74.00380707
307,2015-03-09 11:55:00,"Manhattan, NY",40.75325012,-74.00380707
308,2015-03-09 09:29:00,"Manhattan, NY",40.75325012,-74.00380707
309,2015-03-07 07:22:00,"Chicago, IL",41.8832283,-87.63240051
310,2015-03-07 07:08:00,"Chicago, IL",41.8832283,-87.63240051
311,2015-03-06 09:10:00,"Manhattan, NY",40.75325012,-74.00380707
312,2015-03-06 08:59:00,"Manhattan, NY",40.75325012,-74.00380707
313,2015-03-05 19:10:00,"Manhattan, NY",40.75325012,-74.00380707
314,2015-03-05 12:25:00,"Yonkers, NY",40.93079376,-73.89829254
315,2015-03-04 07:06:00,"Manhattan, NY",40.75325012,-74.00380707
316,2015-03-03 11:50:00,"Manhattan, NY",40.75325012,-74.00380707
317,2015-03-02 07:29:00,"Manhattan, NY",40.75325012,-74.00380707
318,2015-02-28 23:30:00,"Winston-Salem, NC",36.09626007,-80.24373627
319,2015-02-28 15:29:00,"North Carolina, USA",35.53937531,-79.1854248
320,2015-02-27 09:49:00,"Queens, NY",40.75977707,-73.81729889
321,2015-02-26 20:11:00,"Manhattan, NY",40.75325012,-74.00380707
322,2015-02-26 18:12:00,"Manhattan, NY",40.75325012,-74.00380707
323,2015-02-24 07:15:00,"Portland, ME",43.65921783,-70.2565155
324,2015-02-22 20:54:00,"Manhattan, NY",40.75325012,-74.00380707
325,2015-02-22 20:41:00,"Manhattan, NY",40.75325012,-74.00380707
326,2015-02-22 20:17:00,"Manhattan, NY",40.75325012,-74.00380707
327,2015-02-22 20:10:00,"Manhattan, NY",40.75325012,-74.00380707
328,2015-02-22 19:47:00,"Manhattan, NY",40.75325012,-74.00380707
329,2015-02-22 19:26:00,"Manhattan, NY",40.75325012,-74.00380707
330,2015-02-22 18:56:00,"Manhattan, NY",40.75325012,-74.00380707
331,2015-02-22 18:20:00,"Manhattan, NY",40.75325012,-74.00380707
332,2015-02-22 17:59:00,"Manhattan, NY",40.75325012,-74.00380707
333,2015-02-22 17:50:00,"Manhattan, NY",40.75325012,-74.00380707
334,2015-02-22 17:42:00,"Manhattan, NY",40.75325012,-74.00380707
335,2015-02-22 16:51:00,"Manhattan, NY",40.75325012,-74.00380707
336,2015-02-21 18:56:00,"Manhattan, NY",40.75325012,-74.00380707
337,2015-02-21 09:08:00,"Manhattan, NY",40.75325012,-74.00380707
338,2015-02-20 08:57:00,"Manhattan, NY",40.75325012,-74.00380707
339,2015-02-19 10:39:00,"Manhattan, NY",40.75325012,-74.00380707
340,2015-02-18 14:07:00,"South Burlington, VT",44.46828461,-73.17159271
341,2015-02-18 10:08:00,"Colchester, VT",44.54379272,-73.14821625
342,2015-02-17 07:33:00,"Chicago, IL",41.8832283,-87.63240051
343,2015-02-16 10:00:00,"Oklahoma, USA",35.5834465,-97.50830078
344,2015-02-15 18:15:00,"Oklahoma City, OK",35.46849442,-97.52126312
345,2015-02-15 18:13:00,"Oklahoma City, OK",35.46849442,-97.52126312
346,2015-02-15 17:55:00,"Oklahoma City, OK",35.46849442,-97.52126312
347,2015-02-15 17:41:00,"Oklahoma City, OK",35.46849442,-97.52126312
348,2015-02-15 17:25:00,"Oklahoma City, OK",35.46849442,-97.52126312
349,2015-02-15 17:05:00,"Oklahoma City, OK",35.46849442,-97.52126312
350,2015-02-15 17:01:00,"Oklahoma City, OK",35.46849442,-97.52126312
351,2015-02-14 16:43:00,"Farmville, VA",37.29504776,-78.39463806
352,2015-02-14 11:52:00,"Washington, DC",38.89206314,-77.01991272
353,2015-02-14 09:18:00,"Washington, DC",38.89206314,-77.01991272
354,2015-02-14 08:59:00,"Washington, DC",38.89206314,-77.01991272
355,2015-02-13 21:35:00,"Washington, DC",38.89206314,-77.01991272
356,2015-02-12 21:24:00,"South Carolina, USA",33.90394211,-80.89408112
357,2015-02-12 20:58:00,"South Carolina, USA",33.90394211,-80.89408112
358,2015-02-12 07:50:00,"High Point, NC",35.95397186,-80.00393677
359,2015-02-10 14:14:00,"Spartanburg, SC",34.94791412,-81.93466187
360,2015-02-09 20:35:00,"Chicago, IL",41.8832283,-87.63240051
361,2015-02-09 20:19:00,"Chicago, IL",41.8832283,-87.63240051
362,2015-02-08 19:56:00,"Manhattan, NY",40.75325012,-74.00380707
363,2015-02-08 19:23:00,"Manhattan, NY",40.75325012,-74.00380707
364,2015-02-08 18:56:00,"Manhattan, NY",40.75325012,-74.00380707
365,2015-02-08 18:29:00,"Manhattan, NY",40.75325012,-74.00380707
366,2015-02-08 18:26:00,"Manhattan, NY",40.75325012,-74.00380707
367,2015-02-08 18:19:00,"Manhattan, NY",40.75325012,-74.00380707
368,2015-02-08 18:13:00,"Manhattan, NY",40.75325012,-74.00380707
369,2015-02-08 18:07:00,"Manhattan, NY",40.75325012,-74.00380707
370,2015-02-08 17:53:00,"Manhattan, NY",40.75325012,-74.00380707
371,2015-02-08 17:50:00,"Manhattan, NY",40.75325012,-74.00380707
372,2015-02-08 17:42:00,"Manhattan, NY",40.75325012,-74.00380707
373,2015-02-07 12:35:00,"South Hooksett, NH",43.03474045,-71.43317413
374,2015-02-05 22:35:00,"Chattanooga, TN",35.04575729,-85.30828857
375,2015-02-05 14:52:00,"Chattanooga, TN",35.04575729,-85.30828857
376,2015-02-03 09:11:00,"Manhattan, NY",40.75325012,-74.00380707
377,2015-02-02 08:08:00,"Manhattan, NY",40.75325012,-74.00380707
378,2015-02-01 16:39:00,"Manhattan, NY",40.75325012,-74.00380707
379,2015-02-01 09:50:00,"Manhattan, NY",40.75325012,-74.00380707
380,2015-01-31 13:02:00,"West Springfield, MA",42.10345078,-72.62333679
381,2015-01-31 10:47:00,"North Haven, CT",41.38868332,-72.86089325
382,2015-01-30 08:08:00,"Manhattan, NY",40.75325012,-74.00380707
383,2015-01-29 11:09:00,"Manhattan, NY",40.75325012,-74.00380707
384,2015-01-28 09:26:00,"Manhattan, NY",40.75325012,-74.00380707
385,2015-01-27 09:33:00,"Manhattan, NY",40.75325012,-74.00380707
386,2015-01-26 08:06:00,"Manhattan, NY",40.75325012,-74.00380707
387,2015-01-25 12:19:00,"Manhattan, NY",40.75325012,-74.00380707
388,2015-01-25 10:41:00,"Manhattan, NY",40.75325012,-74.00380707
389,2015-01-25 10:26:00,"Manhattan, NY",40.75325012,-74.00380707
390,2015-01-23 09:13:00,"Massachusetts, USA",42.17235565,-71.60500336
391,2015-01-23 09:09:00,"Massachusetts, USA",42.17235565,-71.60500336
392,2015-01-22 09:08:00,"New London, CT",41.35516739,-72.0995636
393,2015-01-21 22:08:00,"New London, CT",41.35516739,-72.0995636
394,2015-01-21 08:45:00,"Framingham, MA",42.28155899,-71.41882324
395,2015-01-20 09:04:00,"Manhattan, NY",40.75325012,-74.00380707
396,2015-01-18 11:37:00,"Manhattan, NY",40.75325012,-74.00380707
397,2015-01-15 15:18:00,"Manhattan, NY",40.75325012,-74.00380707
398,2015-01-13 12:01:00,"Manhattan, NY",40.75325012,-74.00380707
399,2015-01-12 10:22:00,"Manhattan, NY",40.75325012,-74.00380707
400,2015-01-12 09:28:00,"Manhattan, NY",40.75325012,-74.00380707
401,2015-01-10 13:05:00,"Manhattan, NY",40.75325012,-74.00380707
402,2015-01-09 09:51:00,"Manhattan, NY",40.75325012,-74.00380707
403,2015-01-08 12:47:00,Morocco,31.17282104,-7.33624792
404,2015-01-07 09:52:00,"Manhattan, NY",40.75325012,-74.00380707
405,2015-01-05 08:12:00,"Fès - Boulemane, Royaume du Maroc",33.36597061,-4.73009109
406,2015-01-01 12:37:00,Morocco,31.17282104,-7.33624792
407,2014-12-26 10:49:00,Morocco,31.17282104,-7.33624792
408,2014-12-25 14:16:00,"Queens, NY",40.75977707,-73.81729889
409,2014-12-25 07:58:00,"Manhattan, NY",40.75325012,-74.00380707
410,2014-12-24 11:32:00,"Manhattan, NY",40.75325012,-74.00380707
411,2014-12-23 09:39:00,"Manhattan, NY",40.75325012,-74.00380707
412,2014-12-22 10:44:00,"Manhattan, NY",40.75325012,-74.00380707
413,2014-12-22 08:21:00,"Manhattan, NY",40.75325012,-74.00380707
414,2014-12-21 11:41:00,"Manhattan, NY",40.75325012,-74.00380707
415,2014-12-20 09:57:00,"Manhattan, NY",40.75325012,-74.00380707
416,2014-12-19 08:12:00,"Manhattan, NY",40.75325012,-74.00380707
417,2014-12-18 09:43:00,"Manhattan, NY",40.75325012,-74.00380707
418,2014-12-18 08:04:00,"Manhattan, NY",40.75325012,-74.00380707
419,2014-12-18 07:48:00,"Manhattan, NY",40.75325012,-74.00380707
420,2014-12-18 07:54:00,"Manhattan, NY",40.75325012,-74.00380707
421,2014-12-18 07:47:00,"Manhattan, NY",40.75325012,-74.00380707
422,2014-12-17 07:54:00,"Manhattan, NY",40.75325012,-74.00380707
423,2014-12-15 12:51:00,"Manhattan, NY",40.75325012,-74.00380707
424,2014-12-15 08:21:00,"Manhattan, NY",40.75325012,-74.00380707
425,2014-12-15 07:45:00,"Manhattan, NY",40.75325012,-74.00380707
426,2014-12-14 13:30:00,"Nashville, TN",36.1663475,-86.77905273
427,2014-12-13 11:33:00,"Nashville, TN",36.1663475,-86.77905273
428,2014-12-12 19:19:00,"Nashville, TN",36.1663475,-86.77905273
429,2014-12-11 08:36:00,"Manhattan, NY",40.75325012,-74.00380707
430,2014-12-10 10:11:00,"Manhattan, NY",40.75325012,-74.00380707
431,2014-12-09 10:53:00,"Manhattan, NY",40.75325012,-74.00380707
432,2014-12-09 07:50:00,"Manhattan, NY",40.75325012,-74.00380707
433,2014-12-08 12:29:00,"Manhattan, NY",40.75325012,-74.00380707
434,2014-12-07 08:29:00,"Manhattan, NY",40.75325012,-74.00380707
435,2014-12-04 18:32:00,"Manhattan, NY",40.75325012,-74.00380707
436,2014-12-04 08:24:00,"Manhattan, NY",40.75325012,-74.00380707
437,2014-12-02 20:43:00,"Manhattan, NY",40.75325012,-74.00380707
438,2014-12-02 10:54:00,"Manhattan, NY",40.75325012,-74.00380707
439,2014-12-01 08:52:00,"Manhattan, NY",40.75325012,-74.00380707
440,2014-11-30 09:04:00,"Manhattan, NY",40.75325012,-74.00380707
441,2014-11-29 08:28:00,"Manhattan, NY",40.75325012,-74.00380707
442,2014-11-28 07:05:00,"Manhattan, NY",40.75325012,-74.00380707
443,2014-11-27 08:23:00,"Manhattan, NY",40.75325012,-74.00380707
444,2014-11-26 09:31:00,"Manhattan, NY",40.75325012,-74.00380707
445,2014-11-25 09:03:00,"Manhattan, NY",40.75325012,-74.00380707
446,2014-11-24 12:46:00,"Manhattan, NY",40.75325012,-74.00380707
447,2014-11-23 12:55:00,"Manhattan, NY",40.75325012,-74.00380707
448,2014-11-22 10:16:00,"Manhattan, NY",40.75325012,-74.00380707
449,2014-11-21 09:38:00,"Manhattan, NY",40.75325012,-74.00380707
450,2014-11-20 15:05:00,"Manhattan, NY",40.75325012,-74.00380707
451,2014-11-19 12:35:00,"Manhattan, NY",40.75325012,-74.00380707
452,2014-11-19 09:11:00,"Manhattan, NY",40.75325012,-74.00380707
453,2014-11-18 10:22:00,"Manhattan, NY",40.75325012,-74.00380707
454,2014-11-17 10:49:00,"Manhattan, NY",40.75325012,-74.00380707
455,2014-11-16 08:55:00,"Manhattan, NY",40.75325012,-74.00380707
456,2014-11-15 13:16:00,"Manhattan, NY",40.75325012,-74.00380707
457,2014-11-15 12:40:00,"Manhattan, NY",40.75325012,-74.00380707
458,2014-11-15 12:34:00,"Manhattan, NY",40.75325012,-74.00380707
459,2014-11-15 08:02:00,"Akron, OH",41.08481979,-81.51560974
460,2014-11-13 21:33:00,"Manhattan, NY",40.75325012,-74.00380707
461,2014-11-11 21:08:00,"Manhattan, NY",40.75325012,-74.00380707
462,2014-11-11 10:39:00,"Manhattan, NY",40.75325012,-74.00380707
463,2014-11-10 09:55:00,"Manhattan, NY",40.75325012,-74.00380707
464,2014-11-09 10:07:00,"Arizona, USA",34.29322815,-111.66459656
465,2014-11-08 09:53:00,"Arizona, USA",34.29322815,-111.66459656
466,2014-11-07 09:55:00,"Catalina Foothills, AZ",32.30833435,-110.90229034
467,2014-11-06 21:24:00,"Tucson, AZ",32.22187805,-110.97122192
468,2014-11-06 16:49:00,"Tucson, AZ",32.22187805,-110.97122192
469,2014-11-05 08:26:00,"Manhattan, NY",40.75325012,-74.00380707
470,2014-11-03 11:50:00,"Manhattan, NY",40.75325012,-74.00380707
471,2014-11-02 09:31:00,"Manhattan, NY",40.75325012,-74.00380707
472,2014-10-31 12:44:00,"Manhattan, NY",40.75325012,-74.00380707
473,2014-10-30 22:51:00,"Manhattan, NY",40.75325012,-74.00380707
474,2014-10-30 08:52:00,"Manhattan, NY",40.75325012,-74.00380707
475,2014-10-29 08:32:00,"Manhattan, NY",40.75325012,-74.00380707
476,2014-10-28 17:29:00,"Manhattan, NY",40.75325012,-74.00380707
477,2014-10-26 12:56:00,"Manhattan, NY",40.75325012,-74.00380707
478,2014-10-25 07:19:00,"Arlington, TX",32.7355957,-97.10710907
479,2014-10-23 20:48:00,"Manhattan, NY",40.75325012,-74.00380707
480,2014-10-22 09:46:00,"Manhattan, NY",40.75325012,-74.00380707
481,2014-10-21 10:22:00,"Manhattan, NY",40.75325012,-74.00380707
482,2014-10-20 20:56:00,"Manhattan, NY",40.75325012,-74.00380707
483,2014-10-20 20:44:00,"Manhattan, NY",40.75325012,-74.00380707
484,2014-10-19 08:36:00,"Manhattan, NY",40.75325012,-74.00380707
485,2014-10-18 12:59:00,"Manhattan, NY",40.75325012,-74.00380707
486,2014-10-18 08:15:00,"Manhattan, NY",40.75325012,-74.00380707
487,2014-10-17 08:22:00,"Manhattan, NY",40.75325012,-74.00380707
488,2014-10-16 09:41:00,"Manhattan, NY",40.75325012,-74.00380707
489,2014-10-16 09:26:00,"Manhattan, NY",40.75325012,-74.00380707
490,2014-10-15 12:37:00,"Manhattan, NY",40.75325012,-74.00380707
491,2014-10-14 07:12:00,"Manhattan, NY",40.75325012,-74.00380707
492,2014-10-13 07:43:00,"Manhattan, NY",40.75325012,-74.00380707
493,2014-10-11 08:39:00,"Myrtle Beach, SC",33.68785095,-78.8838501
494,2014-10-09 09:34:00,"Manhattan, NY",40.75325012,-74.00380707
495,2014-10-08 11:35:00,"Manhattan, NY",40.75325012,-74.00380707
496,2014-10-06 07:54:00,"Manhattan, NY",40.75325012,-74.00380707
497,2014-10-05 08:55:00,"Manhattan, NY",40.75325012,-74.00380707
498,2014-10-04 10:06:00,"Manhattan, NY",40.75325012,-74.00380707
499,2014-10-03 09:57:00,"Manhattan, NY",40.75325012,-74.00380707
500,2014-10-01 14:26:00,"Sacramento, CA",38.57693481,-121.49494934
501,2014-09-29 07:21:00,"New York, NY",40.71304703,-74.00723267
502,2014-09-25 11:28:00,"Nuremberg, Bavaria",49.45051956,11.08047962
503,2014-09-24 09:42:00,"Nuremberg, Bavaria",49.45051956,11.08047962
504,2014-09-21 08:15:00,"New York, NY",40.71304703,-74.00723267
505,2014-09-20 09:19:00,"New York, NY",40.71304703,-74.00723267
506,2014-09-19 13:10:00,"New York, NY",40.71304703,-74.00723267
507,2014-09-17 21:14:00,"New York, NY",40.71304703,-74.00723267
508,2014-09-17 14:10:00,"New York, NY",40.71304703,-74.00723267
509,2014-09-14 13:20:00,"New York, NY",40.71304703,-74.00723267
510,2014-09-11 09:51:00,"New York, NY",40.71304703,-74.00723267
511,2014-09-10 10:44:00,"Manhattan, NY",40.75325012,-74.00380707
512,2014-09-09 07:51:00,"New York, NY",40.71304703,-74.00723267
513,2014-09-08 08:29:00,"New York, NY",40.71304703,-74.00723267
514,2014-09-04 10:54:00,"New York, NY",40.71304703,-74.00723267
515,2014-09-03 09:09:00,"New York, NY",40.71304703,-74.00723267
516,2014-08-31 08:57:00,"New York, NY",40.71304703,-74.00723267
517,2014-08-28 12:09:00,"South Burlington, VT",44.46828461,-73.17159271
518,2014-08-25 07:57:00,"New York, NY",40.71304703,-74.00723267
519,2014-08-23 10:08:00,"New York, NY",40.71304703,-74.00723267
520,2014-08-21 20:57:00,"Little Rock, AR",34.74874496,-92.27510834
521,2014-08-18 09:07:00,"New York, NY",40.71304703,-74.00723267
522,2014-08-17 09:58:00,"New York, NY",40.71304703,-74.00723267
523,2014-08-15 07:28:00,"New York, NY",40.71304703,-74.00723267
524,2014-08-14 07:18:00,"New York, NY",40.71304703,-74.00723267
525,2014-08-13 09:37:00,"New York, NY",40.71304703,-74.00723267
526,2014-08-12 09:17:00,"New York, NY",40.71304703,-74.00723267
527,2014-08-11 07:50:00,"New York, NY",40.71304703,-74.00723267
528,2014-08-10 14:42:00,"New York, NY",40.71304703,-74.00723267
529,2014-08-08 07:55:00,"New York, NY",40.71304703,-74.00723267
530,2014-08-06 21:29:00,"New York, NY",40.71304703,-74.00723267
531,2014-08-06 21:20:00,"New York, NY",40.71304703,-74.00723267
532,2014-08-06 21:15:00,"New York, NY",40.71304703,-74.00723267
533,2014-08-05 11:56:00,"New York, NY",40.71304703,-74.00723267
534,2014-08-05 08:07:00,"New York, NY",40.71304703,-74.00723267
535,2014-08-04 08:51:00,"New York, NY",40.71304703,-74.00723267
536,2014-08-03 20:56:00,"New York, NY",40.71304703,-74.00723267
537,2014-08-02 10:11:00,"Los Angeles, CA",34.05223846,-118.24334717
538,2014-08-01 06:39:00,"Marietta, GA",33.95230484,-84.54904938
539,2014-07-29 10:20:00,"Michigan, USA",44.87479782,-85.73097992
540,2014-07-28 06:31:00,"Charlevoix, MI",45.31479263,-85.2587204
541,2014-07-27 12:56:00,"Courtland, MI",43.16122437,-85.49087524
542,2014-07-26 20:38:00,"Courtland, MI",43.16122437,-85.49087524
543,2014-07-26 06:21:00,"Flower Mound, TX",33.03406525,-97.07963562
544,2014-07-25 12:52:00,"New York, NY",40.71304703,-74.00723267
545,2014-07-24 10:52:00,"New York, NY",40.71304703,-74.00723267
546,2014-07-23 10:18:00,"New York, NY",40.71304703,-74.00723267
547,2014-07-23 06:50:00,"New York, NY",40.71304703,-74.00723267
548,2014-07-22 12:38:00,"New York, NY",40.71304703,-74.00723267
549,2014-07-22 08:23:00,"New York, NY",40.71304703,-74.00723267
550,2014-07-21 22:02:00,"New York, NY",40.71304703,-74.00723267
551,2014-07-21 21:16:00,"New York, NY",40.71304703,-74.00723267
552,2014-07-21 07:25:00,"New York, NY",40.71304703,-74.00723267
553,2014-07-20 09:49:00,"New York, NY",40.71304703,-74.00723267
554,2014-07-19 09:13:00,"New York, NY",40.71304703,-74.00723267
555,2014-07-17 06:40:00,"New York, NY",40.71304703,-74.00723267
556,2014-07-16 08:12:00,"New York, NY",40.71304703,-74.00723267
557,2014-07-15 11:18:00,"New York, NY",40.71304703,-74.00723267
558,2014-07-15 09:47:00,"New York, NY",40.71304703,-74.00723267
559,2014-07-12 07:59:00,"New York, NY",40.71304703,-74.00723267
560,2014-07-11 16:10:00,"New York, NY",40.71304703,-74.00723267
561,2014-07-11 16:00:00,"New York, NY",40.71304703,-74.00723267
562,2014-07-11 15:55:00,"New York, NY",40.71304703,-74.00723267
563,2014-07-10 20:49:00,"New York, NY",40.71304703,-74.00723267
564,2014-07-10 20:45:00,"New York, NY",40.71304703,-74.00723267
565,2014-07-10 20:37:00,"New York, NY",40.71304703,-74.00723267
566,2014-07-10 08:00:00,"New York, NY",40.71304703,-74.00723267
567,2014-07-09 20:49:00,"New York, NY",40.71304703,-74.00723267
568,2014-07-09 20:46:00,"New York, NY",40.71304703,-74.00723267
569,2014-07-09 08:14:00,"New York, NY",40.71304703,-74.00723267
570,2014-07-08 20:39:00,"New York, NY",40.71304703,-74.00723267
571,2014-07-08 10:01:00,"New York, NY",40.71304703,-74.00723267
572,2014-07-07 20:03:00,"New York, NY",40.71304703,-74.00723267
573,2014-07-07 14:11:00,"New York, NY",40.71304703,-74.00723267
574,2014-07-07 06:31:00,"New York, NY",40.71304703,-74.00723267
575,2014-07-05 16:31:00,"Connecticut, USA",41.57515335,-72.73828125
576,2014-07-03 11:10:00,"New York, NY",40.71304703,-74.00723267
577,2014-07-03 08:34:00,"New York, NY",40.71304703,-74.00723267
578,2014-07-02 20:50:00,"New York, NY",40.71304703,-74.00723267
579,2014-07-02 20:43:00,"New York, NY",40.71304703,-74.00723267
580,2014-07-02 20:34:00,"New York, NY",40.71304703,-74.00723267
581,2014-07-02 06:44:00,"New York, NY",40.71304703,-74.00723267
582,2014-07-01 15:14:00,"New York, NY",40.71304703,-74.00723267
583,2014-07-01 12:05:00,"New York, NY",40.71304703,-74.00723267
584,2014-06-30 07:26:00,"New York, NY",40.71304703,-74.00723267
585,2014-06-28 15:34:00,"New York, NY",40.71304703,-74.00723267
586,2014-06-28 11:39:00,"New York, NY",40.71304703,-74.00723267
587,2014-06-28 07:49:00,"New York, NY",40.71304703,-74.00723267
588,2014-06-27 22:15:00,"New York, NY",40.71304703,-74.00723267
589,2014-06-26 07:44:00,"New York, NY",40.71304703,-74.00723267
590,2014-06-25 21:01:00,"New York, NY",40.71304703,-74.00723267
591,2014-06-25 20:55:00,"New York, NY",40.71304703,-74.00723267
592,2014-06-24 22:24:00,"New York, NY",40.71304703,-74.00723267
593,2014-06-24 22:13:00,"New York, NY",40.71304703,-74.00723267
594,2014-06-24 09:01:00,"New York, NY",40.71304703,-74.00723267
595,2014-06-23 08:21:00,"New York, NY",40.71304703,-74.00723267
596,2014-06-22 08:39:00,"New York, NY",40.71304703,-74.00723267
597,2014-06-21 10:37:00,"New York, NY",40.71304703,-74.00723267
598,2014-06-21 07:08:00,"New York, NY",40.71304703,-74.00723267
599,2014-06-20 19:56:00,"New York, NY",40.71304703,-74.00723267
600,2014-06-20 10:01:00,"New York, NY",40.71304703,-74.00723267
601,2014-06-19 20:40:00,"New York, NY",40.71304703,-74.00723267
602,2014-06-19 20:39:00,"New York, NY",40.71304703,-74.00723267
603,2014-06-18 21:14:00,"New York, NY",40.71304703,-74.00723267
604,2014-06-18 21:08:00,"New York, NY",40.71304703,-74.00723267
605,2014-06-18 21:06:00,"New York, NY",40.71304703,-74.00723267
606,2014-06-18 10:34:00,"New York, NY",40.71304703,-74.00723267
607,2014-06-18 06:41:00,"New York, NY",40.71304703,-74.00723267
608,2014-06-17 08:10:00,"New York, NY",40.71304703,-74.00723267
609,2014-06-17 07:13:00,"New York, NY",40.71304703,-74.00723267
610,2014-06-16 16:42:00,"New York, NY",40.71304703,-74.00723267
611,2014-06-15 10:28:00,"Manhattan, NY",40.75325012,-74.00380707
612,2014-06-15 08:14:00,"Manhattan, NY",40.75325012,-74.00380707
613,2014-06-14 07:34:00,"Manhattan, NY",40.75325012,-74.00380707
614,2014-06-13 19:18:00,"Yonkers, NY",40.93079376,-73.89829254
