,time,poi,latitude,longitude
0,2015-10-29 10:45:00,"Copenhagen, Capital Region of Denmark",55.67575836,12.56902313
1,2015-10-29 00:19:00,"Frederiksberg, Hovedstaden",55.6780014,12.53536797
2,2015-10-24 04:47:00,"Frederiksberg, Hovedstaden",55.6780014,12.53536797
3,2015-10-20 00:58:00,"Copenhagen, Capital Region of Denmark",55.67575836,12.56902313
4,2015-10-17 13:39:00,"Copenhagen, Capital Region of Denmark",55.67575836,12.56902313
5,2015-10-09 13:16:00,"Manhattan, NY",40.75325012,-74.00380707
6,2015-10-09 12:47:00,"Manhattan, NY",40.75325012,-74.00380707
7,2015-10-08 08:22:00,"Staten Island, NY",40.64349747,-74.07620239
8,2015-10-07 17:47:00,"New York, USA",42.93923187,-75.62004852
9,2015-10-07 12:27:00,"Staten Island, NY",40.64349747,-74.07620239
10,2015-10-07 09:21:00,"Staten Island, NY",40.64349747,-74.07620239
11,2015-10-07 09:13:00,"Staten Island, NY",40.64349747,-74.07620239
12,2015-10-07 09:09:00,"Staten Island, NY",40.64349747,-74.07620239
13,2015-10-07 08:34:00,"Staten Island, NY",40.64349747,-74.07620239
14,2015-10-07 08:04:00,"Staten Island, NY",40.64349747,-74.07620239
15,2015-10-07 07:54:00,"Staten Island, NY",40.64349747,-74.07620239
16,2015-10-07 07:45:00,"Staten Island, NY",40.64349747,-74.07620239
17,2015-10-06 08:50:00,"Manhattan, NY",40.75325012,-74.00380707
18,2015-10-06 06:25:00,Sheraton New York Times Square Hotel,40.75699997,-73.98600006
19,2015-10-04 10:55:00,"Brooklyn, NY",40.69252777,-73.99099731
20,2015-09-22 07:35:00,"Manhattan, NY",40.75325012,-74.00380707
21,2015-09-21 06:53:00,"Manhattan, NY",40.75325012,-74.00380707
22,2015-09-16 08:05:00,"Manhattan, NY",40.75325012,-74.00380707
23,2015-09-10 19:02:00,"Manhattan, NY",40.75325012,-74.00380707
24,2015-09-10 10:17:00,Mercedes-Benz Manhattan,40.75325012,-74.00380707
25,2015-09-08 08:45:00,"Manhattan, NY",40.75325012,-74.00380707
26,2015-08-31 16:29:00,"Manhattan, NY",40.75325012,-74.00380707
27,2015-08-22 23:16:00,"Manhattan, NY",40.75325012,-74.00380707
28,2015-08-22 10:57:00,"Manhattan, NY",40.75325012,-74.00380707
29,2015-08-20 17:08:00,"New York, USA",42.93923187,-75.62004852
30,2015-08-20 15:17:00,"Manhattan, NY",40.75325012,-74.00380707
31,2015-08-15 20:33:00,"Massachusetts, USA",42.17235565,-71.60500336
32,2015-08-11 15:37:00,"Manhattan, NY",40.75325012,-74.00380707
33,2015-08-11 14:31:00,"Manhattan, NY",40.75325012,-74.00380707
34,2015-08-10 05:50:00,"Manhattan, NY",40.75325012,-74.00380707
35,2015-08-10 05:48:00,"Manhattan, NY",40.75325012,-74.00380707
36,2015-08-08 06:59:00,"Manhattan, NY",40.75325012,-74.00380707
37,2015-08-06 15:08:00,"Brooklyn, NY",40.69252777,-73.99099731
38,2015-08-05 17:44:00,"Brooklyn, NY",40.69252777,-73.99099731
39,2015-08-05 15:40:00,"Brooklyn, NY",40.69252777,-73.99099731
40,2015-08-05 03:33:00,"Manhattan, NY",40.75325012,-74.00380707
41,2015-08-03 13:09:00,"Manhattan, NY",40.75325012,-74.00380707
42,2015-07-30 12:02:00,"Queens, NY",40.75977707,-73.81729889
43,2015-07-29 15:47:00,"Manhattan, NY",40.75325012,-74.00380707
44,2015-07-29 14:52:00,"Manhattan, NY",40.75325012,-74.00380707
45,2015-07-29 12:00:00,"Manhattan, NY",40.75325012,-74.00380707
46,2015-07-28 06:51:00,"Manhattan, NY",40.75325012,-74.00380707
47,2015-07-28 06:05:00,"Manhattan, NY",40.75325012,-74.00380707
48,2015-07-28 06:03:00,"Manhattan, NY",40.75325012,-74.00380707
49,2015-07-28 06:01:00,"Manhattan, NY",40.75325012,-74.00380707
50,2015-07-28 06:00:00,"Manhattan, NY",40.75325012,-74.00380707
51,2015-07-28 05:53:00,"Manhattan, NY",40.75325012,-74.00380707
52,2015-07-28 05:35:00,"Manhattan, NY",40.75325012,-74.00380707
53,2015-07-28 05:33:00,"Manhattan, NY",40.75325012,-74.00380707
54,2015-07-24 12:21:00,"Manhattan, NY",40.75325012,-74.00380707
55,2015-07-23 12:28:00,"Manhattan, NY",40.75325012,-74.00380707
56,2015-07-23 12:11:00,United Nations,40.75008774,-73.96770477
57,2015-07-23 11:35:00,"Manhattan, NY",40.75325012,-74.00380707
58,2015-07-22 15:25:00,"Manhattan, NY",40.75325012,-74.00380707
59,2015-07-22 07:24:00,"Manhattan, NY",40.75325012,-74.00380707
60,2015-07-20 20:27:00,"Manhattan, NY",40.75325012,-74.00380707
61,2015-07-20 12:39:00,"Manhattan, NY",40.75325012,-74.00380707
62,2015-07-20 04:51:00,"Manhattan, NY",40.75325012,-74.00380707
63,2015-07-19 08:58:00,"Manhattan, NY",40.75325012,-74.00380707
64,2015-07-15 15:43:00,"Manhattan, NY",40.75325012,-74.00380707
65,2015-07-15 14:33:00,"Manhattan, NY",40.75325012,-74.00380707
66,2015-07-15 14:14:00,"Manhattan, NY",40.75325012,-74.00380707
67,2015-07-15 11:03:00,"Manhattan, NY",40.75325012,-74.00380707
68,2015-07-15 09:42:00,"Manhattan, NY",40.75325012,-74.00380707
69,2015-07-14 14:51:00,Centre For Social Innovation,34.15884399,-85.66727448
70,2015-07-14 13:57:00,"Manhattan, NY",40.75325012,-74.00380707
71,2015-07-04 07:07:00,"Manhattan, NY",40.75325012,-74.00380707
72,2015-07-04 07:05:00,"Manhattan, NY",40.75325012,-74.00380707
73,2015-06-28 12:04:00,"Manhattan, NY",40.75325012,-74.00380707
74,2015-06-25 05:22:00,"Manhattan, NY",40.75325012,-74.00380707
75,2015-06-24 08:31:00,"Manhattan, NY",40.75325012,-74.00380707
76,2015-06-24 08:29:00,"Manhattan, NY",40.75325012,-74.00380707
77,2015-06-24 08:26:00,"Manhattan, NY",40.75325012,-74.00380707
78,2015-06-24 08:18:00,"Manhattan, NY",40.75325012,-74.00380707
79,2015-06-24 08:15:00,"Manhattan, NY",40.75325012,-74.00380707
80,2015-06-24 08:14:00,"Manhattan, NY",40.75325012,-74.00380707
81,2015-06-24 08:12:00,"Manhattan, NY",40.75325012,-74.00380707
82,2015-06-24 07:55:00,Jerry Seinfeld & Cosmo Kramer Apartment,30.36468315,-81.5153656
83,2015-06-24 04:10:00,"Manhattan, NY",40.75325012,-74.00380707
84,2015-06-23 21:37:00,MTA Bus - M101/M102 (3rd Ave & E 29th St),49.80280685,14.38344574
85,2015-06-23 06:51:00,"Manhattan, NY",40.75325012,-74.00380707
86,2015-06-17 14:03:00,"Manhattan, NY",40.75325012,-74.00380707
87,2015-06-17 09:02:00,"Manhattan, NY",40.75325012,-74.00380707
88,2015-06-12 19:32:00,"Manhattan, NY",40.75325012,-74.00380707
89,2015-05-17 09:00:00,"Manhattan, NY",40.75325012,-74.00380707
90,2015-05-16 12:36:00,"Manhattan, NY",40.75325012,-74.00380707
91,2015-05-15 19:59:00,"Manhattan, NY",40.75325012,-74.00380707
92,2015-05-07 09:15:00,"Manhattan, NY",40.75325012,-74.00380707
93,2015-04-19 14:25:00,"Irvington, NY",41.0367775,-73.8639679
94,2015-03-20 20:52:00,"Manhattan, NY",40.75325012,-74.00380707
95,2014-12-10 13:13:00,"Bronx, NY",40.8261528,-73.9202652
96,2014-11-17 17:27:00,"Manhattan, NY",40.75325012,-74.00380707
97,2014-11-14 09:01:00,"Manhattan, NY",40.75325012,-74.00380707
98,2014-10-27 11:02:00,"Athens, TN",35.44839478,-84.60690308
99,2014-10-25 19:16:00,"Biloxi, MS",30.39283371,-88.88708496
100,2014-10-24 13:32:00,"Biloxi, MS",30.39283371,-88.88708496
101,2014-10-19 08:48:00,"Manhattan, NY",40.75325012,-74.00380707
102,2014-10-17 17:19:00,"Manhattan, NY",40.75325012,-74.00380707
103,2014-10-09 10:19:00,"Manhattan, NY",40.75325012,-74.00380707
104,2014-09-24 14:55:00,"Manhattan, NY",40.75325012,-74.00380707
105,2014-09-23 06:20:00,"Manhattan, NY",40.75325012,-74.00380707
106,2014-09-16 17:45:00,"Manhattan, NY",40.75325012,-74.00380707
107,2014-09-05 17:22:00,"Manhattan, NY",40.75325012,-74.00380707
108,2014-08-29 16:50:00,"Boston, MA",42.35899353,-71.0586319
109,2014-08-28 16:45:00,"Manhattan, NY",40.75325012,-74.00380707
110,2014-08-20 06:20:00,"Manhattan, NY",40.75325012,-74.00380707
111,2014-07-09 05:56:00,"New York, NY",40.71304703,-74.00723267
112,2014-07-08 16:40:00,"New York, NY",40.71304703,-74.00723267
113,2014-05-29 15:49:00,"New York, NY",40.71304703,-74.00723267
114,2014-05-10 09:02:00,"New York, NY",40.71304703,-74.00723267
115,2014-05-06 15:36:00,"New York, NY",40.71304703,-74.00723267
116,2014-05-06 06:43:00,"New York, NY",40.71304703,-74.00723267
117,2014-04-07 16:07:00,"New York, NY",40.71304703,-74.00723267
118,2014-04-06 09:54:00,"New York, NY",40.71304703,-74.00723267
119,2014-03-20 16:24:00,"Manhattan, NY",40.75325012,-74.00380707
120,2014-03-03 09:56:00,"New York, NY",40.71304703,-74.00723267
121,2014-03-01 06:54:00,"Manhattan, NY",40.75325012,-74.00380707
122,2014-02-01 19:54:00,"Manhattan, NY",40.75325012,-74.00380707
123,2014-02-01 18:14:00,"Manhattan, NY",40.75325012,-74.00380707
124,2014-01-12 15:22:00,"Queens, NY",40.75977707,-73.81729889
125,2013-12-19 16:19:00,"Manhattan, NY",40.75325012,-74.00380707
126,2013-12-15 15:40:00,"Manhattan, NY",40.75325012,-74.00380707
127,2013-12-11 15:31:00,"Manhattan, NY",40.75325012,-74.00380707
128,2013-12-05 15:45:00,"Manhattan, NY",40.75325012,-74.00380707
129,2013-12-03 08:34:00,"Manhattan, NY",40.75325012,-74.00380707
130,2013-12-03 05:36:00,"Manhattan, NY",40.75325012,-74.00380707
131,2013-11-08 18:14:00,"Manhattan, NY",40.75325012,-74.00380707
132,2013-10-22 05:01:00,"Manhattan, NY",40.75325012,-74.00380707
133,2013-10-21 12:41:00,"New York, NY",40.71304703,-74.00723267
134,2013-10-14 10:27:00,"Manhattan, NY",40.75325012,-74.00380707
135,2013-10-10 16:56:00,"Manhattan, NY",40.75325012,-74.00380707
136,2013-09-26 17:34:00,"Manhattan, NY",40.75325012,-74.00380707
137,2013-09-24 09:16:00,"Manhattan, NY",40.75325012,-74.00380707
138,2013-09-24 05:31:00,"Manhattan, NY",40.75325012,-74.00380707
139,2013-09-16 15:14:00,"Manhattan, NY",40.75325012,-74.00380707
140,2013-09-16 10:55:00,"Manhattan, NY",40.75325012,-74.00380707
141,2013-09-13 19:20:00,"New York, NY",40.71304703,-74.00723267
142,2013-09-13 12:13:00,"Manhattan, NY",40.75325012,-74.00380707
143,2013-09-11 13:00:00,"Manhattan, NY",40.75325012,-74.00380707
144,2013-09-11 12:36:00,"Manhattan, NY",40.75325012,-74.00380707
145,2013-09-06 09:59:00,"San Jose, CA",37.33479309,-121.88814545
146,2013-09-05 16:18:00,"Fort Mason, San Francisco",37.80610275,-122.4282074
147,2013-09-04 22:58:00,"Marina, San Francisco",-33.86428833,-70.89001465
148,2013-09-03 22:46:00,"Mission, San Francisco",37.76438904,-122.42702484
149,2013-09-03 19:33:00,"Bernal Heights, San Francisco",37.74045563,-122.41640472
150,2013-09-03 11:06:00,"Fort Mason, San Francisco",37.80610275,-122.4282074
151,2013-09-03 09:22:00,"Civic Center, San Francisco",37.78424835,-122.41773224
152,2013-09-01 22:58:00,"Civic Center, San Francisco",37.78424835,-122.41773224
153,2013-09-01 12:27:00,"SoMa, San Francisco",37.77597046,-122.39800262
154,2013-09-01 10:43:00,"California, USA",37.25466919,-119.61727905
155,2013-09-01 03:42:00,"Queens, NY",40.75977707,-73.81729889
156,2013-09-01 03:09:00,"Queens, NY",40.75977707,-73.81729889
157,2013-08-01 09:22:00,"Manhattan, NY",40.75325012,-74.00380707
158,2013-07-30 09:25:00,Six Flags Great Adventure,40.13571167,-74.43920135
159,2013-07-29 13:49:00,Strand Book Store,-34.11780167,18.83311081
160,2013-07-24 18:52:00,"Manhattan, NY",40.75325012,-74.00380707
161,2013-07-24 18:30:00,"Manhattan, NY",40.75325012,-74.00380707
162,2013-07-24 16:09:00,"Manhattan, NY",40.75325012,-74.00380707
163,2013-07-12 12:20:00,"New York, NY",40.71304703,-74.00723267
164,2013-07-11 11:58:00,"Queens, NY",40.75977707,-73.81729889
165,2013-07-09 02:38:00,"Tårnby, Hovedstaden",55.6309967,12.60020828
166,2013-07-07 08:14:00,"Copenhagen, Capital Region of Denmark",55.67575836,12.56902313
167,2013-07-03 15:38:00,"Roskilde, Sjælland",55.64148712,12.08041763
168,2013-06-28 05:31:00,"Copenhagen, Capital Region of Denmark",55.67575836,12.56902313
169,2013-06-27 04:44:00,"Copenhagen, Capital Region of Denmark",55.67575836,12.56902313
170,2013-06-27 03:21:00,"Copenhagen, Capital Region of Denmark",55.67575836,12.56902313
171,2013-06-26 08:02:00,"Frederiksberg, Hovedstaden",55.6780014,12.53536797
172,2013-06-26 05:58:00,"Copenhagen, Capital Region of Denmark",55.67575836,12.56902313
173,2013-06-18 23:17:00,"North Haven, CT",41.38868332,-72.86089325
174,2013-06-18 17:09:00,Hamersley's Bistro,-31.84906006,115.80699921
175,2013-06-18 09:21:00,"Boston, MA",42.35899353,-71.0586319
176,2013-06-18 08:18:00,South End Buttery,42.34157181,-71.07160187
177,2013-06-18 06:23:00,"Willington, CT",41.87480927,-72.26275635
178,2013-06-15 15:10:00,"Manhattan, NY",40.75325012,-74.00380707
179,2013-06-15 13:33:00,"Manhattan, NY",40.75325012,-74.00380707
180,2013-06-14 10:23:00,"Manhattan, NY",40.75325012,-74.00380707
181,2013-06-13 19:02:00,"Manhattan, NY",40.75325012,-74.00380707
