,time,poi,latitude,longitude
0,2015-10-31 19:01:00,"Rosemount, MN",44.74068069,-93.11222839
1,2015-10-25 11:40:00,"Cannon Falls, MN",44.50686264,-92.9057312
2,2015-10-22 16:35:00,"Minneapolis, MN",44.97748566,-93.26436615
3,2015-10-19 09:41:00,"Minneapolis, MN",44.97748566,-93.26436615
4,2015-10-13 10:54:00,"Minneapolis, MN",44.97748566,-93.26436615
5,2015-10-08 12:34:00,"Minneapolis, MN",44.97748566,-93.26436615
6,2015-09-28 13:08:00,"Minneapolis, MN",44.97748566,-93.26436615
7,2015-09-21 10:04:00,"Minneapolis, MN",44.97748566,-93.26436615
8,2015-08-31 09:47:00,"Falcon Heights, MN",44.98870087,-93.18717957
9,2015-08-28 06:04:00,"Minneapolis, MN",44.97748566,-93.26436615
10,2015-08-18 15:56:00,"Minneapolis, MN",44.97748566,-93.26436615
11,2015-08-18 09:18:00,"Minneapolis, MN",44.97748566,-93.26436615
12,2015-08-16 08:50:00,"Clive, IA",41.60709381,-93.77494812
13,2015-08-11 20:06:00,"Minneapolis, MN",44.97748566,-93.26436615
14,2015-08-10 13:10:00,"Pearl District, Portland",45.53007889,-122.68236542
15,2015-08-09 08:47:00,"Minneapolis, MN",44.97748566,-93.26436615
16,2015-08-06 10:28:00,"Minneapolis, MN",44.97748566,-93.26436615
17,2015-08-05 11:59:00,"Minneapolis, MN",44.97748566,-93.26436615
18,2015-08-01 10:27:00,"Rosemount, MN",44.74068069,-93.11222839
19,2015-07-13 14:51:00,"Minneapolis, MN",44.97748566,-93.26436615
20,2015-07-11 13:10:00,"Minneapolis, MN",44.97748566,-93.26436615
21,2015-07-11 03:32:00,"Minneapolis, MN",44.97748566,-93.26436615
22,2015-07-08 07:27:00,"Minneapolis, MN",44.97748566,-93.26436615
23,2015-07-06 12:51:00,"Minneapolis, MN",44.97748566,-93.26436615
24,2015-07-02 12:25:00,"Minneapolis, MN",44.97748566,-93.26436615
25,2015-07-01 10:18:00,"Minneapolis, MN",44.97748566,-93.26436615
26,2015-06-29 18:05:00,"Rosemount, MN",44.74068069,-93.11222839
27,2015-06-24 04:09:00,"Minneapolis, MN",44.97748566,-93.26436615
28,2015-06-21 16:43:00,"Rosemount, MN",44.74068069,-93.11222839
29,2015-06-19 06:58:00,"Minneapolis, MN",44.97748566,-93.26436615
30,2015-06-14 08:55:00,"Colorado, USA",38.99855042,-105.5478363
31,2015-06-12 13:49:00,"Boulder, CO",40.01687241,-105.27962494
32,2015-06-12 13:26:00,"Boulder, CO",40.01687241,-105.27962494
33,2015-06-09 08:21:00,"Minneapolis, MN",44.97748566,-93.26436615
34,2015-06-09 05:25:00,"Minneapolis, MN",44.97748566,-93.26436615
35,2015-06-08 11:23:00,"Minneapolis, MN",44.97748566,-93.26436615
36,2015-06-08 09:01:00,"Minneapolis, MN",44.97748566,-93.26436615
37,2015-06-05 19:47:00,"Rosemount, MN",44.74068069,-93.11222839
38,2015-06-02 11:21:00,"Minneapolis, MN",44.97748566,-93.26436615
39,2015-06-01 13:42:00,"Minneapolis, MN",44.97748566,-93.26436615
40,2015-05-26 11:12:00,"Minneapolis, MN",44.97748566,-93.26436615
41,2015-05-17 09:09:00,"Orlando, FL",28.53833008,-81.37887573
42,2015-05-08 17:23:00,"Florida, USA",28.59551239,-82.48734283
43,2015-04-18 15:26:00,"Minneapolis, MN",44.97748566,-93.26436615
44,2015-04-18 15:25:00,"Minneapolis, MN",44.97748566,-93.26436615
45,2015-04-15 06:17:00,"Flower Mound, TX",33.03406525,-97.07963562
46,2015-04-04 14:12:00,"Minneapolis, MN",44.97748566,-93.26436615
47,2015-03-31 10:54:00,"Minneapolis, MN",44.97748566,-93.26436615
48,2015-03-25 16:37:00,"Seattle, WA",47.60322952,-122.33027649
49,2015-03-26 07:09:00,"Minneapolis, MN",44.97748566,-93.26436615
50,2015-03-12 19:28:00,"Minneapolis, MN",44.97748566,-93.26436615
51,2015-03-09 11:12:00,"Minneapolis, MN",44.97748566,-93.26436615
52,2015-03-07 19:37:00,"Oakdale, MN",44.98563385,-92.96459198
53,2015-03-04 12:40:00,"Minneapolis, MN",44.97748566,-93.26436615
54,2015-03-03 08:02:00,"Minneapolis, MN",44.97748566,-93.26436615
55,2015-02-27 08:13:00,"Minneapolis, MN",44.97748566,-93.26436615
56,2015-02-26 13:59:00,"Apple Valley, MN",44.74391174,-93.2171402
57,2015-02-26 11:36:00,"Minneapolis, MN",44.97748566,-93.26436615
58,2015-02-24 09:53:00,"Minneapolis, MN",44.97748566,-93.26436615
59,2015-02-21 16:40:00,"Minneapolis, MN",44.97748566,-93.26436615
60,2015-02-20 12:56:00,"Minneapolis, MN",44.97748566,-93.26436615
61,2015-02-18 11:08:00,"Minneapolis, MN",44.97748566,-93.26436615
62,2015-02-16 13:49:00,"Wokingham, England",51.42949677,-0.88382298
63,2015-02-14 08:46:00,"Minneapolis, MN",44.97748566,-93.26436615
64,2015-02-11 11:56:00,"Minneapolis, MN",44.97748566,-93.26436615
65,2015-02-05 10:19:00,"Minneapolis, MN",44.97748566,-93.26436615
66,2015-02-01 15:22:00,"Minneapolis, MN",44.97748566,-93.26436615
67,2015-01-30 06:56:00,"Minneapolis, MN",44.97748566,-93.26436615
68,2015-01-30 05:20:00,"Minneapolis, MN",44.97748566,-93.26436615
69,2015-01-29 07:22:00,"Minneapolis, MN",44.97748566,-93.26436615
70,2015-01-23 07:38:00,"Minneapolis, MN",44.97748566,-93.26436615
71,2015-01-16 11:56:00,"Minneapolis, MN",44.97748566,-93.26436615
72,2015-01-12 10:54:00,"Minneapolis, MN",44.97748566,-93.26436615
73,2014-12-31 07:42:00,"Minneapolis, MN",44.97748566,-93.26436615
74,2014-12-29 06:59:00,"Minneapolis, MN",44.97748566,-93.26436615
75,2014-12-28 14:30:00,"Rosemount, MN",44.74068069,-93.11222839
76,2014-12-20 17:00:00,"Rosemount, MN",44.74068069,-93.11222839
77,2014-12-17 07:12:00,"Minneapolis, MN",44.97748566,-93.26436615
78,2014-12-16 13:57:00,"Minneapolis, MN",44.97748566,-93.26436615
79,2014-12-16 12:58:00,"Minneapolis, MN",44.97748566,-93.26436615
80,2014-12-10 09:54:00,"Rosemount, MN",44.74068069,-93.11222839
81,2014-12-09 17:26:00,"Minneapolis, MN",44.97748566,-93.26436615
82,2014-12-06 09:53:00,"Minneapolis, MN",44.97748566,-93.26436615
83,2014-12-05 05:00:00,"Minneapolis, MN",44.97748566,-93.26436615
84,2014-12-03 08:55:00,"Minneapolis, MN",44.97748566,-93.26436615
85,2014-11-27 05:33:00,"Rosemount, MN",44.74068069,-93.11222839
86,2014-11-20 15:39:00,"Minneapolis, MN",44.97748566,-93.26436615
87,2014-11-19 17:59:00,"Minneapolis, MN",44.97748566,-93.26436615
88,2014-11-15 11:40:00,"Iowa, USA",42.07465744,-93.50006104
89,2014-11-15 10:47:00,"Iowa, USA",42.07465744,-93.50006104
90,2014-11-08 20:15:00,"Eagan, MN",44.81887436,-93.16721344
91,2014-11-04 05:54:00,"Rosemount, MN",44.74068069,-93.11222839
92,2014-10-30 11:37:00,"Minneapolis, MN",44.97748566,-93.26436615
93,2014-10-30 10:31:00,"Minneapolis, MN",44.97748566,-93.26436615
94,2014-10-25 05:22:00,"St Paul, MN",44.94371796,-93.09428406
95,2014-10-19 18:44:00,"St Paul, MN",44.94371796,-93.09428406
96,2014-10-17 11:58:00,"Minneapolis, MN",44.97748566,-93.26436615
97,2014-10-08 04:29:00,"Rosemount, MN",44.74068069,-93.11222839
98,2014-10-01 12:20:00,"Minneapolis, MN",44.97748566,-93.26436615
99,2014-09-30 09:05:00,"Minneapolis, MN",44.97748566,-93.26436615
100,2014-09-27 08:31:00,"Minnesota, USA",46.34914398,-94.19830322
101,2014-09-26 12:02:00,"Minneapolis, MN",44.97748566,-93.26436615
102,2014-09-25 20:10:00,"Mounds View, MN",45.10805511,-93.20897675
103,2014-09-25 18:54:00,"Mounds View, MN",45.10805511,-93.20897675
104,2014-09-20 11:33:00,"Minneapolis, MN",44.97748566,-93.26436615
105,2014-09-20 05:58:00,"Golden Valley, MN",44.98557663,-93.38028717
106,2014-09-18 17:22:00,"Minneapolis, MN",44.97748566,-93.26436615
107,2014-09-09 11:02:00,"Minneapolis, MN",44.97748566,-93.26436615
108,2014-08-30 11:01:00,"Falcon Heights, MN",44.98870087,-93.18717957
109,2014-08-30 09:26:00,"Falcon Heights, MN",44.98870087,-93.18717957
110,2014-08-23 09:36:00,"Minneapolis, MN",44.97748566,-93.26436615
111,2014-08-22 15:03:00,"Minneapolis, MN",44.97748566,-93.26436615
112,2014-08-20 07:06:00,"Minneapolis, MN",44.97748566,-93.26436615
113,2014-08-17 03:50:00,Pleasant Creek State Recreation Area,38.4780426,-121.99112701
114,2014-08-14 13:15:00,"Minneapolis, MN",44.97748566,-93.26436615
115,2014-08-14 09:51:00,"Minneapolis, MN",44.97748566,-93.26436615
116,2014-08-13 07:00:00,"Minneapolis, MN",44.97748566,-93.26436615
117,2014-08-11 05:19:00,"Minneapolis, MN",44.97748566,-93.26436615
118,2014-08-01 14:16:00,"Minneapolis, MN",44.97748566,-93.26436615
119,2014-07-31 13:51:00,"Minneapolis, MN",44.97748566,-93.26436615
120,2014-07-29 07:51:00,"Minnesota, USA",46.34914398,-94.19830322
121,2014-07-29 07:50:00,"Minnesota, USA",46.34914398,-94.19830322
122,2014-07-27 12:26:00,"Eagan, MN",44.81887436,-93.16721344
123,2014-07-19 15:34:00,"Rosemount, MN",44.74068069,-93.11222839
124,2014-07-16 07:05:00,"Minneapolis, MN",44.97748566,-93.26436615
125,2014-07-12 12:12:00,"Minneapolis, MN",44.97748566,-93.26436615
126,2014-07-11 14:35:00,Lake Nokomis,44.90866089,-93.24213409
127,2014-07-10 00:23:00,"Saanich, British Columbia",48.45838928,-123.37549591
128,2014-07-10 10:18:00,"Minneapolis, MN",44.97748566,-93.26436615
129,2014-06-26 12:47:00,"Highlands Ranch, CO",39.55849075,-104.98770905
130,2014-06-26 06:47:00,"Roxborough Park, CO",39.48547363,-105.07550812
131,2014-06-20 06:42:00,"Minneapolis, MN",44.97748566,-93.26436615
132,2014-06-19 05:29:00,"Minneapolis, MN",44.97748566,-93.26436615
133,2014-06-17 17:46:00,"Minneapolis, MN",44.97748566,-93.26436615
134,2014-06-13 12:43:00,"Minneapolis, MN",44.97748566,-93.26436615
135,2014-06-13 10:24:00,"Minneapolis, MN",44.97748566,-93.26436615
136,2014-06-09 16:19:00,"Apple Valley, MN",44.74391174,-93.2171402
137,2014-06-08 03:08:00,"Minnesota, USA",46.34914398,-94.19830322
138,2014-06-02 10:16:00,"Minneapolis, MN",44.97748566,-93.26436615
139,2014-05-28 07:20:00,"Minneapolis, MN",44.97748566,-93.26436615
140,2014-05-22 11:33:00,"Minneapolis, MN",44.97748566,-93.26436615
141,2014-05-12 10:47:00,"Minneapolis, MN",44.97748566,-93.26436615
142,2014-05-10 06:19:00,"Iowa, USA",42.07465744,-93.50006104
143,2014-04-30 07:53:00,"Minneapolis, MN",44.97748566,-93.26436615
144,2014-04-29 06:11:00,"Minneapolis, MN",44.97748566,-93.26436615
145,2014-04-14 11:02:00,"Minneapolis, MN",44.97748566,-93.26436615
146,2014-04-12 19:18:00,"St Paul, MN",44.94371796,-93.09428406
147,2014-04-12 07:00:00,"Richfield, MN",44.8799057,-93.26793671
148,2014-04-11 13:55:00,"Minneapolis, MN",44.97748566,-93.26436615
149,2014-04-10 12:15:00,"Minneapolis, MN",44.97748566,-93.26436615
150,2014-04-05 19:15:00,"Panora, IA",41.69175339,-94.36437225
151,2014-03-25 16:23:00,"Minneapolis, MN",44.97748566,-93.26436615
152,2014-03-22 18:01:00,"Minneapolis, MN",44.97748566,-93.26436615
153,2014-03-19 19:22:00,"Houston, TX",29.76080322,-95.36950684
154,2014-03-14 06:47:00,"Minneapolis, MN",44.97748566,-93.26436615
155,2014-02-19 07:46:00,"Breckenridge, CO",39.4821434,-106.0486908
156,2014-02-05 10:39:00,"Minneapolis, MN",44.97748566,-93.26436615
157,2014-02-01 15:45:00,"St. Paul, MN",44.94371796,-93.09428406
158,2014-01-30 07:48:00,"Minneapolis, MN",44.97748566,-93.26436615
159,2014-01-23 08:44:00,"Minneapolis, MN",44.97748566,-93.26436615
160,2014-01-10 19:03:00,"Minneapolis, MN",44.97748566,-93.26436615
161,2014-01-07 07:12:00,"Minneapolis, MN",44.97748566,-93.26436615
162,2014-01-06 11:07:00,"Minneapolis, MN",44.97748566,-93.26436615
163,2013-12-11 08:27:00,"Minneapolis, MN",44.97748566,-93.26436615
164,2013-12-04 08:22:00,"Minneapolis, MN",44.97748566,-93.26436615
165,2013-12-04 08:21:00,"Minneapolis, MN",44.97748566,-93.26436615
166,2013-11-30 09:46:00,"Lee, IA",41.59274292,-93.57014465
167,2013-11-05 11:04:00,"Minneapolis, MN",44.97748566,-93.26436615
168,2013-10-22 12:07:00,"Eagan, MN",44.81887436,-93.16721344
169,2013-10-08 16:38:00,"Minneapolis, MN",44.97748566,-93.26436615
170,2013-09-14 06:45:00,"Savage, MN",44.76645279,-93.35903168
171,2013-09-12 08:44:00,"Minneapolis, MN",44.97748566,-93.26436615
172,2013-09-07 17:17:00,"Rosemount, MN",44.74068069,-93.11222839
173,2013-09-06 11:32:00,"Eagan, MN",44.81887436,-93.16721344
174,2013-08-28 04:24:00,"Secaucus, NJ",40.77820587,-74.06785583
175,2013-08-23 13:52:00,"Iowa, USA",42.07465744,-93.50006104
176,2013-08-22 09:41:00,"Shakopee, MN",44.79852295,-93.52680969
177,2013-08-21 11:39:00,"Minneapolis, MN",44.97748566,-93.26436615
178,2013-08-17 15:57:00,"Iowa, USA",42.07465744,-93.50006104
179,2013-08-14 15:39:00,"Eagan, MN",44.81887436,-93.16721344
180,2013-08-13 16:29:00,"Minneapolis, MN",44.97748566,-93.26436615
181,2013-08-04 09:25:00,"Denver, CO",39.73845291,-104.98485565
182,2013-07-31 04:31:00,"Manhattan, NY",40.75325012,-74.00380707
183,2013-07-30 18:41:00,"Manhattan, NY",40.75325012,-74.00380707
184,2013-07-29 19:35:00,"Manhattan, NY",40.75325012,-74.00380707
185,2013-07-28 11:47:00,"Minneapolis, MN",44.97748566,-93.26436615
186,2013-07-28 11:45:00,"Fort Snelling, MN",44.8927803,-93.18055725
187,2013-07-20 18:25:00,"Apple Valley, MN",44.74391174,-93.2171402
188,2013-07-13 05:48:00,"Minneapolis, MN",44.97748566,-93.26436615
189,2013-07-13 04:54:00,"Minneapolis, MN",44.97748566,-93.26436615
190,2013-07-07 16:05:00,Stella's Fish Café & Prestige Oyster Bar,-14.690979,-75.14460754
191,2013-06-16 16:17:00,"Minneapolis, MN",44.97748566,-93.26436615
192,2013-06-10 18:46:00,"Kanwaka, KS",38.97204971,-95.37135315
193,2013-06-09 12:48:00,"Lawrence, KS",38.97315598,-95.23825073
194,2013-06-09 02:01:00,"Lawrence, KS",38.97315598,-95.23825073
195,2013-06-08 10:13:00,"The Woodlands, TX",30.18203926,-95.48461151
196,2013-06-07 16:26:00,"Lawrence, KS",38.97315598,-95.23825073
197,2013-06-07 15:31:00,"Lawrence, KS",38.97315598,-95.23825073
198,2013-06-04 14:08:00,"Eagan, MN",44.81887436,-93.16721344
199,2013-06-03 06:03:00,"Eagan, MN",44.81887436,-93.16721344
200,2013-06-01 08:36:00,"Burnsville, MN",44.76205444,-93.27577209
201,2013-05-29 16:51:00,Heights Theatre,40.28872805,-79.37925575
202,2013-05-21 17:07:00,"Bloomington, MN",44.8262558,-93.3038559
203,2013-05-12 07:30:00,The Saint Paul Hotel,44.94371796,-93.09428406
204,2013-05-05 05:55:00,"Minnetonka, MN",44.93488312,-93.46705627
205,2013-04-23 11:09:00,"Minneapolis, MN",44.97748566,-93.26436615
206,2013-04-06 08:35:00,"Richfield, MN",44.8799057,-93.26793671
207,2013-04-06 07:11:00,"Richfield, MN",44.8799057,-93.26793671
208,2013-03-02 14:28:00,"Georgia, USA",32.64828873,-83.44437408
209,2013-02-23 08:58:00,"Des Moines, IA",41.58882141,-93.62030792
210,2013-02-14 17:32:00,"Minneapolis, MN",44.97748566,-93.26436615
211,2013-02-14 16:12:00,"Minneapolis, MN",44.97748566,-93.26436615
212,2013-02-11 13:18:00,"Eagan, MN",44.81887436,-93.16721344
213,2013-02-06 17:25:00,"Minneapolis, MN",44.97748566,-93.26436615
214,2013-02-02 06:57:00,"Minneapolis, MN",44.97748566,-93.26436615
