,time,poi,latitude,longitude
0,2015-10-30 07:10:00,"The Hague, South Holland",52.08019638,4.31013298
1,2015-10-29 07:11:00,"Medellín, Antioquia",6.25758982,-75.61103058
2,2015-10-29 06:09:00,"Hilversum, Noord-Holland",52.22396851,5.1709218
3,2015-10-26 04:57:00,"The Hague, South Holland",52.08019638,4.31013298
4,2015-10-25 14:16:00,"The Hague, South Holland",52.08019638,4.31013298
5,2015-10-22 04:21:00,"Delft, Zuid-Holland",52.01189804,4.36025715
6,2015-10-20 01:52:00,"Scheveningen Badplaats, Den Haag",52.06477,4.26699
7,2015-10-09 01:44:00,"The Hague, South Holland",52.08019638,4.31013298
8,2015-10-08 03:25:00,"Scheveningen Badplaats, Den Haag",52.06477,4.26699
9,2015-10-07 05:49:00,"Scheveningen Badplaats, Den Haag",52.06477,4.26699
10,2015-10-07 05:46:00,"Scheveningen Badplaats, Den Haag",52.06477,4.26699
11,2015-10-07 05:20:00,"Scheveningen Badplaats, Den Haag",52.06477,4.26699
12,2015-10-06 03:16:00,"Scheveningen Badplaats, Den Haag",52.06477,4.26699
13,2015-09-29 10:05:00,"Oud Scheveningen, Den Haag",52.10411835,4.27510405
14,2015-09-29 05:34:00,"Scheveningen Badplaats, Den Haag",52.06477,4.26699
15,2015-09-26 11:13:00,"The Hague, South Holland",52.08019638,4.31013298
16,2015-09-26 07:32:00,"Scheveningen Badplaats, Den Haag",52.06477,4.26699
17,2015-09-26 07:29:00,"The Hague, South Holland",52.08019638,4.31013298
18,2015-09-26 06:14:00,"The Hague, South Holland",52.08019638,4.31013298
19,2015-09-26 00:21:00,"San Vero Milis, Sardegna",40.01562881,8.59922218
20,2015-09-23 09:26:00,"The Hague, South Holland",52.08019638,4.31013298
21,2015-09-23 08:16:00,"Brescia, Lombardia",45.53983688,10.22295666
22,2015-09-23 08:05:00,"The Hague, South Holland",52.08019638,4.31013298
23,2015-09-18 04:51:00,"San Vero Milis, Sardegna",40.01562881,8.59922218
24,2015-09-15 00:20:00,"Orosei, Sardegna",40.38096237,9.69390774
25,2015-09-10 01:07:00,"Dorgali, Sardegna",40.29377747,9.58924103
26,2015-08-25 12:18:00,"The Hague, South Holland",52.08019638,4.31013298
27,2015-08-21 02:49:00,"The Hague, South Holland",52.08019638,4.31013298
28,2015-08-21 02:26:00,"Scheveningen Badplaats, Den Haag",52.06477,4.26699
29,2015-08-17 02:20:00,"Scheveningen Badplaats, Den Haag",52.06477,4.26699
30,2015-08-17 01:06:00,"The Hague, South Holland",52.08019638,4.31013298
31,2015-08-15 07:16:00,"The Hague, South Holland",52.08019638,4.31013298
32,2015-08-14 23:04:00,"Haarlemmermeer, Noord-Holland",52.30538559,4.69297981
33,2015-08-14 23:03:00,"The Hague, South Holland",52.08019638,4.31013298
34,2015-08-14 01:18:00,"Scheveningen Badplaats, Den Haag",52.06477,4.26699
35,2015-08-13 12:53:00,"The Hague, South Holland",52.08019638,4.31013298
36,2015-08-07 01:28:00,"Uppsala, Sverige",59.85813141,17.6446209
37,2015-08-04 04:05:00,"The Hague, South Holland",52.08019638,4.31013298
38,2015-08-03 12:39:00,"The Hague, South Holland",52.08019638,4.31013298
39,2015-08-03 05:28:00,"Scheveningen Badplaats, Den Haag",52.06477,4.26699
40,2015-08-01 21:51:00,"The Hague, South Holland",52.08019638,4.31013298
41,2015-08-01 10:12:00,"The Hague, South Holland",52.08019638,4.31013298
42,2015-07-28 06:50:00,"Scheveningen Badplaats, Den Haag",52.06477,4.26699
43,2015-07-25 01:54:00,"The Hague, South Holland",52.08019638,4.31013298
44,2015-07-23 22:51:00,"Oud Scheveningen, Den Haag",52.10411835,4.27510405
45,2015-07-12 07:23:00,"The Hague, South Holland",52.08019638,4.31013298
46,2015-07-10 22:55:00,"The Hague, South Holland",52.08019638,4.31013298
47,2015-07-06 03:38:00,"The Hague, South Holland",52.08019638,4.31013298
48,2015-07-05 05:33:00,"Scheveningen Badplaats, Den Haag",52.06477,4.26699
49,2015-07-01 14:15:00,"The Hague, South Holland",52.08019638,4.31013298
50,2015-06-30 06:33:00,"Scheveningen Badplaats, Den Haag",52.06477,4.26699
51,2015-06-30 02:33:00,"The Hague, South Holland",52.08019638,4.31013298
52,2015-06-29 22:54:00,"The Hague, South Holland",52.08019638,4.31013298
53,2015-06-29 00:34:00,"The Hague, South Holland",52.08019638,4.31013298
54,2015-06-27 04:59:00,"The Hague, South Holland",52.08019638,4.31013298
55,2015-06-26 23:52:00,"The Hague, South Holland",52.08019638,4.31013298
56,2015-06-26 05:40:00,"Scheveningen Badplaats, Den Haag",52.06477,4.26699
57,2015-06-26 01:41:00,"Oegstgeest, Zuid-Holland",52.18375778,4.47079992
58,2015-06-23 02:37:00,"Scheveningen Badplaats, Den Haag",52.06477,4.26699
59,2015-06-23 02:21:00,"Scheveningen Badplaats, Den Haag",52.06477,4.26699
60,2015-06-21 03:06:00,"The Hague, South Holland",52.08019638,4.31013298
61,2015-06-20 01:52:00,"The Hague, South Holland",52.08019638,4.31013298
62,2015-06-19 22:28:00,"The Hague, South Holland",52.08019638,4.31013298
63,2015-06-19 08:43:00,"The Hague, South Holland",52.08019638,4.31013298
64,2015-06-19 03:35:00,"Scheveningen Badplaats, Den Haag",52.06477,4.26699
65,2015-06-12 15:45:00,"The Hague, South Holland",52.08019638,4.31013298
66,2015-06-12 12:01:00,"Playa Vista, Los Angeles",33.97888947,-118.41471863
67,2015-06-11 05:25:00,"The Hague, South Holland",52.08019638,4.31013298
68,2015-06-09 11:40:00,"Tilburg, North Brabant",51.55512238,5.0904932
69,2015-06-05 08:47:00,"Scheveningen Badplaats, Den Haag",52.06477,4.26699
70,2015-06-04 08:02:00,"Rotterdam, South Holland",51.9229126,4.47058487
71,2015-06-03 22:53:00,"The Hague, South Holland",52.08019638,4.31013298
72,2015-06-01 11:45:00,"The Hague, South Holland",52.08019638,4.31013298
73,2015-05-30 21:19:00,"The Hague, South Holland",52.08019638,4.31013298
74,2015-05-30 06:47:00,"The Hague, South Holland",52.08019638,4.31013298
75,2015-05-29 04:44:00,"Amsterdam, North Holland",52.37316513,4.89065981
76,2015-05-29 03:36:00,"Amsterdam, North Holland",52.37316513,4.89065981
77,2015-05-29 02:14:00,"Amsterdam, North Holland",52.37316513,4.89065981
78,2015-05-28 00:56:00,"The Hague, South Holland",52.08019638,4.31013298
79,2015-05-25 22:26:00,"The Hague, South Holland",52.08019638,4.31013298
80,2015-05-24 05:51:00,"The Hague, South Holland",52.08019638,4.31013298
81,2015-05-21 20:00:00,"The Hague, South Holland",52.08019638,4.31013298
82,2015-05-21 03:48:00,"Delft, Zuid-Holland",52.01189804,4.36025715
83,2015-05-19 02:46:00,"The Hague, South Holland",52.08019638,4.31013298
84,2015-05-17 03:43:00,"The Hague, South Holland",52.08019638,4.31013298
85,2015-05-14 06:20:00,"The Hague, South Holland",52.08019638,4.31013298
86,2015-05-13 23:26:00,"The Hague, South Holland",52.08019638,4.31013298
87,2015-05-13 23:01:00,"The Hague, South Holland",52.08019638,4.31013298
88,2015-05-13 10:03:00,"The Hague, South Holland",52.08019638,4.31013298
89,2015-05-13 05:05:00,"The Hague, South Holland",52.08019638,4.31013298
90,2015-05-10 23:57:00,"The Hague, South Holland",52.08019638,4.31013298
91,2015-05-10 04:43:00,"The Hague, South Holland",52.08019638,4.31013298
92,2015-05-10 00:27:00,"The Hague, South Holland",52.08019638,4.31013298
93,2015-05-09 06:53:00,"The Hague, South Holland",52.08019638,4.31013298
94,2015-05-09 01:26:00,"The Hague, South Holland",52.08019638,4.31013298
95,2015-05-09 01:03:00,"The Hague, South Holland",52.08019638,4.31013298
96,2015-05-08 08:40:00,"The Hague, South Holland",52.08019638,4.31013298
97,2015-05-08 03:52:00,"The Hague, South Holland",52.08019638,4.31013298
98,2015-05-05 00:37:00,"The Hague, South Holland",52.08019638,4.31013298
99,2015-05-05 00:33:00,"The Hague, South Holland",52.08019638,4.31013298
100,2015-05-04 07:20:00,"The Hague, South Holland",52.08019638,4.31013298
101,2015-05-03 03:22:00,"The Hague, South Holland",52.08019638,4.31013298
102,2015-05-02 03:20:00,"The Hague, South Holland",52.08019638,4.31013298
103,2015-04-30 04:30:00,"The Hague, South Holland",52.08019638,4.31013298
104,2015-04-30 04:14:00,"The Hague, South Holland",52.08019638,4.31013298
105,2015-04-28 09:11:00,"The Hague, South Holland",52.08019638,4.31013298
106,2015-04-28 03:29:00,"The Hague, South Holland",52.08019638,4.31013298
107,2015-04-26 03:14:00,"The Hague, South Holland",52.08019638,4.31013298
108,2015-04-26 00:23:00,"The Hague, South Holland",52.08019638,4.31013298
109,2015-04-23 23:13:00,"The Hague, South Holland",52.08019638,4.31013298
110,2015-04-23 14:15:00,"The Hague, South Holland",52.08019638,4.31013298
111,2015-04-23 13:13:00,"Rotterdam, South Holland",51.9229126,4.47058487
112,2015-04-21 15:25:00,"The Hague, South Holland",52.08019638,4.31013298
113,2015-04-21 03:34:00,"Apeldoorn, Gelderland",52.21632385,5.96462202
114,2015-04-17 04:50:00,"The Hague, South Holland",52.08019638,4.31013298
115,2015-04-09 05:09:00,"The Hague, South Holland",52.08019638,4.31013298
116,2015-04-04 10:43:00,"Paris, Ile-de-France",48.85689545,2.35084891
117,2015-03-30 04:36:00,"The Hague, South Holland",52.08019638,4.31013298
118,2015-03-30 04:25:00,"The Hague, South Holland",52.08019638,4.31013298
119,2015-03-26 07:17:00,"The Hague, South Holland",52.08019638,4.31013298
120,2015-03-26 05:18:00,"The Hague, South Holland",52.08019638,4.31013298
121,2015-03-20 11:06:00,"The Hague, South Holland",52.08019638,4.31013298
122,2015-03-16 03:49:00,"The Hague, South Holland",52.08019638,4.31013298
123,2015-03-12 10:19:00,"Atlanta, GA",33.7485466,-84.39150238
124,2015-03-11 19:57:00,"Puntarenas, Costa Rica",9.97742462,-84.83374023
125,2015-03-11 16:03:00,"Frederiksberg, Hovedstaden",55.6780014,12.53536797
126,2015-03-02 20:22:00,"Puntarenas, Costa Rica",9.97742462,-84.83374023
127,2015-02-27 20:04:00,"Puntarenas, Costa Rica",9.97742462,-84.83374023
128,2015-02-17 18:47:00,"Puntarenas, Costa Rica",9.97742462,-84.83374023
129,2015-02-12 08:45:00,"Puntarenas, Costa Rica",9.97742462,-84.83374023
130,2015-02-11 12:51:00,"Puntarenas, Costa Rica",9.97742462,-84.83374023
131,2015-02-05 04:48:00,"Puntarenas, Costa Rica",9.97742462,-84.83374023
132,2015-02-02 00:37:00,"Haarlemmermeer, Noord-Holland",52.30538559,4.69297981
133,2015-01-30 03:39:00,"The Hague, South Holland",52.08019638,4.31013298
134,2015-01-29 06:35:00,"The Hague, South Holland",52.08019638,4.31013298
135,2015-01-27 06:04:00,"The Hague, South Holland",52.08019638,4.31013298
136,2015-01-20 14:33:00,"The Hague, South Holland",52.08019638,4.31013298
137,2015-01-16 10:28:00,"The Hague, South Holland",52.08019638,4.31013298
138,2015-01-15 08:07:00,"Utrecht, The Netherlands",52.09168243,5.12036324
139,2015-01-12 07:44:00,"The Hague, South Holland",52.08019638,4.31013298
140,2015-01-04 06:17:00,"Muiden, Noord-Holland",52.33002853,5.06946802
141,2015-01-04 00:02:00,"Edam-Volendam, Noord-Holland",52.5,5.05000019
142,2014-12-31 08:22:00,"Medemblik, Noord-Holland",52.76860809,5.10616016
143,2014-12-28 18:37:00,"The Hague, South Holland",52.08019638,4.31013298
144,2014-12-16 11:39:00,"The Hague, South Holland",52.08019638,4.31013298
145,2014-11-26 09:25:00,"Kirkwood, NY",42.04695129,-75.79969025
146,2014-11-18 10:43:00,"Downtown, San Francisco",37.79189682,-122.40258026
147,2014-10-30 14:21:00,"Rotterdam, South Holland",51.9229126,4.47058487
148,2014-10-31 08:27:00,"The Hague, South Holland",52.08019638,4.31013298
149,2014-10-29 09:12:00,"The Hague, South Holland",52.08019638,4.31013298
150,2014-10-28 07:05:00,"The Hague, South Holland",52.08019638,4.31013298
151,2014-10-21 00:37:00,"The Hague, South Holland",52.08019638,4.31013298
152,2014-10-19 06:47:00,Costa Rica,9.97899818,-84.19515228
153,2014-10-17 23:27:00,"The Hague, South Holland",52.08019638,4.31013298
154,2014-10-17 20:06:00,"The Hague, South Holland",52.08019638,4.31013298
155,2014-10-16 05:34:00,"Leyden, South Holland",52.16108704,4.49015284
156,2014-10-13 08:20:00,"The Hague, South Holland",52.08019638,4.31013298
157,2014-10-11 08:48:00,"The Hague, South Holland",52.08019638,4.31013298
158,2014-10-06 08:15:00,"Copenhagen, Capital Region of Denmark",55.67575836,12.56902313
159,2014-10-05 07:36:00,"The Hague, South Holland",52.08019638,4.31013298
160,2014-10-05 07:29:00,"The Hague, South Holland",52.08019638,4.31013298
161,2014-10-03 23:12:00,"Rotterdam, South Holland",51.9229126,4.47058487
162,2014-10-01 05:32:00,"The Hague, South Holland",52.08019638,4.31013298
163,2014-09-22 05:04:00,"The Hague, South Holland",52.08019638,4.31013298
164,2014-09-20 04:49:00,"The Hague, South Holland",52.08019638,4.31013298
165,2014-09-19 09:21:00,"The Hague, South Holland",52.08019638,4.31013298
166,2014-09-13 05:24:00,"Maó, Illes Balears",39.88962555,4.26424217
167,2014-09-13 04:36:00,"Maó, Illes Balears",39.88962555,4.26424217
168,2014-09-13 02:17:00,"Alaior, Illes Balears",39.93064117,4.13998699
169,2014-09-13 02:07:00,"Maó, Illes Balears",39.88962555,4.26424217
170,2014-09-10 02:05:00,"Frederiksberg, Hovedstaden",55.6780014,12.53536797
171,2014-09-09 10:01:00,"The Hague, South Holland",52.08019638,4.31013298
172,2014-09-09 10:00:00,"The Hague, South Holland",52.08019638,4.31013298
173,2014-09-08 06:27:00,"The Hague, South Holland",52.08019638,4.31013298
174,2014-09-08 06:21:00,"The Hague, South Holland",52.08019638,4.31013298
175,2014-09-08 02:16:00,"The Hague, South Holland",52.08019638,4.31013298
176,2014-09-04 13:24:00,"Cogne, Valle d'Aosta",45.60830688,7.35612297
177,2014-09-04 13:15:00,"Cogne, Valle d'Aosta",45.60830688,7.35612297
178,2014-08-31 02:25:00,"Riomaggiore, Liguria",44.09886932,9.74081802
179,2014-08-30 12:59:00,"Vernazza, Liguria",44.13626099,9.68501854
180,2014-08-23 19:10:00,"The Hague, South Holland",52.08019638,4.31013298
181,2014-08-22 23:08:00,"The Hague, South Holland",52.08019638,4.31013298
182,2014-08-19 03:31:00,"Islington, London",51.53483963,-0.103436
183,2014-08-18 08:58:00,"The Hague, South Holland",52.08019638,4.31013298
184,2014-08-15 03:47:00,"The Hague, South Holland",52.08019638,4.31013298
185,2014-08-15 03:40:00,"The Hague, South Holland",52.08019638,4.31013298
186,2014-08-14 03:31:00,"The Hague, South Holland",52.08019638,4.31013298
187,2014-08-13 04:49:00,"The Hague, South Holland",52.08019638,4.31013298
188,2014-08-13 01:02:00,"The Hague, South Holland",52.08019638,4.31013298
189,2014-08-12 05:30:00,"The Hague, South Holland",52.08019638,4.31013298
190,2014-08-10 01:40:00,"Maastricht, Limburg",50.84984589,5.6872592
191,2014-08-10 01:19:00,"Maastricht, Limburg",50.84984589,5.6872592
192,2014-08-07 15:07:00,"The Hague, South Holland",52.08019638,4.31013298
193,2014-08-06 13:28:00,"Utrecht, The Netherlands",52.09168243,5.12036324
194,2014-07-31 10:52:00,"The Hague, South Holland",52.08019638,4.31013298
195,2014-07-31 05:36:00,"The Hague, South Holland",52.08019638,4.31013298
196,2014-07-30 03:49:00,"Rijswijk, Zuid-Holland",52.04163361,4.32247877
197,2014-07-25 06:11:00,"The Hague, South Holland",52.08019638,4.31013298
198,2014-07-24 03:04:00,"Leyden, South Holland",52.16108704,4.49015284
199,2014-07-23 04:35:00,"The Hague, South Holland",52.08019638,4.31013298
200,2014-07-22 01:04:00,"The Hague, South Holland",52.08019638,4.31013298
