,time,poi,latitude,longitude
0,2015-10-12 20:43:00,"Brooklyn, NY",40.69252777,-73.99099731
1,2015-10-09 23:50:00,"Brooklyn, NY",40.69252777,-73.99099731
2,2015-08-19 21:11:00,"Brooklyn, NY",40.69252777,-73.99099731
3,2015-05-15 20:01:00,"Manhattan, NY",40.75325012,-74.00380707
4,2015-05-13 20:46:00,"Manhattan, NY",40.75325012,-74.00380707
5,2015-05-08 07:05:00,"Brooklyn, NY",40.69252777,-73.99099731
6,2015-04-25 17:22:00,"Radnor Township, PA",40.04369736,-75.38132477
7,2015-04-23 08:18:00,"Manhattan, NY",40.75325012,-74.00380707
8,2015-04-23 08:07:00,"Manhattan, NY",40.75325012,-74.00380707
9,2015-04-10 23:16:00,"Brooklyn, NY",40.69252777,-73.99099731
10,2015-03-13 08:53:00,"Manhattan, NY",40.75325012,-74.00380707
11,2014-12-29 14:08:00,"Manhattan, NY",40.75325012,-74.00380707
12,2014-08-28 16:47:00,"New York, USA",42.93923187,-75.62004852
13,2014-07-09 13:52:00,"Utah, USA",39.32378006,-111.67822266
14,2014-07-05 09:53:00,"New York, NY",40.71304703,-74.00723267
15,2014-07-03 13:39:00,"New York, NY",40.71304703,-74.00723267
16,2014-07-02 07:24:00,United States,39.50356674,-99.01830292
17,2014-06-26 10:14:00,"New York, NY",40.71304703,-74.00723267
18,2014-06-14 10:54:00,"New York, NY",40.71304703,-74.00723267
19,2014-06-14 10:25:00,"New York, NY",40.71304703,-74.00723267
20,2014-03-20 21:59:00,"New York, NY",40.71304703,-74.00723267
21,2014-03-15 13:09:00,"New York, NY",40.71304703,-74.00723267
22,2014-03-11 20:42:00,"Pacifica, CA",37.61372375,-122.48571014
23,2014-03-10 19:54:00,"Austin, TX",30.26497841,-97.74659729
24,2014-03-10 18:17:00,"Austin, TX",30.26497841,-97.74659729
25,2014-03-08 13:51:00,"Austin, TX",30.26497841,-97.74659729
26,2014-03-08 11:49:00,"Austin, TX",30.26497841,-97.74659729
27,2014-03-08 05:47:00,"Queens, NY",40.75977707,-73.81729889
28,2014-03-08 09:12:00,"Austin, TX",30.26497841,-97.74659729
29,2014-03-07 18:55:00,"Austin, TX",30.26497841,-97.74659729
30,2014-03-04 07:15:00,"New York, NY",40.71304703,-74.00723267
31,2014-03-01 22:22:00,"New York, NY",40.71304703,-74.00723267
32,2014-02-27 23:16:00,"New York, NY",40.71304703,-74.00723267
33,2014-02-27 22:14:00,"New York, NY",40.71304703,-74.00723267
34,2014-02-27 04:08:00,"Barcelona, Catalonia",41.38791656,2.16991901
35,2014-02-26 20:26:00,"New York, NY",40.71304703,-74.00723267
36,2014-02-25 06:25:00,"New York, NY",40.71304703,-74.00723267
37,2014-02-19 14:58:00,"Manhattan, NY",40.75325012,-74.00380707
38,2014-02-14 19:46:00,"New York, NY",40.71304703,-74.00723267
39,2014-02-08 11:17:00,"Pacifica, CA",37.61372375,-122.48571014
40,2014-02-07 07:30:00,"Queens, NY",40.75977707,-73.81729889
41,2014-02-04 19:09:00,"New York, NY",40.71304703,-74.00723267
42,2014-02-02 11:55:00,"New York, NY",40.71304703,-74.00723267
43,2014-01-18 16:20:00,"Paramus, NJ",40.95191574,-74.07527161
44,2013-12-20 23:27:00,"New York, NY",40.71304703,-74.00723267
45,2013-12-14 17:38:00,"Manhattan, NY",40.75325012,-74.00380707
46,2013-12-03 08:50:00,"New York, NY",40.71304703,-74.00723267
47,2013-11-27 17:58:00,"Westport, CT",41.14041519,-73.3535614
48,2013-11-14 20:00:00,"Manhattan, NY",40.75325012,-74.00380707
49,2013-11-08 19:10:00,"New York, NY",40.71304703,-74.00723267
50,2013-10-31 11:40:00,"New York, NY",40.71304703,-74.00723267
51,2013-10-23 14:30:00,"New York, NY",40.71304703,-74.00723267
52,2013-10-23 13:20:00,"New York, NY",40.71304703,-74.00723267
53,2013-10-22 05:14:00,"New Jersey, USA",40.13909531,-74.6785202
54,2013-10-11 02:10:00,"Florence, Tuscany",43.76869583,11.2569294
55,2013-10-11 02:09:00,"Florence, Tuscany",43.76869583,11.2569294
56,2013-10-08 09:52:00,"Florence, Tuscany",43.76869583,11.2569294
57,2013-10-03 18:20:00,"Queens, NY",40.75977707,-73.81729889
58,2013-10-02 16:48:00,"New York, NY",40.71304703,-74.00723267
59,2013-09-25 16:01:00,"Manhattan, NY",40.75325012,-74.00380707
60,2013-09-20 13:05:00,"Washington, DC",38.89206314,-77.01991272
61,2013-09-19 13:38:00,"Washington, DC",38.89206314,-77.01991272
62,2013-09-19 07:47:00,"Manhattan, NY",40.75325012,-74.00380707
63,2013-09-17 11:51:00,"New York, NY",40.71304703,-74.00723267
64,2013-09-16 12:22:00,"Manhattan, NY",40.75325012,-74.00380707
65,2013-09-15 13:29:00,"New York, NY",40.71304703,-74.00723267
66,2013-09-15 13:23:00,"New York, NY",40.71304703,-74.00723267
67,2013-09-15 13:22:00,"New York, NY",40.71304703,-74.00723267
68,2013-09-14 14:57:00,"New York, NY",40.71304703,-74.00723267
69,2013-09-14 07:06:00,"New York, NY",40.71304703,-74.00723267
70,2013-09-03 13:31:00,"Wallingford, CT",41.45440674,-72.81841278
71,2013-08-31 07:02:00,"New York, NY",40.71304703,-74.00723267
72,2013-08-30 07:34:00,"Manhattan, NY",40.75325012,-74.00380707
73,2013-08-10 00:27:00,"New York, NY",40.71304703,-74.00723267
74,2013-08-09 15:05:00,"Manhattan, NY",40.75325012,-74.00380707
75,2013-08-06 09:55:00,"Manhattan, NY",40.75325012,-74.00380707
76,2013-08-03 09:11:00,"New York, USA",42.93923187,-75.62004852
77,2013-08-02 03:33:00,"Hyde Park, NY",41.79147339,-73.9362793
78,2013-08-02 03:32:00,"Hyde Park, NY",41.79147339,-73.9362793
79,2013-07-27 14:43:00,"New York, NY",40.71304703,-74.00723267
80,2013-07-26 23:08:00,"Manhattan, NY",40.75325012,-74.00380707
81,2013-07-26 14:25:00,"Manhattan, NY",40.75325012,-74.00380707
82,2013-07-25 19:36:00,"New York, NY",40.71304703,-74.00723267
83,2013-07-21 14:12:00,"New York, NY",40.71304703,-74.00723267
84,2013-07-21 12:44:00,"New York, NY",40.71304703,-74.00723267
85,2013-07-20 11:48:00,"New York, NY",40.71304703,-74.00723267
86,2013-07-06 15:38:00,"New York, NY",40.71304703,-74.00723267
87,2013-07-05 13:14:00,"New Jersey, USA",40.13909531,-74.6785202
88,2013-07-05 13:13:00,"New Jersey, USA",40.13909531,-74.6785202
89,2013-07-05 11:51:00,"Ramapo, NY",41.12815857,-74.16290283
90,2013-07-05 09:37:00,"New Jersey, USA",40.13909531,-74.6785202
91,2013-07-03 15:10:00,"Manhattan, NY",40.75325012,-74.00380707
92,2013-07-02 19:34:00,"New York, NY",40.71304703,-74.00723267
93,2013-06-27 20:49:00,"New York, NY",40.71304703,-74.00723267
94,2013-06-27 17:22:00,"Manhattan, NY",40.75325012,-74.00380707
95,2013-06-23 12:46:00,"Queens, NY",40.75977707,-73.81729889
96,2013-06-21 21:20:00,"New York, NY",40.71304703,-74.00723267
97,2013-06-21 17:29:00,"New York, NY",40.71304703,-74.00723267
98,2013-06-16 14:32:00,"Orlando, FL",28.53833008,-81.37887573
99,2013-06-16 05:55:00,"Cypress Gardens, FL",27.99735641,-81.69907379
100,2013-06-16 05:16:00,"Florida, USA",28.59551239,-82.48734283
101,2013-06-14 16:04:00,"Cypress Gardens, FL",27.99735641,-81.69907379
102,2013-06-14 10:41:00,"Cypress Gardens, FL",27.99735641,-81.69907379
103,2013-06-13 12:34:00,"Orlando, FL",28.53833008,-81.37887573
104,2013-06-13 11:40:00,"Orlando, FL",28.53833008,-81.37887573
105,2013-06-13 09:51:00,"Azalea Park, FL",28.54317093,-81.30084229
106,2013-06-13 09:02:00,"Orlando, FL",28.53833008,-81.37887573
107,2013-06-10 19:15:00,"Manhattan, NY",40.75325012,-74.00380707
108,2013-06-07 18:42:00,"Manhattan, NY",40.75325012,-74.00380707
109,2013-06-05 17:28:00,"Manhattan, NY",40.75325012,-74.00380707
110,2013-06-01 10:59:00,"New York, NY",40.71304703,-74.00723267
111,2013-06-01 10:34:00,"New York, NY",40.71304703,-74.00723267
112,2013-06-01 09:38:00,"New York, NY",40.71304703,-74.00723267
113,2013-05-27 12:48:00,"Northport, NY",40.90129852,-73.34298706
114,2013-05-25 18:11:00,"New York, NY",40.71304703,-74.00723267
115,2013-05-24 06:55:00,"Manhattan, NY",40.75325012,-74.00380707
116,2013-05-23 14:48:00,"Manhattan, NY",40.75325012,-74.00380707
117,2013-05-23 06:51:00,"Manhattan, NY",40.75325012,-74.00380707
118,2013-05-23 05:59:00,"Queens, NY",40.75977707,-73.81729889
119,2013-05-23 03:30:00,"South Carolina, USA",33.90394211,-80.89408112
120,2013-05-22 16:25:00,"Columbia, SC",34.00928497,-81.03709412
121,2013-05-22 13:28:00,"Columbia, SC",34.00928497,-81.03709412
122,2013-05-22 04:58:00,"Georgia, USA",32.64828873,-83.44437408
123,2013-05-21 15:45:00,"Atlanta, GA",33.7485466,-84.39150238
124,2013-05-20 20:23:00,"Atlanta, GA",33.7485466,-84.39150238
125,2013-05-20 19:18:00,"Atlanta, GA",33.7485466,-84.39150238
126,2013-05-20 15:31:00,"Tampa, FL",27.94742393,-82.45877838
127,2013-05-20 10:03:00,"Greater Carrollwood, FL",28.06751633,-82.52092743
128,2013-05-20 05:29:00,"Tampa, FL",27.94742393,-82.45877838
129,2013-05-17 19:25:00,"Port Chester, NY",41.00154877,-73.66583252
130,2013-05-17 09:19:00,"Manhattan, NY",40.75325012,-74.00380707
131,2013-05-16 20:30:00,"New York, NY",40.71304703,-74.00723267
132,2013-05-15 08:55:00,"New York, NY",40.71304703,-74.00723267
133,2013-05-15 08:54:00,"New York, NY",40.71304703,-74.00723267
134,2013-05-12 17:01:00,"New York, NY",40.71304703,-74.00723267
135,2013-05-10 15:58:00,"New York, NY",40.71304703,-74.00723267
136,2013-05-06 18:36:00,"Manhattan, NY",40.75325012,-74.00380707
137,2013-05-04 13:04:00,"New York, NY",40.71304703,-74.00723267
138,2013-05-03 20:46:00,"Manhattan, NY",40.75325012,-74.00380707
139,2013-05-01 21:24:00,"New York, NY",40.71304703,-74.00723267
140,2013-04-27 21:58:00,"Sunnyside, WA",46.32377243,-120.01295471
141,2013-04-27 17:54:00,"Prosser, WA",46.20673752,-119.76921082
142,2013-04-27 14:14:00,"Washington, USA",38.89206314,-77.01991272
143,2013-04-27 12:18:00,"Easton, WA",47.23849869,-121.18064117
144,2013-04-27 10:29:00,"Seattle, WA",47.60322952,-122.33027649
145,2013-04-26 18:00:00,"Snoqualmie Valley, WA",47.54176712,-121.83789063
146,2013-04-26 16:07:00,"Seattle, WA",47.60322952,-122.33027649
147,2013-04-25 17:57:00,"Seattle, WA",47.60322952,-122.33027649
148,2013-04-24 19:18:00,"The Embarcadero, San Francisco",37.78522873,-122.2447052
149,2013-04-24 16:44:00,"Palo Alto, CA",37.44510269,-122.16036224
150,2013-04-24 08:49:00,"California, USA",37.25466919,-119.61727905
151,2013-04-23 21:39:00,"Los Angeles, CA",34.05223846,-118.24334717
152,2013-04-23 18:50:00,"Los Angeles, CA",34.05223846,-118.24334717
153,2013-04-23 17:14:00,"Beverly Hills, CA",34.08029556,-118.40467834
154,2013-04-22 22:30:00,"Santa Monica, CA",34.01093292,-118.49151611
155,2013-04-22 19:08:00,"Pendleton, CA",-34.60756683,-58.43708801
156,2013-04-22 17:36:00,"San Diego, CA",32.71575928,-117.16381836
157,2013-04-22 15:47:00,"San Diego, CA",32.71575928,-117.16381836
158,2013-04-21 13:20:00,"Queens, NY",40.75977707,-73.81729889
159,2013-04-18 13:57:00,"New Canaan, CT",41.14849854,-73.49370575
160,2013-04-15 16:59:00,"Manhattan, NY",40.75325012,-74.00380707
161,2013-04-06 16:39:00,"Manhattan, NY",40.75325012,-74.00380707
162,2013-04-06 14:58:00,"Manhattan, NY",40.75325012,-74.00380707
163,2013-04-06 07:50:00,"New York, NY",40.71304703,-74.00723267
164,2013-04-05 22:26:00,"New York, NY",40.71304703,-74.00723267
165,2013-04-02 06:14:00,"Manhattan, NY",40.75325012,-74.00380707
166,2013-04-01 19:02:00,"Newark, NJ",40.73150635,-74.17438507
167,2013-03-31 17:39:00,"Sardinera, Puerto Rico",18.34386635,-65.63739014
168,2013-03-31 17:37:00,"Mameyes II, Puerto Rico",18.37023163,-65.77012634
169,2013-03-31 07:29:00,"Fajardo, Puerto Rico",18.33037949,-65.66060638
170,2013-03-30 13:19:00,"Mata de Plátano, Puerto Rico",18.3672924,-65.73268127
171,2013-03-29 16:31:00,"Cabezas, Puerto Rico",18.3709507,-65.63180542
172,2013-03-28 13:00:00,"San Juan Antiguo, Puerto Rico",18.46630287,-66.10523224
173,2013-03-28 11:03:00,"San Juan Antiguo, Puerto Rico",18.46630287,-66.10523224
174,2013-03-28 10:38:00,"San Juan Antiguo, Puerto Rico",18.46630287,-66.10523224
175,2013-03-28 09:57:00,"San Juan Antiguo, Puerto Rico",18.46630287,-66.10523224
176,2013-03-19 15:11:00,"Cromwell, CT",41.59585953,-72.64556122
177,2013-03-18 12:58:00,"Manhattan, NY",40.75325012,-74.00380707
178,2013-03-14 04:26:00,"Mercer, VA",38.97686005,-77.67511749
179,2013-03-13 02:56:00,"Queens, NY",40.75977707,-73.81729889
180,2013-03-09 20:55:00,"Manhattan, NY",40.75325012,-74.00380707
181,2013-03-06 07:34:00,"California, USA",37.25466919,-119.61727905
182,2013-03-06 07:32:00,"California, USA",37.25466919,-119.61727905
183,2013-03-04 23:24:00,"Castro, San Francisco",37.76095963,-122.43389893
184,2013-03-04 09:36:00,"Palo Alto, CA",37.44510269,-122.16036224
185,2013-03-04 00:17:00,"Palo Alto, CA",37.44510269,-122.16036224
186,2013-03-03 14:46:00,"Queens, NY",40.75977707,-73.81729889
187,2013-03-02 22:03:00,"New York, NY",40.71304703,-74.00723267
188,2013-03-01 21:58:00,"New York, NY",40.71304703,-74.00723267
189,2013-02-22 17:57:00,"New York, NY",40.71304703,-74.00723267
190,2013-02-22 17:31:00,"New York, NY",40.71304703,-74.00723267
191,2013-02-17 11:52:00,"Queens, NY",40.75977707,-73.81729889
192,2013-02-15 18:08:00,"New York, NY",40.71304703,-74.00723267
193,2013-02-15 14:25:00,"Manhattan, NY",40.75325012,-74.00380707
194,2013-02-09 13:01:00,"Philadelphia, PA",39.95106125,-75.1656189
195,2013-02-08 17:37:00,"Newark, NJ",40.73150635,-74.17438507
196,2013-02-01 04:24:00,"Manhattan, NY",40.75325012,-74.00380707
197,2013-01-26 10:20:00,"Northampton, MA",42.31951904,-72.62975311
198,2013-01-12 12:19:00,"Manhattan, NY",40.75325012,-74.00380707
199,2013-01-10 11:42:00,"Manhattan, NY",40.75325012,-74.00380707
200,2012-12-25 06:32:00,"Leverett, MA",42.45193481,-72.52852631
201,2012-12-24 08:47:00,"Leverett, MA",42.45193481,-72.52852631
202,2012-12-21 17:08:00,"Manhattan, NY",40.75325012,-74.00380707
203,2012-12-17 18:00:00,"Manhattan, NY",40.75325012,-74.00380707
204,2012-12-17 17:58:00,"Manhattan, NY",40.75325012,-74.00380707
205,2012-12-03 10:04:00,"Cypress Gardens, FL",27.99735641,-81.69907379
206,2012-12-03 10:00:00,"Cypress Gardens, FL",27.99735641,-81.69907379
207,2012-12-01 19:31:00,"Winter Haven, FL",28.025877,-81.73288727
208,2012-12-01 07:34:00,"Winter Haven, FL",28.025877,-81.73288727
209,2012-12-01 07:01:00,"Winter Haven, FL",28.025877,-81.73288727
210,2012-11-30 17:28:00,"Queens, NY",40.75977707,-73.81729889
211,2012-11-28 09:38:00,"Queens, NY",40.75977707,-73.81729889
212,2012-11-17 10:44:00,"New York, NY",40.71304703,-74.00723267
213,2012-11-16 18:02:00,"New York, NY",40.71304703,-74.00723267
214,2012-11-02 19:22:00,"New York, NY",40.71304703,-74.00723267
215,2012-11-02 13:58:00,"New York, NY",40.71304703,-74.00723267
216,2012-10-28 10:25:00,"Manhattan, NY",40.75325012,-74.00380707
217,2012-10-21 11:34:00,"New York, NY",40.71304703,-74.00723267
218,2012-10-19 04:37:00,"Southwark, London",51.50182343,-0.097924
219,2012-10-16 07:25:00,"Richmond-upon-Thames, London",51.45482254,-0.32252499
220,2012-10-16 07:24:00,"Richmond-upon-Thames, London",51.45482254,-0.32252499
221,2012-10-15 08:52:00,"Kensington and Chelsea, London",51.50382996,-0.192084
222,2012-10-13 15:40:00,"Hackney, London",51.54578781,-0.055418
223,2012-10-13 06:18:00,"Camden, London",51.53944778,-0.142445
224,2012-10-09 06:09:00,"New York, NY",40.71304703,-74.00723267
225,2012-10-06 19:58:00,"New York, NY",40.71304703,-74.00723267
226,2012-10-06 19:56:00,"New York, NY",40.71304703,-74.00723267
227,2012-09-29 15:32:00,"New York, NY",40.71304703,-74.00723267
228,2012-09-29 05:41:00,"Queens, NY",40.75977707,-73.81729889
229,2012-09-04 18:33:00,"Mission Dolores, San Francisco",37.76422882,-122.42694855
230,2012-09-04 17:09:00,"Downtown, San Francisco",37.79189682,-122.40258026
231,2012-09-03 07:11:00,"Manhattan, NY",40.75325012,-74.00380707
232,2012-08-27 09:47:00,"Rockville Centre, NY",40.66225052,-73.64028931
233,2012-08-25 20:46:00,"New York, NY",40.71304703,-74.00723267
234,2012-08-25 09:16:00,"New York, NY",40.71304703,-74.00723267
235,2012-08-21 17:12:00,"New York, NY",40.71304703,-74.00723267
236,2012-08-20 16:12:00,"Manhattan, NY",40.75325012,-74.00380707
237,2012-08-19 16:58:00,"New York, NY",40.71304703,-74.00723267
238,2012-08-18 12:23:00,"New York, NY",40.71304703,-74.00723267
239,2012-08-17 19:02:00,"Manhattan, NY",40.75325012,-74.00380707
240,2012-08-16 11:26:00,"Manhattan, NY",40.75325012,-74.00380707
241,2012-08-12 10:43:00,"New York, NY",40.71304703,-74.00723267
242,2012-08-11 19:38:00,"New York, NY",40.71304703,-74.00723267
243,2012-08-06 18:53:00,"South Nyack, NY",41.08311081,-73.92015839
244,2012-08-06 06:49:00,"Willsboro, NY",44.36376953,-73.39224243
245,2012-08-06 06:35:00,"Willsboro, NY",44.36376953,-73.39224243
246,2012-08-04 13:31:00,"North Hero, VT",44.82103729,-73.28778076
247,2012-08-01 17:28:00,"Manhattan, NY",40.75325012,-74.00380707
248,2012-07-28 16:44:00,"Manhattan, NY",40.75325012,-74.00380707
249,2012-07-28 16:10:00,"Manhattan, NY",40.75325012,-74.00380707
250,2012-07-28 15:57:00,"Manhattan, NY",40.75325012,-74.00380707
251,2012-07-28 11:18:00,"New York, NY",40.71304703,-74.00723267
252,2012-07-28 11:14:00,"New York, NY",40.71304703,-74.00723267
253,2012-07-22 17:55:00,"New York, NY",40.71304703,-74.00723267
254,2012-07-21 14:40:00,"New York, NY",40.71304703,-74.00723267
255,2012-07-21 11:10:00,"New York, NY",40.71304703,-74.00723267
256,2012-07-21 05:06:00,"Queens, NY",40.75977707,-73.81729889
257,2012-07-20 21:28:00,"Los Angeles, CA",34.05223846,-118.24334717
258,2012-07-20 19:46:00,"Los Angeles, CA",34.05223846,-118.24334717
259,2012-07-20 19:45:00,"Santa Monica, CA",34.01093292,-118.49151611
260,2012-07-20 16:47:00,"Santa Monica, CA",34.01093292,-118.49151611
261,2012-07-19 23:14:00,"West Hollywood, CA",34.09068298,-118.37174988
262,2012-07-19 22:56:00,"Los Angeles, CA",34.05223846,-118.24334717
263,2012-07-18 16:30:00,"West Hollywood, CA",34.09068298,-118.37174988
264,2012-07-18 14:47:00,"Los Angeles, CA",34.05223846,-118.24334717
265,2012-07-18 10:13:00,"Chicago, IL",41.8832283,-87.63240051
266,2012-07-17 19:08:00,"Chicago, IL",41.8832283,-87.63240051
267,2012-07-17 19:07:00,"Chicago, IL",41.8832283,-87.63240051
268,2012-07-15 18:08:00,"Lake Alfred, FL",28.09278297,-81.72306824
269,2012-07-14 08:44:00,"Clearwater, FL",27.96399117,-82.79995728
270,2012-07-13 08:54:00,"Orlando, FL",28.53833008,-81.37887573
271,2012-07-13 04:37:00,"Queens, NY",40.75977707,-73.81729889
272,2012-07-11 17:47:00,"New York, NY",40.71304703,-74.00723267
273,2012-07-08 18:05:00,"Manhattan, NY",40.75325012,-74.00380707
274,2012-07-08 12:57:00,"Manhattan, NY",40.75325012,-74.00380707
275,2012-07-07 12:27:00,"New York, NY",40.71304703,-74.00723267
276,2012-07-06 17:10:00,"New York, NY",40.71304703,-74.00723267
277,2012-07-05 20:05:00,"New York, NY",40.71304703,-74.00723267
278,2012-07-05 11:16:00,"Manhattan, NY",40.75325012,-74.00380707
279,2012-07-04 17:41:00,"New York, NY",40.71304703,-74.00723267
280,2012-07-04 15:58:00,"New York, NY",40.71304703,-74.00723267
281,2012-07-04 08:41:00,"New York, NY",40.71304703,-74.00723267
282,2012-07-01 14:56:00,"Manhattan, NY",40.75325012,-74.00380707
283,2012-06-30 14:59:00,"New York, NY",40.71304703,-74.00723267
284,2012-06-28 04:28:00,"Manhattan, NY",40.75325012,-74.00380707
285,2012-06-27 20:18:00,"Manhattan, NY",40.75325012,-74.00380707
286,2012-06-23 23:25:00,"New York, NY",40.71304703,-74.00723267
287,2012-06-19 18:02:00,"Harrison, NY",40.96888351,-73.71277618
288,2012-06-18 17:14:00,"New York, NY",40.71304703,-74.00723267
289,2012-06-15 18:59:00,"Manhattan, NY",40.75325012,-74.00380707
290,2012-06-13 16:41:00,"Sag Harbor, NY",41.00032806,-72.29530334
291,2012-06-13 15:27:00,"Shelter Island, NY",41.07127762,-72.33921051
292,2012-06-13 02:35:00,"Queens, NY",40.75977707,-73.81729889
293,2012-06-12 20:12:00,"Los Angeles, CA",34.05223846,-118.24334717
294,2012-06-12 20:11:00,"Los Angeles, CA",34.05223846,-118.24334717
295,2012-06-12 16:59:00,"Los Angeles, CA",34.05223846,-118.24334717
296,2012-06-12 14:00:00,"Beverly Hills, CA",34.08029556,-118.40467834
297,2012-06-12 12:37:00,"Los Angeles, CA",34.05223846,-118.24334717
298,2012-06-12 05:27:00,"Queens, NY",40.75977707,-73.81729889
299,2012-06-11 17:44:00,"Center Moriches, NY",40.80006409,-72.78977203
300,2012-06-10 09:34:00,"Manhattan, NY",40.75325012,-74.00380707
301,2012-06-09 19:56:00,"New York, NY",40.71304703,-74.00723267
302,2012-06-08 18:03:00,"New York, NY",40.71304703,-74.00723267
303,2012-06-08 15:35:00,"Manhattan, NY",40.75325012,-74.00380707
304,2012-06-06 16:28:00,"Manhattan, NY",40.75325012,-74.00380707
305,2012-06-05 04:51:00,"Manhattan, NY",40.75325012,-74.00380707
306,2012-06-03 13:26:00,"Queens, NY",40.75977707,-73.81729889
307,2012-06-02 12:01:00,"Manhattan, NY",40.75325012,-74.00380707
308,2012-06-02 11:20:00,"Manhattan, NY",40.75325012,-74.00380707
309,2012-06-01 05:49:00,"Manhattan, NY",40.75325012,-74.00380707
310,2012-05-31 16:34:00,"Manhattan, NY",40.75325012,-74.00380707
311,2012-05-28 08:57:00,"New York, NY",40.71304703,-74.00723267
312,2012-05-28 04:43:00,"Leverett, MA",42.45193481,-72.52852631
313,2012-05-28 04:43:00,"Leverett, MA",42.45193481,-72.52852631
314,2012-05-27 10:50:00,"Leverett, MA",42.45193481,-72.52852631
315,2012-05-26 17:13:00,"Leverett, MA",42.45193481,-72.52852631
316,2012-05-26 10:19:00,"Manhattan, NY",40.75325012,-74.00380707
317,2012-05-20 17:24:00,"Queens, NY",40.75977707,-73.81729889
318,2012-05-19 21:29:00,"Santa Cruz, CA",36.97414017,-122.02880096
319,2012-05-19 19:29:00,"Santa Cruz, CA",36.97414017,-122.02880096
320,2012-05-19 16:57:00,"Coastal, CA",-34.60756683,-58.43708801
321,2012-05-19 16:56:00,"Coastal, CA",-34.60756683,-58.43708801
322,2012-05-19 12:48:00,"Coastal, CA",-34.60756683,-58.43708801
323,2012-05-19 09:02:00,"Coastal, CA",-34.60756683,-58.43708801
324,2012-05-18 12:41:00,"Isla Vista, CA",34.41316986,-119.85704803
325,2012-05-18 09:43:00,"California, USA",37.25466919,-119.61727905
326,2012-05-17 13:52:00,"California, USA",37.25466919,-119.61727905
327,2012-05-15 18:21:00,"California, USA",37.25466919,-119.61727905
328,2012-05-13 15:32:00,"Orlando, FL",28.53833008,-81.37887573
329,2012-05-13 10:41:00,"Winter Haven, FL",28.025877,-81.73288727
330,2012-05-09 17:58:00,"New York, NY",40.71304703,-74.00723267
331,2012-05-06 21:56:00,"Washington, DC",38.89206314,-77.01991272
332,2012-05-06 15:51:00,"Washington, DC",38.89206314,-77.01991272
333,2012-05-06 12:18:00,"Washington, DC",38.89206314,-77.01991272
334,2012-05-05 11:25:00,"Washington, DC",38.89206314,-77.01991272
335,2012-05-05 11:13:00,"Washington, DC",38.89206314,-77.01991272
336,2012-05-05 11:12:00,"Washington, DC",38.89206314,-77.01991272
337,2012-05-05 09:43:00,"Washington, DC",38.89206314,-77.01991272
338,2012-05-04 16:42:00,"Washington, DC",38.89206314,-77.01991272
339,2012-05-04 11:27:00,"Washington, DC",38.89206314,-77.01991272
340,2012-04-29 15:08:00,"New York, NY",40.71304703,-74.00723267
341,2012-04-17 19:47:00,"Los Angeles, CA",34.05223846,-118.24334717
342,2012-04-17 16:51:00,"Beverly Hills, CA",34.08029556,-118.40467834
343,2012-04-16 23:41:00,"California, USA",37.25466919,-119.61727905
344,2012-03-23 06:23:00,"Herndon, VA",38.96973038,-77.38387299
345,2012-03-21 20:22:00,"New York, NY",40.71304703,-74.00723267
346,2012-03-21 18:14:00,"New York, NY",40.71304703,-74.00723267
347,2012-03-20 20:26:00,"New York, NY",40.71304703,-74.00723267
348,2012-03-19 16:08:00,"Orlando, FL",28.53833008,-81.37887573
349,2012-03-18 15:48:00,"Winter Haven, FL",28.025877,-81.73288727
350,2012-03-15 16:53:00,"Queens, NY",40.75977707,-73.81729889
351,2012-03-11 18:37:00,"New York, NY",40.71304703,-74.00723267
352,2012-03-03 06:26:00,"Queens, NY",40.75977707,-73.81729889
353,2012-03-03 06:17:00,"Queens, NY",40.75977707,-73.81729889
354,2012-03-03 04:22:00,"Indianapolis, IN",39.7908287,-86.14778137
355,2012-03-01 21:50:00,"Indianapolis, IN",39.7908287,-86.14778137
356,2012-02-29 06:19:00,"Manhattan, NY",40.75325012,-74.00380707
357,2012-02-28 16:36:00,"Manhattan, NY",40.75325012,-74.00380707
358,2012-02-27 20:31:00,"Palo Alto, CA",37.44510269,-122.16036224
359,2012-02-27 14:42:00,"Palo Alto, CA",37.44510269,-122.16036224
360,2012-02-25 13:28:00,"Queens, NY",40.75977707,-73.81729889
361,2012-02-22 14:45:00,"Manhattan, NY",40.75325012,-74.00380707
362,2012-02-18 16:55:00,"New York, NY",40.71304703,-74.00723267
363,2012-02-18 13:43:00,"New York, NY",40.71304703,-74.00723267
364,2012-02-18 09:54:00,"New York, NY",40.71304703,-74.00723267
365,2012-02-15 12:55:00,"Manhattan, NY",40.75325012,-74.00380707
366,2012-02-14 04:50:00,"Manhattan, NY",40.75325012,-74.00380707
367,2012-02-08 15:39:00,"Manhattan, NY",40.75325012,-74.00380707
368,2012-02-02 10:53:00,"Manhattan, NY",40.75325012,-74.00380707
369,2012-01-14 12:46:00,"Manhattan, NY",40.75325012,-74.00380707
370,2012-01-06 17:25:00,"Manhattan, NY",40.75325012,-74.00380707
371,2012-01-02 09:23:00,"New York, NY",40.71304703,-74.00723267
372,2011-09-03 12:57:00,"Hadley, MA",42.34227371,-72.58906555
373,2011-08-12 13:03:00,"Philadelphia, PA",39.95106125,-75.1656189
374,2011-07-17 14:32:00,"Edison, NJ",40.52552414,-74.38822937
375,2011-06-18 11:22:00,Vamos Al Tequila,32.76642609,-86.84033203
376,2011-06-05 14:18:00,Dia Beacon,41.49996185,-73.98210144
377,2011-06-03 12:12:00,"Manhattan, NY",40.75325012,-74.00380707
378,2011-05-29 12:57:00,"Stamford, CT",41.05192566,-73.53947449
379,2011-05-03 20:40:00,Pies 'n' Thighs,-14.70671368,-75.13085175
380,2011-04-30 15:29:00,"Manhattan, NY",40.75325012,-74.00380707
381,2011-04-14 10:39:00,"Atlanta, GA",33.7485466,-84.39150238
382,2011-03-19 14:44:00,Museum of the Moving Image,51.50606918,-0.11383
383,2011-01-08 12:56:00,Prune,46.98472595,2.74717903
384,2011-01-05 20:07:00,Middle East (The),51.0011803,0.0881128
385,2010-12-30 11:26:00,Red Lobster,34.57463455,-99.99398041
386,2010-12-10 15:19:00,American Girl Place,40.78628159,-84.20183563
