,time,poi,latitude,longitude
0,2015-10-12 14:16:00,"Oak Park, IL",41.88864899,-87.79449463
1,2015-10-11 18:15:00,"Swanton, OH",41.58163071,-83.88048553
2,2015-10-07 13:25:00,"Los Angeles, CA",34.05223846,-118.24334717
3,2015-10-07 15:30:00,"Lakewood, CO",39.71099854,-105.08887482
4,2015-10-07 06:42:00,"Arvada, CO",39.81298828,-105.08522034
5,2015-10-06 09:00:00,"Denver, CO",39.73845291,-104.98485565
6,2015-10-05 13:24:00,"Denver, CO",39.73845291,-104.98485565
7,2015-10-04 20:30:00,"Denver, CO",39.73845291,-104.98485565
8,2015-10-03 13:27:00,"Portland, OR",45.51601791,-122.681427
9,2015-10-01 16:11:00,"Portland, OR",45.51601791,-122.681427
10,2015-09-29 14:22:00,"Portland, OR",45.51601791,-122.681427
11,2015-09-25 19:34:00,Chapman Elementary School,33.79437637,-117.8511734
12,2015-09-24 11:04:00,"SoMa, San Francisco",37.77597046,-122.39800262
13,2015-09-21 13:56:00,"Portland, OR",45.51601791,-122.681427
14,2015-09-17 12:11:00,"Portland, OR",45.51601791,-122.681427
15,2015-09-14 08:51:00,"Portland, OR",45.51601791,-122.681427
16,2015-09-13 18:58:00,"Portland, OR",45.51601791,-122.681427
17,2015-09-13 16:53:00,"Portland, OR",45.51601791,-122.681427
18,2015-09-13 16:49:00,"Portland, OR",45.51601791,-122.681427
19,2015-09-13 16:49:00,"Buckman, Portland",45.51719666,-122.65263367
20,2015-09-13 16:49:00,"Portland, OR",45.51601791,-122.681427
21,2015-09-13 16:49:00,"Portland, OR",45.51601791,-122.681427
22,2015-09-13 16:11:00,Revolution Hall,45.51875687,-122.65242767
23,2015-09-10 19:41:00,"Portland, OR",45.51601791,-122.681427
24,2015-09-08 11:01:00,"Portland, OR",45.51601791,-122.681427
25,2015-09-05 08:45:00,"Windsor Locks, CT",41.92495346,-72.62717438
26,2015-08-26 08:30:00,"Woodbridge, CT",41.35297394,-73.01434326
27,2015-08-17 12:29:00,"Houston, TX",29.76080322,-95.36950684
28,2015-08-14 09:34:00,"Austin, TX",30.26497841,-97.74659729
29,2015-08-13 03:51:00,"Austin, TX",30.26497841,-97.74659729
30,2015-08-11 16:07:00,"Portland, OR",45.51601791,-122.681427
31,2015-08-05 10:07:00,"New York, NY",40.71304703,-74.00723267
32,2015-08-05 09:05:00,"Queens, NY",40.75977707,-73.81729889
33,2015-07-16 18:42:00,"Queens, NY",40.75977707,-73.81729889
34,2015-07-14 08:43:00,"Vermont, USA",44.07525253,-72.66269684
35,2015-07-12 14:57:00,"Vermont, USA",44.07525253,-72.66269684
36,2015-07-12 07:21:00,"Vermont, USA",44.07525253,-72.66269684
37,2015-07-09 06:21:00,"Vermont, USA",44.07525253,-72.66269684
38,2015-07-08 15:10:00,"Vermont, USA",44.07525253,-72.66269684
39,2015-07-08 14:17:00,"Vermont, USA",44.07525253,-72.66269684
40,2015-07-07 10:12:00,"Saxtons River, VT",43.13665771,-72.51033783
41,2015-07-06 05:09:00,"Vermont, USA",44.07525253,-72.66269684
42,2015-07-02 14:22:00,"Vermont, USA",44.07525253,-72.66269684
43,2015-06-29 18:23:00,"Woodbridge, CT",41.35297394,-73.01434326
44,2015-06-28 11:46:00,"Hershey, PA",40.28476334,-76.64926147
45,2015-06-23 08:12:00,"Naples, Campania",40.83998489,14.25254154
46,2015-06-22 08:34:00,"Anacapri, Campania",40.55599213,14.221241
47,2015-06-20 06:13:00,"Anacapri, Campania",40.55599213,14.221241
48,2015-06-19 12:17:00,"Sant'Agnello, Campania",40.63082123,14.39823532
49,2015-06-18 10:57:00,"Sant'Agnello, Campania",40.63082123,14.39823532
50,2015-06-16 14:40:00,"Naples, Campania",40.83998489,14.25254154
51,2015-06-14 09:15:00,"Naples, Campania",40.83998489,14.25254154
52,2015-06-14 05:40:00,"Naples, Campania",40.83998489,14.25254154
53,2015-06-11 11:40:00,"Naples, Campania",40.83998489,14.25254154
54,2015-06-10 06:13:00,"Naples, Campania",40.83998489,14.25254154
55,2015-06-07 08:42:00,"Chicago, IL",41.8832283,-87.63240051
56,2015-06-05 15:17:00,"Queens, NY",40.75977707,-73.81729889
57,2015-06-02 12:41:00,"Woodbridge, CT",41.35297394,-73.01434326
58,2015-06-02 06:08:00,"Woodbridge, CT",41.35297394,-73.01434326
59,2015-05-31 15:07:00,"Woodbridge, CT",41.35297394,-73.01434326
60,2015-05-31 15:03:00,"Woodbridge, CT",41.35297394,-73.01434326
61,2015-05-31 14:58:00,"Woodbridge, CT",41.35297394,-73.01434326
62,2015-05-29 07:54:00,"Manhattan, NY",40.75325012,-74.00380707
63,2015-05-28 19:25:00,"Woodbridge, CT",41.35297394,-73.01434326
64,2015-05-28 19:23:00,"Woodbridge, CT",41.35297394,-73.01434326
65,2015-05-22 15:19:00,"Woodbridge, CT",41.35297394,-73.01434326
66,2015-05-17 08:57:00,"Woodbridge, CT",41.35297394,-73.01434326
67,2015-05-17 00:16:00,"Berkeley, CA",37.8690567,-122.27046204
68,2015-05-14 14:39:00,"Woodbridge, CT",41.35297394,-73.01434326
69,2015-05-13 11:46:00,"Woodbridge, CT",41.35297394,-73.01434326
70,2015-05-12 10:49:00,"Woodbridge, CT",41.35297394,-73.01434326
71,2015-05-10 18:49:00,"California, USA",37.25466919,-119.61727905
72,2015-05-08 18:33:00,"San Francisco, CA",37.78007889,-122.42015839
73,2015-05-08 15:32:00,"San Francisco, CA",37.78007889,-122.42015839
74,2015-05-08 12:17:00,"San Francisco, CA",37.78007889,-122.42015839
75,2015-05-08 10:40:00,"Oakland, CA",37.80482864,-122.2724762
76,2015-05-07 23:12:00,"San Francisco, CA",37.78007889,-122.42015839
77,2015-05-07 20:39:00,"San Francisco, CA",37.78007889,-122.42015839
78,2015-05-07 10:19:00,"Alameda, CA",37.76533508,-122.24187469
79,2015-05-05 11:23:00,John F. Kennedy International Airport (JFK),40.64728928,-73.78677368
80,2015-05-05 10:16:00,"Manhattan, NY",40.75325012,-74.00380707
81,2015-05-02 07:22:00,"Woodbridge, CT",41.35297394,-73.01434326
82,2015-04-28 08:24:00,"Woodbridge, CT",41.35297394,-73.01434326
83,2015-04-21 10:07:00,"Hoosick Falls, NY",42.90139008,-73.35060883
84,2015-04-20 14:33:00,"Connecticut, USA",41.57515335,-72.73828125
85,2015-04-20 11:16:00,"Milford, CT",41.2242775,-73.05756378
86,2015-04-19 06:00:00,"Woodbridge, CT",41.35297394,-73.01434326
87,2015-04-16 12:38:00,"Woodbridge, CT",41.35297394,-73.01434326
88,2015-04-16 07:43:00,"Woodbridge, CT",41.35297394,-73.01434326
89,2015-04-13 09:10:00,"Milford, CT",41.2242775,-73.05756378
90,2015-04-13 07:16:00,"Connecticut, USA",41.57515335,-72.73828125
91,2015-04-13 07:03:00,"Woodbridge, CT",41.35297394,-73.01434326
92,2015-04-13 06:10:00,"Woodbridge, CT",41.35297394,-73.01434326
93,2015-04-12 08:19:00,"Woodbridge, CT",41.35297394,-73.01434326
94,2015-04-08 13:54:00,"Elkridge, MD",39.20707321,-76.72717285
95,2015-04-06 05:58:00,"Milford, CT",41.2242775,-73.05756378
96,2015-04-02 04:08:00,"Woodbridge, CT",41.35297394,-73.01434326
97,2015-03-31 08:59:00,"Connecticut, USA",41.57515335,-72.73828125
98,2015-03-30 13:42:00,"Woodbridge, CT",41.35297394,-73.01434326
99,2015-03-30 07:55:00,"Milford, CT",41.2242775,-73.05756378
100,2015-03-28 17:55:00,"Woodbridge, CT",41.35297394,-73.01434326
101,2015-03-27 04:55:00,"Woodbridge, CT",41.35297394,-73.01434326
102,2015-03-24 11:32:00,"Manhattan, NY",40.75325012,-74.00380707
103,2015-03-24 05:38:00,"Milford, CT",41.2242775,-73.05756378
104,2015-03-21 09:21:00,"Woodbridge, CT",41.35297394,-73.01434326
105,2015-03-15 10:42:00,"Woodbridge, CT",41.35297394,-73.01434326
106,2015-03-13 02:41:00,"Milford, CT",41.2242775,-73.05756378
107,2015-03-12 12:12:00,"Woodbridge, CT",41.35297394,-73.01434326
108,2015-03-08 18:35:00,"Dubai, United Arab Emirates",25.20498085,55.27105713
109,2015-03-07 20:22:00,"Indira Gandhi International Airport, New Delhi",28.56379318,77.10694122
110,2015-03-06 11:26:00,"New Delhi, Delhi",28.63242531,77.21878815
111,2015-03-04 20:28:00,"Himachal Pradesh, India",31.92356682,77.23621368
112,2015-02-22 23:03:00,"Himachal Pradesh, India",31.92356682,77.23621368
113,2015-02-22 17:11:00,"Himachal Pradesh, India",31.92356682,77.23621368
114,2015-02-20 17:44:00,"Dharmsala, Himachal Pradesh",32.22682953,76.32602692
115,2015-02-17 18:38:00,"Dharmsala, Himachal Pradesh",32.22682953,76.32602692
116,2015-02-17 07:35:00,"Himachal Pradesh, India",31.92356682,77.23621368
117,2015-02-14 21:28:00,"New Delhi, Delhi",28.63242531,77.21878815
118,2015-02-14 21:24:00,"New Delhi, Delhi",28.63242531,77.21878815
119,2015-02-12 19:06:00,"New Delhi, Delhi",28.63242531,77.21878815
120,2015-02-10 20:21:00,"Karjat, Maharashtra",18.91137314,73.32665253
121,2015-02-10 17:51:00,"Maharashtra, India",19.45208549,76.10894012
122,2015-02-09 07:07:00,"Matheran, Maharashtra",18.91419029,73.24264526
123,2015-02-08 22:12:00,"Maharashtra, India",19.45208549,76.10894012
124,2015-02-06 20:42:00,"Matheran, Maharashtra",18.91419029,73.24264526
125,2015-02-06 06:14:00,"Maharashtra, India",19.45208549,76.10894012
126,2015-02-03 21:32:00,"Lower Parel, Mumbai",19.00497627,72.85355377
127,2015-01-30 19:47:00,"Mumbai, Maharashtra",18.96904755,72.82118225
128,2015-01-26 07:51:00,"Mumbai, Maharashtra",18.96904755,72.82118225
129,2015-01-24 05:56:00,"Cochin, Kerala",9.95761681,76.25115204
130,2015-01-23 05:20:00,"Cherai, Cochin",10.14869404,76.18920898
131,2015-01-22 04:34:00,"Vypin, Cochin",9.97399998,76.2440033
132,2015-01-21 09:08:00,"Kanayannur, Kerala",9.92349815,76.3978653
133,2015-01-20 23:49:00,"Cochin, Kerala",9.95761681,76.25115204
134,2015-01-20 10:30:00,"Kanayannur, Kerala",9.92349815,76.3978653
135,2015-01-19 00:56:00,"Cochin, Kerala",9.95761681,76.25115204
136,2015-01-18 06:52:00,"Cochin, Kerala",9.95761681,76.25115204
137,2015-01-17 20:46:00,"Cochin, Kerala",9.95761681,76.25115204
138,2015-01-17 20:33:00,"Cochin, Kerala",9.95761681,76.25115204
139,2015-01-16 23:21:00,"Cochin, Kerala",9.95761681,76.25115204
140,2015-01-09 00:23:00,"Kovalam, Kerala",8.38322926,76.98356628
141,2015-01-08 20:29:00,"Kovalam, Kerala",8.38322926,76.98356628
142,2015-01-08 07:31:00,"Kovalam, Kerala",8.38322926,76.98356628
143,2015-01-06 04:07:00,"Shamgarh, Madhya Pradesh",24.18000031,75.62999725
144,2015-01-03 21:29:00,"Bhuj, Gujarat",23.26871681,69.68022919
145,2015-01-03 03:17:00,"Bhuj Airport Area, Bhuj",23.28818321,69.67022705
146,2014-12-30 07:58:00,"New Delhi, Delhi",28.63242531,77.21878815
147,2014-12-30 04:57:00,"New Delhi, Delhi",28.63242531,77.21878815
148,2014-12-29 10:18:00,"Munnar, Kerala",10.08749962,77.06169891
149,2014-12-27 22:24:00,"Munnar, Kerala",10.08749962,77.06169891
150,2014-12-23 20:38:00,"New Delhi, Delhi",28.63242531,77.21878815
151,2014-12-23 00:11:00,"New Delhi, Delhi",28.63242531,77.21878815
152,2014-12-22 21:18:00,"New Delhi, Delhi",28.63242531,77.21878815
153,2014-12-21 06:20:00,"New Delhi, Delhi",28.63242531,77.21878815
154,2014-12-19 04:40:00,"New Delhi, Delhi",28.63242531,77.21878815
155,2014-12-19 04:36:00,"New Delhi, Delhi",28.63242531,77.21878815
156,2014-12-19 04:31:00,"New Delhi, Delhi",28.63242531,77.21878815
157,2014-12-17 02:47:00,"Mumbai, Maharashtra",18.96904755,72.82118225
158,2014-12-16 20:23:00,"Lucknow, Uttar Pradesh",26.85000038,80.94999695
159,2014-12-13 09:33:00,"Munnar, Kerala",10.08749962,77.06169891
160,2014-12-11 01:01:00,"Mitry-Mory, Ile-de-France",48.98268509,2.62086296
161,2014-12-10 07:52:00,"Tremblay-en-France, Ile-de-France",48.95000076,2.57220006
162,2014-12-08 10:10:00,"Stuttgart, Baden-Württemberg",48.77710724,9.18076897
163,2014-12-04 16:06:00,"Berlin, Germany",52.52342987,13.41143608
164,2014-12-02 09:41:00,"Lisbon, Portugal",38.70700836,-9.1356411
165,2014-12-02 08:15:00,"Lisbon, Portugal",38.70700836,-9.1356411
166,2014-11-28 12:47:00,"John F. Kennedy Airport, Queens",40.64728928,-73.78677368
167,2014-11-26 20:59:00,"Milford, CT",41.2242775,-73.05756378
168,2014-11-17 12:22:00,"San Francisco, CA",37.78007889,-122.42015839
169,2014-11-16 00:29:00,"San Francisco, CA",37.78007889,-122.42015839
170,2014-11-08 15:13:00,"San Francisco, CA",37.78007889,-122.42015839
171,2014-11-02 10:27:00,"San Francisco, CA",37.78007889,-122.42015839
172,2014-10-31 11:43:00,"San Francisco, CA",37.78007889,-122.42015839
173,2014-10-29 13:57:00,"San Francisco, CA",37.78007889,-122.42015839
174,2014-10-29 10:58:00,"San Francisco, CA",37.78007889,-122.42015839
175,2014-10-28 19:09:00,"San Francisco, CA",37.78007889,-122.42015839
176,2014-10-28 12:56:00,"San Francisco, CA",37.78007889,-122.42015839
177,2014-10-26 14:07:00,"San Francisco, CA",37.78007889,-122.42015839
178,2014-10-25 19:15:00,"San Francisco, CA",37.78007889,-122.42015839
179,2014-10-22 18:36:00,"San Francisco, CA",37.78007889,-122.42015839
180,2014-10-22 18:08:00,"San Francisco, CA",37.78007889,-122.42015839
181,2014-10-22 09:39:00,"San Francisco, CA",37.78007889,-122.42015839
182,2014-10-21 11:25:00,"San Francisco, CA",37.78007889,-122.42015839
183,2014-10-21 11:09:00,"San Francisco, CA",37.78007889,-122.42015839
184,2014-10-20 18:28:00,"San Francisco, CA",37.78007889,-122.42015839
185,2014-10-20 17:18:00,"San Francisco, CA",37.78007889,-122.42015839
186,2014-10-19 13:08:00,"San Francisco, CA",37.78007889,-122.42015839
187,2014-10-18 17:57:00,"San Francisco, CA",37.78007889,-122.42015839
188,2014-10-15 19:47:00,"San Francisco, CA",37.78007889,-122.42015839
189,2014-10-12 14:35:00,"San Francisco, CA",37.78007889,-122.42015839
190,2014-10-09 17:45:00,"Crown Heights, Brooklyn",40.67253494,-73.95024109
191,2014-10-08 08:44:00,"Brooklyn, NY",40.69252777,-73.99099731
192,2014-10-06 10:17:00,"Brooklyn, NY",40.69252777,-73.99099731
193,2014-10-05 20:14:00,"Queens, NY",40.75977707,-73.81729889
194,2014-10-03 12:23:00,"San Francisco, CA",37.78007889,-122.42015839
195,2014-10-03 09:59:00,"San Francisco, CA",37.78007889,-122.42015839
196,2014-10-02 09:44:00,"San Francisco, CA",37.78007889,-122.42015839
197,2014-09-28 21:36:00,"Shibuya, Tokyo",35.66230011,139.70652771
198,2014-09-28 06:00:00,"Shinjuku, Tokyo",35.69657516,139.70550537
199,2014-09-20 13:33:00,"Province of Kamchatka, Russia",56.91748047,160.41781616
200,2014-09-11 21:00:00,"San Francisco, CA",37.78007889,-122.42015839
201,2014-09-11 10:32:00,"San Francisco, CA",37.78007889,-122.42015839
202,2014-09-09 09:37:00,"San Francisco, CA",37.78007889,-122.42015839
203,2014-09-08 19:43:00,"Mission Dolores, San Francisco",37.76422882,-122.42694855
204,2014-09-08 11:48:00,"San Francisco, CA",37.78007889,-122.42015839
205,2014-09-08 11:38:00,"Union Square, San Francisco",37.78849411,-122.40678406
206,2014-09-08 11:11:00,"Fort Wayne, IN",41.07747269,-85.13749695
207,2014-09-08 10:59:00,"Union Square, San Francisco",37.78849411,-122.40678406
208,2014-09-08 10:52:00,"Mission, San Francisco",37.76438904,-122.42702484
209,2014-09-06 12:39:00,"San Francisco, CA",37.78007889,-122.42015839
210,2014-08-28 16:07:00,"San Francisco, CA",37.78007889,-122.42015839
211,2014-08-26 16:57:00,"San Francisco, CA",37.78007889,-122.42015839
212,2014-08-22 11:56:00,"San Francisco, CA",37.78007889,-122.42015839
213,2014-08-18 13:51:00,"San Francisco, CA",37.78007889,-122.42015839
214,2014-08-14 20:53:00,"San Francisco, CA",37.78007889,-122.42015839
215,2014-08-14 14:17:00,"San Francisco, CA",37.78007889,-122.42015839
216,2014-08-08 06:49:00,"Stamford, CT",41.05192566,-73.53947449
217,2014-08-06 10:27:00,"Boston, MA",42.35899353,-71.0586319
218,2014-08-03 21:37:00,"San Francisco, CA",37.78007889,-122.42015839
219,2014-07-29 20:25:00,Costa Rica,9.97899818,-84.19515228
220,2014-07-24 16:15:00,Costa Rica,9.97899818,-84.19515228
221,2014-07-24 07:31:00,"San Francisco, CA",37.78007889,-122.42015839
222,2014-07-14 10:54:00,"California, USA",37.25466919,-119.61727905
223,2014-07-13 10:38:00,"Palm Springs, CA",33.83030319,-116.54684448
224,2014-07-11 09:45:00,"Lancaster, CA",34.69747162,-118.14452362
225,2014-07-09 17:34:00,"San Francisco, CA",37.78007889,-122.42015839
226,2014-07-06 16:06:00,"San Francisco, CA",37.78007889,-122.42015839
227,2014-07-04 19:05:00,"San Francisco, CA",37.78007889,-122.42015839
228,2014-07-02 08:37:00,"San Francisco, CA",37.78007889,-122.42015839
229,2014-07-01 22:04:00,"San Francisco, CA",37.78007889,-122.42015839
230,2014-07-01 10:21:00,"San Francisco, CA",37.78007889,-122.42015839
231,2014-06-30 15:44:00,"San Francisco, CA",37.78007889,-122.42015839
232,2014-06-28 10:06:00,"Mission Dolores, San Francisco",37.76422882,-122.42694855
233,2014-06-27 11:52:00,"San Francisco, CA",37.78007889,-122.42015839
234,2014-06-27 08:44:00,"San Francisco, CA",37.78007889,-122.42015839
235,2014-06-25 17:04:00,"San Francisco, CA",37.78007889,-122.42015839
236,2014-06-25 13:11:00,"San Francisco, CA",37.78007889,-122.42015839
237,2014-06-22 19:31:00,"San Francisco, CA",37.78007889,-122.42015839
238,2014-06-20 02:03:00,"Mission Dolores, San Francisco",37.76422882,-122.42694855
239,2014-06-19 14:20:00,"San Francisco, CA",37.78007889,-122.42015839
240,2014-06-18 12:19:00,"San Francisco, CA",37.78007889,-122.42015839
241,2014-06-18 11:20:00,"San Francisco, CA",37.78007889,-122.42015839
242,2014-06-15 08:19:00,"San Francisco, CA",37.78007889,-122.42015839
243,2014-06-15 08:17:00,"San Francisco, CA",37.78007889,-122.42015839
244,2014-06-12 16:49:00,"Flatiron, Manhattan",40.75325012,-74.00380707
245,2014-06-12 15:34:00,"San Francisco, CA",37.78007889,-122.42015839
246,2014-06-12 12:03:00,"San Francisco, CA",37.78007889,-122.42015839
247,2014-06-12 12:00:00,"San Francisco, CA",37.78007889,-122.42015839
248,2014-06-09 17:22:00,"San Francisco, CA",37.78007889,-122.42015839
249,2014-06-08 09:25:00,"San Diego, CA",32.71575928,-117.16381836
250,2014-06-07 12:22:00,"San Francisco, CA",37.78007889,-122.42015839
251,2014-06-07 09:42:00,"San Francisco, CA",37.78007889,-122.42015839
252,2014-06-06 21:50:00,"San Francisco, CA",37.78007889,-122.42015839
253,2014-06-05 22:17:00,"San Francisco, CA",37.78007889,-122.42015839
254,2014-06-02 13:55:00,"Seattle, WA",47.60322952,-122.33027649
255,2014-05-29 13:17:00,"San Francisco, CA",37.78007889,-122.42015839
256,2014-05-28 14:46:00,"San Francisco, CA",37.78007889,-122.42015839
257,2014-05-27 15:23:00,"San Francisco, CA",37.78007889,-122.42015839
258,2014-05-27 13:00:00,"Downtown, Atlanta",33.75793457,-84.39130402
259,2014-05-27 12:34:00,"San Francisco, CA",37.78007889,-122.42015839
260,2014-05-27 11:30:00,"San Francisco, CA",37.78007889,-122.42015839
261,2014-05-27 08:29:00,"San Francisco, CA",37.78007889,-122.42015839
262,2014-05-25 18:00:00,"San Francisco, CA",37.78007889,-122.42015839
263,2014-05-25 16:54:00,"San Francisco, CA",37.78007889,-122.42015839
264,2014-05-23 04:48:00,"Los Angeles, CA",34.05223846,-118.24334717
265,2014-05-21 11:38:00,"Union Hill-Novelty Hill, WA",47.66290665,-122.02156067
266,2014-05-21 16:03:00,"San Francisco, CA",37.78007889,-122.42015839
267,2014-05-20 23:03:00,"Mission Dolores, San Francisco",37.76422882,-122.42694855
268,2014-05-20 18:32:00,"San Francisco, CA",37.78007889,-122.42015839
269,2014-05-19 16:45:00,"San Francisco, CA",37.78007889,-122.42015839
270,2014-05-19 10:34:00,"San Francisco, CA",37.78007889,-122.42015839
271,2014-05-19 12:04:00,"San Francisco, CA",37.78007889,-122.42015839
272,2014-05-19 11:53:00,"San Francisco, CA",37.78007889,-122.42015839
273,2014-05-16 12:43:00,"Cupertino, CA",37.31931305,-122.02926636
274,2014-05-16 08:53:00,"San Francisco, CA",37.78007889,-122.42015839
275,2014-05-15 17:03:00,"Downtown, San Francisco",37.79189682,-122.40258026
276,2014-05-14 17:36:00,"San Francisco, CA",37.78007889,-122.42015839
277,2014-05-13 08:31:00,"San Francisco, CA",37.78007889,-122.42015839
278,2014-05-11 17:49:00,"San Francisco, CA",37.78007889,-122.42015839
279,2014-05-10 10:44:00,"Mission, San Francisco",37.76438904,-122.42702484
280,2014-05-08 15:26:00,"Mission Dolores, San Francisco",37.76422882,-122.42694855
281,2014-05-05 19:43:00,"San Francisco, CA",37.78007889,-122.42015839
282,2014-05-04 18:05:00,"Mission Dolores, San Francisco",37.76422882,-122.42694855
283,2014-05-04 14:42:00,"San Francisco, CA",37.78007889,-122.42015839
284,2014-05-01 20:02:00,"San Francisco, CA",37.78007889,-122.42015839
285,2014-05-01 10:24:00,"Mission, San Francisco",37.76438904,-122.42702484
286,2014-04-30 14:10:00,"San Francisco, CA",37.78007889,-122.42015839
287,2014-04-28 08:34:00,"Mission Dolores, San Francisco",37.76422882,-122.42694855
288,2014-04-27 10:56:00,"California, USA",37.25466919,-119.61727905
289,2014-04-25 12:33:00,"San Francisco, CA",37.78007889,-122.42015839
290,2014-04-24 12:39:00,"San Francisco, CA",37.78007889,-122.42015839
291,2014-04-17 12:13:00,"San Francisco, CA",37.78007889,-122.42015839
292,2014-04-17 10:51:00,"San Francisco, CA",37.78007889,-122.42015839
293,2014-04-17 10:48:00,"San Francisco, CA",37.78007889,-122.42015839
294,2014-04-16 16:44:00,"Manhattan, NY",40.75325012,-74.00380707
295,2014-04-16 09:03:00,"San Francisco, CA",37.78007889,-122.42015839
296,2014-04-15 20:24:00,"San Francisco, CA",37.78007889,-122.42015839
297,2014-04-15 15:20:00,"San Francisco, CA",37.78007889,-122.42015839
298,2014-04-14 12:41:00,"San Francisco, CA",37.78007889,-122.42015839
299,2014-04-14 11:25:00,"San Francisco, CA",37.78007889,-122.42015839
300,2014-04-12 21:44:00,"San Francisco, CA",37.78007889,-122.42015839
301,2014-04-12 18:53:00,"San Francisco, CA",37.78007889,-122.42015839
302,2014-04-12 18:43:00,"San Francisco, CA",37.78007889,-122.42015839
303,2014-04-12 18:36:00,"Redding, CA",40.57463837,-122.38108826
304,2014-04-12 18:34:00,"San Francisco, CA",37.78007889,-122.42015839
305,2014-04-11 14:04:00,"San Francisco, CA",37.78007889,-122.42015839
306,2014-04-09 11:21:00,"San Francisco, CA",37.78007889,-122.42015839
307,2014-04-08 09:09:00,"San Francisco, CA",37.78007889,-122.42015839
308,2014-04-07 16:22:00,"San Francisco, CA",37.78007889,-122.42015839
309,2014-04-07 16:10:00,"San Francisco, CA",37.78007889,-122.42015839
310,2014-04-03 18:36:00,"San Francisco, CA",37.78007889,-122.42015839
311,2014-04-03 13:31:00,"San Francisco, CA",37.78007889,-122.42015839
312,2014-03-31 21:02:00,"San Francisco, CA",37.78007889,-122.42015839
313,2014-03-30 14:54:00,"Queens, NY",40.75977707,-73.81729889
314,2014-03-30 09:32:00,"San Francisco, CA",37.78007889,-122.42015839
315,2014-03-30 07:34:00,"Woodbridge, CT",41.35297394,-73.01434326
316,2014-03-29 07:36:00,"Queens, NY",40.75977707,-73.81729889
317,2014-03-26 10:21:00,"Mission Dolores, San Francisco",37.76422882,-122.42694855
318,2014-03-25 11:45:00,"Manhattan, NY",40.75325012,-74.00380707
319,2014-03-25 11:09:00,"Mission Dolores, San Francisco",37.76422882,-122.42694855
320,2014-03-24 22:50:00,"Mission Dolores, San Francisco",37.76422882,-122.42694855
321,2014-03-24 22:34:00,"Mission Bay, San Francisco",37.77189636,-122.39131927
322,2014-03-23 12:59:00,"San Francisco, CA",37.78007889,-122.42015839
323,2014-03-21 11:42:00,"Castro, San Francisco",37.76095963,-122.43389893
324,2014-03-17 18:19:00,"Mission Dolores, San Francisco",37.76422882,-122.42694855
325,2014-03-17 13:40:00,"San Francisco, CA",37.78007889,-122.42015839
326,2014-03-17 13:07:00,"Mission Dolores, San Francisco",37.76422882,-122.42694855
327,2014-03-16 20:41:00,"Mission Dolores, San Francisco",37.76422882,-122.42694855
328,2014-03-13 17:17:00,"Mission Dolores, San Francisco",37.76422882,-122.42694855
329,2014-03-10 22:00:00,"Mission Dolores, San Francisco",37.76422882,-122.42694855
330,2014-03-10 14:49:00,"Mission Dolores, San Francisco",37.76422882,-122.42694855
331,2014-03-06 12:14:00,"Mission Dolores, San Francisco",37.76422882,-122.42694855
332,2014-03-05 11:28:00,"Boston, MA",42.35899353,-71.0586319
333,2014-03-04 15:44:00,"Orange, CT",41.2827301,-73.02842712
334,2014-03-03 10:11:00,"Queens, NY",40.75977707,-73.81729889
335,2014-03-03 06:35:00,"Austin, TX",30.26497841,-97.74659729
336,2014-03-01 09:08:00,"Blanco, TX",30.09667778,-98.42144775
337,2014-02-27 10:37:00,"South Carolina, USA",33.90394211,-80.89408112
338,2014-02-27 11:10:00,"Austin, TX",30.26497841,-97.74659729
339,2014-02-27 10:46:00,"Austin, TX",30.26497841,-97.74659729
340,2014-02-27 10:40:00,"Austin, TX",30.26497841,-97.74659729
341,2014-02-25 08:00:00,"California, USA",37.25466919,-119.61727905
342,2014-02-24 14:41:00,"Mission Dolores, San Francisco",37.76422882,-122.42694855
343,2014-02-21 20:49:00,"Mission Dolores, San Francisco",37.76422882,-122.42694855
344,2014-02-19 12:18:00,"Mission Dolores, San Francisco",37.76422882,-122.42694855
345,2014-02-16 11:11:00,"Mission Dolores, San Francisco",37.76422882,-122.42694855
346,2014-02-15 09:41:00,"Mission Dolores, San Francisco",37.76422882,-122.42694855
347,2014-02-14 12:34:00,"Castro, San Francisco",37.76095963,-122.43389893
348,2014-02-13 19:18:00,"Mission Dolores, San Francisco",37.76422882,-122.42694855
349,2014-02-09 16:17:00,"Mission Dolores, San Francisco",37.76422882,-122.42694855
350,2014-02-02 16:37:00,"San Francisco, CA",37.78007889,-122.42015839
351,2014-02-02 16:35:00,"Mission, San Francisco",37.76438904,-122.42702484
352,2014-02-02 12:50:00,"Mission Dolores, San Francisco",37.76422882,-122.42694855
353,2014-01-29 08:50:00,"Mission Dolores, San Francisco",37.76422882,-122.42694855
354,2014-01-28 22:14:00,"Honolulu, HI",21.30991936,-157.8581543
355,2014-01-28 21:57:00,"Mission Dolores, San Francisco",37.76422882,-122.42694855
356,2014-01-28 20:16:00,"Mission Dolores, San Francisco",37.76422882,-122.42694855
357,2014-01-28 11:10:00,"Mission, San Francisco",37.76438904,-122.42702484
358,2014-01-27 11:16:00,"Mission Dolores, San Francisco",37.76422882,-122.42694855
359,2014-01-27 11:16:00,"Mission Dolores, San Francisco",37.76422882,-122.42694855
360,2014-01-21 15:31:00,"Mission Dolores, San Francisco",37.76422882,-122.42694855
361,2014-01-15 22:52:00,"Mission Dolores, San Francisco",37.76422882,-122.42694855
362,2014-01-15 10:53:00,"San Francisco, CA",37.78007889,-122.42015839
363,2014-01-14 21:04:00,"Mission Dolores, San Francisco",37.76422882,-122.42694855
364,2014-01-11 10:38:00,"Mission Dolores, San Francisco",37.76422882,-122.42694855
365,2014-01-10 14:30:00,"San Francisco, CA",37.78007889,-122.42015839
366,2014-01-09 22:40:00,"California, USA",37.25466919,-119.61727905
367,2014-01-09 19:02:00,"Paradise, NV",36.11553574,-115.15795135
368,2014-01-08 18:06:00,"Winchester, NV",36.137043,-115.12306976
369,2014-01-05 19:30:00,"San Francisco, CA",37.78007889,-122.42015839
370,2014-01-04 17:14:00,"Mission Dolores, San Francisco",37.76422882,-122.42694855
371,2014-01-01 11:01:00,"Mission Dolores, San Francisco",37.76422882,-122.42694855
372,2013-12-31 17:32:00,"Mission Dolores, San Francisco",37.76422882,-122.42694855
373,2013-12-30 19:58:00,"Portland, OR",45.51601791,-122.681427
374,2013-12-29 13:38:00,"Portland, OR",45.51601791,-122.681427
375,2013-12-29 11:26:00,"Scappoose, OR",45.75769043,-122.87711334
376,2013-12-29 10:38:00,"Washington, USA",38.89206314,-77.01991272
377,2013-12-28 11:45:00,"Washington, USA",38.89206314,-77.01991272
378,2013-12-25 18:34:00,"Washington, USA",38.89206314,-77.01991272
379,2013-12-23 20:05:00,"Mission Dolores, San Francisco",37.76422882,-122.42694855
380,2013-12-21 07:32:00,"Totowa, NJ",40.90341568,-74.2161026
381,2013-12-19 11:36:00,"Mission Dolores, San Francisco",37.76422882,-122.42694855
382,2013-12-18 21:32:00,"Mission Dolores, San Francisco",37.76422882,-122.42694855
383,2013-12-18 17:51:00,"Mission Dolores, San Francisco",37.76422882,-122.42694855
384,2013-12-16 09:28:00,"Mission Dolores, San Francisco",37.76422882,-122.42694855
385,2013-12-13 15:14:00,"San Francisco, CA",37.78007889,-122.42015839
386,2013-12-13 16:01:00,"San Francisco, CA",37.78007889,-122.42015839
