,time,poi,latitude,longitude
0,2015-11-02 00:27:00,"Amsterdam, North Holland",52.37316513,4.89065981
1,2015-11-01 13:55:00,"Haarlemmermeer, Noord-Holland",52.30538559,4.69297981
2,2015-11-01 05:17:00,"Madrid, Comunidad de Madrid",40.41669083,-3.70034599
3,2015-10-31 07:55:00,"Madrid, Comunidad de Madrid",40.41669083,-3.70034599
4,2015-10-30 08:32:00,"Madrid, Comunidad de Madrid",40.41669083,-3.70034599
5,2015-10-30 03:33:00,"Madrid, Comunidad de Madrid",40.41669083,-3.70034599
6,2015-10-30 03:31:00,"Madrid, Comunidad de Madrid",40.41669083,-3.70034599
7,2015-10-29 07:05:00,"Madrid, Comunidad de Madrid",40.41669083,-3.70034599
8,2015-10-29 06:02:00,"Madrid, Comunidad de Madrid",40.41669083,-3.70034599
9,2015-10-29 01:10:00,"Tremblay-en-France, Ile-de-France",48.95000076,2.57220006
10,2015-10-29 00:20:00,"Paris, Ile-de-France",48.85689545,2.35084891
11,2015-10-28 14:02:00,"Paris, Ile-de-France",48.85689545,2.35084891
12,2015-10-28 13:23:00,"Paris, Ile-de-France",48.85689545,2.35084891
13,2015-10-28 05:28:00,"Paris, Ile-de-France",48.85689545,2.35084891
14,2015-10-28 04:42:00,"Paris, Ile-de-France",48.85689545,2.35084891
15,2015-10-27 16:13:00,"Paris, Ile-de-France",48.85689545,2.35084891
16,2015-10-27 12:09:00,"Paris, Ile-de-France",48.85689545,2.35084891
17,2015-10-27 10:59:00,"Paris, Ile-de-France",48.85689545,2.35084891
18,2015-10-27 01:19:00,"Paris, Ile-de-France",48.85689545,2.35084891
19,2015-10-27 00:32:00,"Paris, Ile-de-France",48.85689545,2.35084891
20,2015-10-26 08:16:00,"Assevillers, Picardie",49.89722443,2.83392
21,2015-10-26 08:16:00,"Assevillers, Picardie",49.89722443,2.83392
22,2015-10-26 06:26:00,"Laarne, België",51.0295639,3.85015893
23,2015-10-26 03:57:00,"Amsterdam, North Holland",52.37316513,4.89065981
24,2015-10-21 05:07:00,"Amsterdam, North Holland",52.37316513,4.89065981
25,2015-10-16 02:47:00,"Amsterdam, North Holland",52.37316513,4.89065981
26,2015-10-15 04:17:00,"Amsterdam, North Holland",52.37316513,4.89065981
27,2015-10-15 00:04:00,"Amsterdam, North Holland",52.37316513,4.89065981
28,2015-10-14 01:36:00,"Amsterdam, North Holland",52.37316513,4.89065981
29,2015-10-12 11:15:00,"Amsterdam, North Holland",52.37316513,4.89065981
30,2015-10-12 04:42:00,"Amsterdam, North Holland",52.37316513,4.89065981
31,2015-10-12 03:36:00,"Amsterdam, North Holland",52.37316513,4.89065981
32,2015-10-12 03:26:00,"Amsterdam, North Holland",52.37316513,4.89065981
33,2015-10-11 05:11:00,"Bloemendaal, Noord-Holland",52.40559387,4.62266016
34,2015-10-10 12:53:00,"Deventer, Overijssel",52.25588608,6.1613698
35,2015-10-10 09:53:00,"Olst-Wijhe, Overijssel",52.33746338,6.11236
36,2015-10-10 04:19:00,"Amstelveen, Noord-Holland",52.30569458,4.86251402
37,2015-10-09 23:46:00,"Amstelveen, Noord-Holland",52.30569458,4.86251402
38,2015-10-09 08:55:00,"Amstelveen, Noord-Holland",52.30569458,4.86251402
39,2015-10-09 07:07:00,"Amsterdam, North Holland",52.37316513,4.89065981
40,2015-10-09 03:43:00,"Crawley, England",51.11333847,-0.182914
41,2015-10-09 03:13:00,"Croydon, London",51.37236023,-0.100401
42,2015-10-08 14:54:00,"London, England",51.50015259,-0.12623601
43,2015-10-08 08:20:00,"Crawley, England",51.11333847,-0.182914
44,2015-10-06 01:19:00,"Amsterdam, North Holland",52.37316513,4.89065981
45,2015-10-04 01:15:00,"Amstelveen, Noord-Holland",52.30569458,4.86251402
46,2015-10-03 23:32:00,"Amstelveen, Noord-Holland",52.30569458,4.86251402
47,2015-10-02 02:51:00,"Amsterdam, North Holland",52.37316513,4.89065981
48,2015-10-02 00:56:00,"Amsterdam, North Holland",52.37316513,4.89065981
49,2015-09-29 02:18:00,"Amsterdam, North Holland",52.37316513,4.89065981
50,2015-09-27 07:56:00,"Amstelveen, Noord-Holland",52.30569458,4.86251402
51,2015-09-25 23:16:00,"Amstelveen, Noord-Holland",52.30569458,4.86251402
52,2015-09-25 09:19:00,"Amstelveen, Noord-Holland",52.30569458,4.86251402
53,2015-09-24 23:45:00,"Amsterdam, North Holland",52.37316513,4.89065981
54,2015-09-24 02:36:00,"Amsterdam, North Holland",52.37316513,4.89065981
55,2015-09-23 14:24:00,"Amsterdam, North Holland",52.37316513,4.89065981
56,2015-09-23 13:28:00,"Haarlemmermeer, Noord-Holland",52.30538559,4.69297981
57,2015-09-23 09:23:00,"London, England",51.50015259,-0.12623601
58,2015-09-23 02:09:00,"London, England",51.50015259,-0.12623601
59,2015-09-22 23:03:00,"Crawley, England",51.11333847,-0.182914
60,2015-09-22 20:56:00,"Haarlemmermeer, Noord-Holland",52.30538559,4.69297981
61,2015-09-20 23:29:00,"Amsterdam, North Holland",52.37316513,4.89065981
62,2015-09-20 05:44:00,"Koggenland, Noord-Holland",52.63051605,4.94485807
63,2015-09-18 11:19:00,"Amsterdam, North Holland",52.37316513,4.89065981
64,2015-09-16 03:38:00,"Amsterdam, North Holland",52.37316513,4.89065981
65,2015-09-15 23:56:00,"Amsterdam, North Holland",52.37316513,4.89065981
66,2015-09-15 00:48:00,"Amsterdam, North Holland",52.37316513,4.89065981
67,2015-09-14 07:00:00,"Amsterdam, North Holland",52.37316513,4.89065981
68,2015-09-11 23:37:00,"Uithoorn, Noord-Holland",52.23452759,4.82897377
69,2015-09-11 07:41:00,"Amstelveen, Noord-Holland",52.30569458,4.86251402
70,2015-09-07 10:45:00,"Sant Josep de sa Talaia, Illes Balears",38.92173386,1.29342997
71,2015-09-04 03:51:00,"City of London, London",51.51332855,-0.088947
72,2015-09-02 09:29:00,"Poplar, London",51.50878143,-0.010522
73,2015-08-26 04:33:00,"Bath, England",51.38488388,-2.36196899
74,2015-08-25 02:37:00,"Haarlemmermeer, Noord-Holland",52.30538559,4.69297981
75,2015-08-23 23:58:00,"Amsterdam, North Holland",52.37316513,4.89065981
76,2015-08-22 07:17:00,"Deventer, Overijssel",52.25588608,6.1613698
77,2015-08-19 06:33:00,"Amsterdam, North Holland",52.37316513,4.89065981
78,2015-08-15 09:54:00,"Amstelveen, Noord-Holland",52.30569458,4.86251402
79,2015-08-15 03:46:00,"Amstelveen, Noord-Holland",52.30569458,4.86251402
80,2015-08-14 04:36:00,"Laren, Noord-Holland",52.25680923,5.22404289
81,2015-08-13 06:54:00,"Amsterdam, North Holland",52.37316513,4.89065981
82,2015-08-12 06:17:00,"Amsterdam, North Holland",52.37316513,4.89065981
83,2015-08-12 02:38:00,"De Ronde Venen, Utrecht",52.20760345,4.86582279
84,2015-08-11 23:37:00,"Amsterdam, North Holland",52.37316513,4.89065981
85,2015-08-11 06:39:00,"Amsterdam, North Holland",52.37316513,4.89065981
86,2015-08-11 05:23:00,"Amsterdam, North Holland",52.37316513,4.89065981
87,2015-08-10 23:59:00,"Amsterdam, North Holland",52.37316513,4.89065981
88,2015-08-10 00:38:00,"Amsterdam, North Holland",52.37316513,4.89065981
89,2015-08-07 09:58:00,"Amsterdam, North Holland",52.37316513,4.89065981
90,2015-08-07 07:29:00,"Amsterdam, North Holland",52.37316513,4.89065981
91,2015-08-05 03:20:00,"Amsterdam, North Holland",52.37316513,4.89065981
92,2015-07-27 00:21:00,"Amsterdam, North Holland",52.37316513,4.89065981
93,2015-07-14 09:49:00,"Castricum, Noord-Holland",52.54653931,4.66232777
94,2015-07-03 10:19:00,"Amsterdam, North Holland",52.37316513,4.89065981
95,2015-06-25 02:20:00,"Amsterdam, North Holland",52.37316513,4.89065981
96,2015-06-13 03:12:00,"Amsterdam, North Holland",52.37316513,4.89065981
97,2015-06-04 21:45:00,"Amsterdam, North Holland",52.37316513,4.89065981
98,2015-05-25 23:44:00,"Amstelveen, Noord-Holland",52.30569458,4.86251402
99,2015-05-22 23:29:00,"Amstelveen, Noord-Holland",52.30569458,4.86251402
100,2015-05-21 11:59:00,"Amsterdam, North Holland",52.37316513,4.89065981
101,2015-05-20 23:52:00,"Utrecht, The Netherlands",52.09168243,5.12036324
102,2015-05-05 02:16:00,"Velsen, Noord-Holland",52.46910858,4.64432287
103,2015-04-13 01:51:00,"Amsterdam, North Holland",52.37316513,4.89065981
104,2015-04-12 07:52:00,"Amsterdam, North Holland",52.37316513,4.89065981
105,2015-04-10 00:56:00,"Utrecht, The Netherlands",52.09168243,5.12036324
106,2015-04-01 08:48:00,"Amsterdam, North Holland",52.37316513,4.89065981
107,2015-03-28 05:30:00,"De Ronde Venen, Utrecht",52.20760345,4.86582279
108,2015-03-28 00:21:00,"Bloemendaal, Noord-Holland",52.40559387,4.62266016
109,2015-03-27 23:39:00,"Amstelveen, Noord-Holland",52.30569458,4.86251402
110,2015-03-26 02:23:00,"Amsterdam, North Holland",52.37316513,4.89065981
111,2015-03-14 00:31:00,"Amstelveen, Noord-Holland",52.30569458,4.86251402
112,2015-03-08 04:35:00,"Haarlem, North Holland",52.37949371,4.6377182
113,2015-02-16 00:30:00,"Amsterdam, North Holland",52.37316513,4.89065981
114,2015-02-03 00:05:00,"Amsterdam, North Holland",52.37316513,4.89065981
115,2015-01-20 03:22:00,"Amsterdam, North Holland",52.37316513,4.89065981
116,2015-01-09 07:12:00,"Amsterdam, North Holland",52.37316513,4.89065981
117,2015-01-06 23:15:00,"Amsterdam, North Holland",52.37316513,4.89065981
118,2015-01-06 09:27:00,"Amsterdam, North Holland",52.37316513,4.89065981
119,2015-01-03 06:00:00,"Utrecht, The Netherlands",52.09168243,5.12036324
120,2014-12-29 00:18:00,"Amsterdam, North Holland",52.37316513,4.89065981
121,2014-12-19 01:30:00,"Amsterdam, North Holland",52.37316513,4.89065981
122,2014-12-17 00:09:00,"Amsterdam, North Holland",52.37316513,4.89065981
123,2014-12-10 00:36:00,"Amsterdam, North Holland",52.37316513,4.89065981
124,2014-12-08 10:06:00,"Amsterdam, North Holland",52.37316513,4.89065981
125,2014-12-05 00:13:00,"Amsterdam, North Holland",52.37316513,4.89065981
126,2014-12-03 23:53:00,"Amsterdam, North Holland",52.37316513,4.89065981
127,2014-12-02 04:13:00,"Amsterdam, North Holland",52.37316513,4.89065981
128,2014-11-30 23:50:00,"Amsterdam, North Holland",52.37316513,4.89065981
129,2014-11-28 02:50:00,"Amsterdam, North Holland",52.37316513,4.89065981
130,2014-11-27 05:26:00,"Amsterdam, North Holland",52.37316513,4.89065981
131,2014-11-26 08:52:00,"Amsterdam, North Holland",52.37316513,4.89065981
132,2014-11-26 04:17:00,"Amsterdam, North Holland",52.37316513,4.89065981
133,2014-11-24 23:49:00,"Amsterdam, North Holland",52.37316513,4.89065981
134,2014-11-20 11:36:00,"Amsterdam, North Holland",52.37316513,4.89065981
135,2014-11-20 08:01:00,"Amsterdam, North Holland",52.37316513,4.89065981
136,2014-11-20 02:23:00,"Amsterdam, North Holland",52.37316513,4.89065981
137,2014-11-20 00:51:00,"Amsterdam, North Holland",52.37316513,4.89065981
138,2014-11-20 01:27:00,"Amsterdam, North Holland",52.37316513,4.89065981
139,2014-11-19 23:56:00,"Amsterdam, North Holland",52.37316513,4.89065981
140,2014-11-19 02:37:00,"Amsterdam, North Holland",52.37316513,4.89065981
141,2014-11-17 09:17:00,"Amstelveen, Noord-Holland",52.30569458,4.86251402
142,2014-11-17 02:51:00,"Amsterdam, North Holland",52.37316513,4.89065981
143,2014-11-16 03:17:00,"Heerhugowaard, Noord-Holland",52.66954041,4.8471899
144,2014-11-15 15:08:00,"Amsterdam, North Holland",52.37316513,4.89065981
145,2014-11-14 00:45:00,"Amsterdam, North Holland",52.37316513,4.89065981
146,2014-11-13 02:21:00,"Amsterdam, North Holland",52.37316513,4.89065981
147,2014-11-11 01:27:00,"Amsterdam, North Holland",52.37316513,4.89065981
148,2014-11-07 03:13:00,"Diemen, Noord-Holland",52.34203339,4.96155977
149,2014-11-10 05:26:00,"Amsterdam, North Holland",52.37316513,4.89065981
150,2014-11-09 02:16:00,"Bloemendaal, Noord-Holland",52.40559387,4.62266016
151,2014-11-08 00:16:00,"Amstelveen, Noord-Holland",52.30569458,4.86251402
152,2014-11-07 07:09:00,"Amsterdam, North Holland",52.37316513,4.89065981
153,2014-11-06 04:19:00,"Amsterdam, North Holland",52.37316513,4.89065981
154,2014-11-05 11:34:00,"Amsterdam, North Holland",52.37316513,4.89065981
155,2014-11-05 00:04:00,"Amsterdam, North Holland",52.37316513,4.89065981
156,2014-11-03 01:25:00,"Amsterdam, North Holland",52.37316513,4.89065981
157,2014-11-01 15:56:00,"Amsterdam, North Holland",52.37316513,4.89065981
158,2014-10-31 09:44:00,"Amsterdam, North Holland",52.37316513,4.89065981
159,2014-10-31 08:30:00,"Amsterdam, North Holland",52.37316513,4.89065981
160,2014-10-29 09:50:00,"Amsterdam, North Holland",52.37316513,4.89065981
161,2014-10-26 05:11:00,"Amstelveen, Noord-Holland",52.30569458,4.86251402
162,2014-10-25 10:23:00,"Amsterdam, North Holland",52.37316513,4.89065981
163,2014-10-24 23:48:00,"Bloemendaal, Noord-Holland",52.40559387,4.62266016
164,2014-10-17 08:36:00,"Amsterdam, North Holland",52.37316513,4.89065981
165,2014-10-17 02:32:00,"Assen, Bonaire, Sint Eustatius and Saba",12.4353779,-69.90791655
166,2014-10-16 10:53:00,"Assen, Bonaire, Sint Eustatius and Saba",12.4353779,-69.90791655
167,2014-10-15 09:43:00,"Assen, Bonaire, Sint Eustatius and Saba",12.4353779,-69.90791655
168,2014-10-15 00:36:00,"Assen, Bonaire, Sint Eustatius and Saba",12.4353779,-69.90791655
169,2014-10-14 00:06:00,"Vianen, Utrecht",51.99259186,5.09658289
170,2014-10-11 07:14:00,"Rotterdam, South Holland",51.9229126,4.47058487
171,2014-10-11 06:17:00,"Rotterdam, South Holland",51.9229126,4.47058487
172,2014-10-09 23:59:00,"Assen, Bonaire, Sint Eustatius and Saba",12.4353779,-69.90791655
173,2014-10-09 22:43:00,"Ooststellingwerf, Friesland",52.99129868,6.2920928
174,2014-10-09 14:23:00,"Ooststellingwerf, Friesland",52.99129868,6.2920928
175,2014-10-09 05:05:00,"Vianen, Utrecht",51.99259186,5.09658289
176,2014-10-08 10:24:00,"Ooststellingwerf, Friesland",52.99129868,6.2920928
177,2014-10-08 08:17:00,"Assen, Bonaire, Sint Eustatius and Saba",12.4353779,-69.90791655
178,2014-10-07 22:42:00,"Amsterdam, North Holland",52.37316513,4.89065981
179,2014-10-05 23:34:00,"Amstelveen, Noord-Holland",52.30569458,4.86251402
180,2014-10-03 23:43:00,"Amstelveen, Noord-Holland",52.30569458,4.86251402
181,2014-10-03 08:53:00,"Amstelveen, Noord-Holland",52.30569458,4.86251402
182,2014-10-01 03:34:00,"Amsterdam, North Holland",52.37316513,4.89065981
183,2014-09-30 06:11:00,"Amsterdam, North Holland",52.37316513,4.89065981
184,2014-09-27 05:56:00,"Amsterdam, North Holland",52.37316513,4.89065981
185,2014-09-26 08:13:00,"Amstelveen, Noord-Holland",52.30569458,4.86251402
186,2014-09-25 23:30:00,"Amsterdam, North Holland",52.37316513,4.89065981
187,2014-09-25 08:58:00,"Vianen, Utrecht",51.99259186,5.09658289
188,2014-09-23 01:36:00,"Amsterdam, North Holland",52.37316513,4.89065981
189,2014-09-23 01:13:00,"Ouder-Amstel, Noord-Holland",52.29590607,4.90302992
190,2014-09-22 12:43:00,"Amsterdam, North Holland",52.37316513,4.89065981
191,2014-09-22 10:26:00,"Amsterdam, North Holland",52.37316513,4.89065981
192,2014-09-22 09:08:00,"Amsterdam, North Holland",52.37316513,4.89065981
193,2014-09-21 04:03:00,"Amstelveen, Noord-Holland",52.30569458,4.86251402
194,2014-09-19 07:17:00,"Amsterdam, North Holland",52.37316513,4.89065981
195,2014-09-17 08:58:00,"Amsterdam, North Holland",52.37316513,4.89065981
196,2014-09-14 23:54:00,"Gouda, Zuid-Holland",52.01026917,4.70983315
197,2014-09-14 04:42:00,"Amstelveen, Noord-Holland",52.30569458,4.86251402
198,2014-09-12 22:43:00,"Amstelveen, Noord-Holland",52.30569458,4.86251402
199,2014-09-12 08:18:00,"Amstelveen, Noord-Holland",52.30569458,4.86251402
200,2014-09-10 07:45:00,"Amsterdam, North Holland",52.37316513,4.89065981
201,2014-09-10 01:01:00,"Amsterdam, North Holland",52.37316513,4.89065981
202,2014-09-09 04:58:00,"Amsterdam, North Holland",52.37316513,4.89065981
203,2014-09-09 01:34:00,"Amsterdam, North Holland",52.37316513,4.89065981
204,2014-09-07 01:16:00,"Amsterdam, North Holland",52.37316513,4.89065981
205,2014-09-02 04:48:00,"Amsterdam, North Holland",52.37316513,4.89065981
206,2014-09-01 04:28:00,"Amsterdam, North Holland",52.37316513,4.89065981
207,2014-08-30 05:54:00,"Haarlemmerliede en Spaarnwoude, Noord-Holland",52.43309021,4.69780493
208,2014-08-30 05:13:00,"Haarlem, North Holland",52.37949371,4.6377182
209,2014-08-24 05:32:00,"Amstelveen, Noord-Holland",52.30569458,4.86251402
210,2014-08-23 07:20:00,"Amsterdam, North Holland",52.37316513,4.89065981
211,2014-08-23 06:09:00,"Amsterdam, North Holland",52.37316513,4.89065981
212,2014-08-23 02:39:00,"Amsterdam, North Holland",52.37316513,4.89065981
213,2014-08-23 01:26:00,"Amsterdam, North Holland",52.37316513,4.89065981
214,2014-08-18 01:02:00,"Amsterdam, North Holland",52.37316513,4.89065981
215,2014-08-13 23:33:00,"Amsterdam, North Holland",52.37316513,4.89065981
216,2014-08-13 03:35:00,"Amsterdam, North Holland",52.37316513,4.89065981
217,2014-07-09 03:20:00,"Amsterdam, North Holland",52.37316513,4.89065981
218,2014-07-08 00:54:00,"Amsterdam, North Holland",52.37316513,4.89065981
219,2014-07-03 01:27:00,"Amsterdam, North Holland",52.37316513,4.89065981
220,2014-07-01 23:29:00,"Amsterdam, North Holland",52.37316513,4.89065981
221,2014-06-30 23:27:00,"Amsterdam, North Holland",52.37316513,4.89065981
222,2014-06-28 02:56:00,"Amsterdam, North Holland",52.37316513,4.89065981
223,2014-06-23 09:48:00,"Amsterdam, North Holland",52.37316513,4.89065981
224,2014-06-22 10:07:00,"Amstelveen, Noord-Holland",52.30569458,4.86251402
225,2014-06-15 01:38:00,"Amstelveen, Noord-Holland",52.30569458,4.86251402
226,2014-06-14 01:24:00,"Amstelveen, Noord-Holland",52.30569458,4.86251402
227,2014-06-13 02:42:00,"The Hague, South Holland",52.08019638,4.31013298
228,2014-06-12 10:12:00,"Amsterdam, North Holland",52.37316513,4.89065981
229,2014-06-11 01:25:00,"Amsterdam, North Holland",52.37316513,4.89065981
230,2014-06-10 11:11:00,"Loenen, Utrecht",52.21699905,5.0170002
231,2014-06-09 04:01:00,"Amsterdam, North Holland",52.37316513,4.89065981
232,2014-06-09 03:46:00,"Amsterdam, North Holland",52.37316513,4.89065981
233,2014-06-09 03:42:00,"Amsterdam, North Holland",52.37316513,4.89065981
234,2014-06-09 03:00:00,"Amsterdam, North Holland",52.37316513,4.89065981
235,2014-06-08 06:36:00,"Amstelveen, Noord-Holland",52.30569458,4.86251402
236,2014-06-08 04:57:00,"Amsterdam, North Holland",52.37316513,4.89065981
237,2014-06-08 03:22:00,"Amsterdam, North Holland",52.37316513,4.89065981
238,2014-06-08 02:44:00,"Amsterdam, North Holland",52.37316513,4.89065981
239,2014-06-07 06:05:00,"Amsterdam, North Holland",52.37316513,4.89065981
240,2014-06-06 10:43:00,"Amsterdam, North Holland",52.37316513,4.89065981
241,2014-06-06 07:54:00,"Amsterdam, North Holland",52.37316513,4.89065981
242,2014-06-06 06:06:00,"Amsterdam, North Holland",52.37316513,4.89065981
243,2014-06-06 01:39:00,"Amsterdam, North Holland",52.37316513,4.89065981
244,2014-06-05 10:42:00,"Amsterdam, North Holland",52.37316513,4.89065981
245,2014-06-05 09:14:00,"Amsterdam, North Holland",52.37316513,4.89065981
246,2014-06-05 08:10:00,"Amsterdam, North Holland",52.37316513,4.89065981
247,2014-06-05 07:21:00,"Amsterdam, North Holland",52.37316513,4.89065981
248,2014-06-05 02:31:00,"Amsterdam, North Holland",52.37316513,4.89065981
249,2014-05-27 15:03:00,"Amsterdam, North Holland",52.37316513,4.89065981
250,2014-05-25 07:57:00,"Amsterdam, North Holland",52.37316513,4.89065981
251,2014-05-24 01:54:00,"Amstelveen, Noord-Holland",52.30569458,4.86251402
252,2014-05-23 01:41:00,"Amsterdam, North Holland",52.37316513,4.89065981
253,2014-05-23 01:39:00,"Amsterdam, North Holland",52.37316513,4.89065981
254,2014-05-22 11:39:00,"Rotterdam, South Holland",51.9229126,4.47058487
255,2014-05-15 23:36:00,"Amsterdam, North Holland",52.37316513,4.89065981
256,2014-05-14 10:07:00,"Amsterdam, North Holland",52.37316513,4.89065981
257,2014-05-11 23:28:00,"Gouda, Zuid-Holland",52.01026917,4.70983315
258,2014-05-11 00:50:00,"Beverwijk, Noord-Holland",52.48577118,4.65815306
259,2014-05-11 00:31:00,"Beverwijk, Noord-Holland",52.48577118,4.65815306
260,2014-05-07 09:25:00,"Amsterdam, North Holland",52.37316513,4.89065981
261,2014-05-03 03:13:00,"Huizen, Noord-Holland",52.29790497,5.23665905
262,2014-04-28 04:17:00,"Amsterdam, North Holland",52.37316513,4.89065981
263,2014-04-27 08:33:00,"Amsterdam, North Holland",52.37316513,4.89065981
264,2014-04-27 07:21:00,"Amsterdam, North Holland",52.37316513,4.89065981
265,2014-04-21 07:02:00,"Amsterdam, North Holland",52.37316513,4.89065981
266,2014-04-20 07:16:00,"Etten-Leur, Noord-Brabant",51.569664,4.636127
267,2014-04-20 05:03:00,"Etten-Leur, Noord-Brabant",51.569664,4.636127
268,2014-04-20 05:03:00,"Etten-Leur, Noord-Brabant",51.569664,4.636127
269,2014-04-19 06:03:00,"Amsterdam, North Holland",52.37316513,4.89065981
270,2014-04-17 04:39:00,"The Hague, South Holland",52.08019638,4.31013298
271,2014-04-15 05:55:00,"Vianen, Utrecht",51.99259186,5.09658289
272,2014-04-11 23:31:00,"Uitgeest, Noord-Holland",52.53002167,4.70942688
273,2014-04-05 01:46:00,"Amstelveen, Noord-Holland",52.30569458,4.86251402
274,2014-03-29 08:51:00,"Amsterdam, North Holland",52.37316513,4.89065981
275,2014-03-29 01:08:00,"Amstelveen, Noord-Holland",52.30569458,4.86251402
276,2014-03-04 23:35:00,"Rotterdam, South Holland",51.9229126,4.47058487
277,2014-03-01 05:03:00,"Heerenveen, Friesland",52.95652771,5.92621899
278,2014-03-01 04:47:00,"Heerenveen, Friesland",52.95652771,5.92621899
279,2014-02-28 03:40:00,"Olst-Wijhe, Overijssel",52.33746338,6.11236
280,2014-02-27 10:18:00,"Deventer, Overijssel",52.25588608,6.1613698
281,2014-02-26 22:09:00,"Deventer, Overijssel",52.25588608,6.1613698
282,2014-02-23 03:59:00,"Deventer, Overijssel",52.25588608,6.1613698
283,2014-02-22 05:07:00,"Barneveld, Gelderland",52.1404686,5.58351707
284,2014-02-21 13:06:00,"Amsterdam, North Holland",52.37316513,4.89065981
285,2014-02-19 23:01:00,"Rotterdam, South Holland",51.9229126,4.47058487
286,2014-02-18 22:32:00,"Rotterdam, South Holland",51.9229126,4.47058487
287,2014-02-12 04:33:00,"Rotterdam, South Holland",51.9229126,4.47058487
288,2014-02-12 04:31:00,"Rotterdam, South Holland",51.9229126,4.47058487
289,2014-02-08 09:39:00,"Amstelveen, Noord-Holland",52.30569458,4.86251402
290,2014-02-08 01:47:00,"Amstelveen, Noord-Holland",52.30569458,4.86251402
291,2014-02-06 01:43:00,"Rotterdam, South Holland",51.9229126,4.47058487
292,2014-01-24 13:54:00,"Amsterdam, North Holland",52.37316513,4.89065981
293,2014-01-24 00:38:00,"Rotterdam, South Holland",51.9229126,4.47058487
294,2014-01-23 08:14:00,"Rotterdam, South Holland",51.9229126,4.47058487
295,2014-01-21 06:38:00,"Amstelveen, Noord-Holland",52.30569458,4.86251402
296,2014-01-09 00:22:00,"Rotterdam, South Holland",51.9229126,4.47058487
297,2014-01-08 00:09:00,"Rotterdam, South Holland",51.9229126,4.47058487
298,2014-01-07 03:00:00,"Delft, Zuid-Holland",52.01189804,4.36025715
299,2014-01-06 01:37:00,"Rotterdam, South Holland",51.9229126,4.47058487
300,2014-01-05 23:29:00,"Gouda, Zuid-Holland",52.01026917,4.70983315
301,2013-12-27 03:29:00,"Utrecht, The Netherlands",52.09168243,5.12036324
302,2013-12-22 23:51:00,"Rotterdam, South Holland",51.9229126,4.47058487
303,2013-12-19 00:07:00,"Delft, Zuid-Holland",52.01189804,4.36025715
304,2013-12-18 06:29:00,"Rotterdam, South Holland",51.9229126,4.47058487
305,2013-12-17 01:02:00,"Rotterdam, South Holland",51.9229126,4.47058487
306,2013-12-16 01:10:00,"Rotterdam, South Holland",51.9229126,4.47058487
307,2013-12-16 00:52:00,"Delft, Zuid-Holland",52.01189804,4.36025715
308,2013-12-15 23:00:00,"Delft, Zuid-Holland",52.01189804,4.36025715
309,2013-12-11 23:55:00,"Rotterdam, South Holland",51.9229126,4.47058487
310,2013-12-07 00:09:00,"Amstelveen, Noord-Holland",52.30569458,4.86251402
311,2013-12-05 06:50:00,"Rotterdam, South Holland",51.9229126,4.47058487
312,2013-11-21 10:50:00,"Amsterdam, North Holland",52.37316513,4.89065981
313,2013-11-21 00:30:00,"Amsterdam, North Holland",52.37316513,4.89065981
314,2013-11-15 23:33:00,"Amstelveen, Noord-Holland",52.30569458,4.86251402
315,2013-11-12 00:34:00,"Amsterdam, North Holland",52.37316513,4.89065981
316,2013-11-09 02:56:00,"Amsterdam, North Holland",52.37316513,4.89065981
317,2013-11-09 00:40:00,"Amstelveen, Noord-Holland",52.30569458,4.86251402
318,2013-11-02 09:32:00,"Amsterdam, North Holland",52.37316513,4.89065981
319,2013-11-02 01:27:00,"Amstelveen, Noord-Holland",52.30569458,4.86251402
320,2013-10-29 04:23:00,"Amsterdam, North Holland",52.37316513,4.89065981
321,2013-10-29 04:05:00,"Amsterdam, North Holland",52.37316513,4.89065981
322,2013-10-29 01:58:00,"Amsterdam, North Holland",52.37316513,4.89065981
323,2013-10-27 06:35:00,"Haarlemmermeer, Noord-Holland",52.30538559,4.69297981
324,2013-10-24 23:28:00,"Amsterdam, North Holland",52.37316513,4.89065981
325,2013-10-24 00:05:00,"Amsterdam, North Holland",52.37316513,4.89065981
326,2013-10-18 08:34:00,"Amsterdam, North Holland",52.37316513,4.89065981
327,2013-10-18 03:35:00,"Amsterdam, North Holland",52.37316513,4.89065981
328,2013-10-16 14:50:00,"Amsterdam, North Holland",52.37316513,4.89065981
329,2013-10-16 10:26:00,"Paris, Île-de-France",48.85689545,2.35084891
330,2013-10-16 00:51:00,"Paris, Île-de-France",48.85689545,2.35084891
331,2013-10-15 11:48:00,"Paris, Île-de-France",48.85689545,2.35084891
332,2013-10-15 10:14:00,"Sint-Gillis, België",50.81700134,4.3499999
333,2013-10-14 06:54:00,"Amsterdam, North Holland",52.37316513,4.89065981
334,2013-10-13 03:21:00,"Haarlemmermeer, Noord-Holland",52.30538559,4.69297981
335,2013-10-02 02:34:00,"Amsterdam, North Holland",52.37316513,4.89065981
336,2013-09-29 02:34:00,"Bloemendaal, Noord-Holland",52.40559387,4.62266016
337,2013-09-24 06:10:00,"Amsterdam, North Holland",52.37316513,4.89065981
338,2013-09-24 02:03:00,"Amsterdam, North Holland",52.37316513,4.89065981
339,2013-09-22 07:05:00,"Amstelveen, Noord-Holland",52.30569458,4.86251402
340,2013-09-20 23:50:00,"Amstelveen, Noord-Holland",52.30569458,4.86251402
341,2013-09-18 02:04:00,"Amsterdam, North Holland",52.37316513,4.89065981
342,2013-09-17 11:13:00,"Amstelveen, Noord-Holland",52.30569458,4.86251402
343,2013-09-16 05:29:00,"Amsterdam, North Holland",52.37316513,4.89065981
344,2013-09-14 00:00:00,"Amstelveen, Noord-Holland",52.30569458,4.86251402
345,2013-09-13 01:02:00,"Diemen, Noord-Holland",52.34203339,4.96155977
346,2013-09-13 01:01:00,"Diemen, Noord-Holland",52.34203339,4.96155977
347,2013-09-12 02:30:00,"Diemen, Noord-Holland",52.34203339,4.96155977
348,2013-09-10 03:05:00,"Amsterdam, North Holland",52.37316513,4.89065981
349,2013-09-10 00:48:00,"Amsterdam, North Holland",52.37316513,4.89065981
350,2013-09-09 03:39:00,"Amsterdam, North Holland",52.37316513,4.89065981
351,2013-09-08 06:49:00,"Amstelveen, Noord-Holland",52.30569458,4.86251402
352,2013-09-06 23:58:00,"Amsterdam, North Holland",52.37316513,4.89065981
353,2013-09-05 12:03:00,"Haarlemmermeer, Noord-Holland",52.30538559,4.69297981
354,2013-09-05 09:09:00,"Luton, England",51.87965012,-0.41755801
355,2013-09-05 02:46:00,"Westminster, London",51.50015259,-0.12623601
356,2013-09-05 02:11:00,"Tower Hamlets, London",51.51740265,-0.032281
357,2013-09-05 02:09:00,"Westminster, London",51.50015259,-0.12623601
358,2013-09-04 12:01:00,"Westminster, London",51.50015259,-0.12623601
359,2013-09-04 11:50:00,"Westminster, London",51.50015259,-0.12623601
360,2013-09-04 09:33:00,"Crawley, England",51.11333847,-0.182914
361,2013-09-04 06:04:00,"Haarlemmermeer, Noord-Holland",52.30538559,4.69297981
362,2013-09-03 23:45:00,"Amsterdam, North Holland",52.37316513,4.89065981
363,2013-09-02 23:41:00,"Amsterdam, North Holland",52.37316513,4.89065981
364,2013-08-28 04:25:00,"Amsterdam, North Holland",52.37316513,4.89065981
365,2013-08-26 23:07:00,"Amsterdam, North Holland",52.37316513,4.89065981
366,2013-08-24 04:10:00,"De Ronde Venen, Utrecht",52.20760345,4.86582279
367,2013-08-23 03:02:00,"Amsterdam, North Holland",52.37316513,4.89065981
368,2013-08-22 04:07:00,"Amsterdam, North Holland",52.37316513,4.89065981
369,2013-08-22 00:01:00,"Amsterdam, North Holland",52.37316513,4.89065981
370,2013-08-21 10:45:00,"De Ronde Venen, Utrecht",52.20760345,4.86582279
371,2013-08-19 23:58:00,"Amsterdam, North Holland",52.37316513,4.89065981
372,2013-08-19 00:12:00,"Amsterdam, North Holland",52.37316513,4.89065981
373,2013-08-18 03:54:00,"Velsen, Noord-Holland",52.46910858,4.64432287
374,2013-08-14 23:58:00,"Amsterdam, North Holland",52.37316513,4.89065981
375,2013-08-13 05:23:00,"Amsterdam, North Holland",52.37316513,4.89065981
376,2013-08-12 02:50:00,TomTom,60.62182999,10.73786354
377,2013-08-10 08:26:00,"Amstelveen, Noord-Holland",52.30569458,4.86251402
378,2013-08-10 05:43:00,"Amsterdam, North Holland",52.37316513,4.89065981
379,2013-08-09 11:36:00,The Beach,35.03325272,-81.84873962
380,2013-08-09 11:35:00,The Beach,35.03325272,-81.84873962
381,2013-08-08 23:44:00,"Amsterdam, North Holland",52.37316513,4.89065981
382,2013-08-08 00:04:00,TomTom,60.62182999,10.73786354
383,2013-08-07 01:56:00,TomTom,60.62182999,10.73786354
384,2013-08-06 03:30:00,TomTom,60.62182999,10.73786354
385,2013-08-06 02:38:00,TomTom,60.62182999,10.73786354
386,2013-08-05 02:15:00,TomTom,60.62182999,10.73786354
387,2013-08-05 00:29:00,TomTom,60.62182999,10.73786354
388,2013-08-02 03:08:00,"Amsterdam, North Holland",52.37316513,4.89065981
389,2013-08-01 23:57:00,TomTom,60.62182999,10.73786354
390,2013-07-31 01:52:00,TomTom,60.62182999,10.73786354
391,2013-07-31 00:05:00,TomTom,60.62182999,10.73786354
392,2013-07-29 06:01:00,TomTom,60.62182999,10.73786354
393,2013-07-22 03:22:00,TomTom,60.62182999,10.73786354
394,2013-07-19 06:41:00,De Roef,51.8016,4.95952
395,2013-07-16 11:11:00,"Castricum, Noord-Holland",52.54653931,4.66232777
396,2013-07-16 06:10:00,"Castricum, Noord-Holland",52.54653931,4.66232777
397,2013-07-15 11:07:00,Bakkum,52.56578827,4.65468979
398,2013-07-14 09:47:00,Bakkum,52.56578827,4.65468979
399,2013-07-13 10:47:00,"Castricum, Noord-Holland",52.54653931,4.66232777
400,2013-07-13 07:35:00,"Castricum, Noord-Holland",52.54653931,4.66232777
401,2013-07-13 00:19:00,"Castricum, Noord-Holland",52.54653931,4.66232777
402,2013-07-13 00:15:00,Bakkum,52.56578827,4.65468979
403,2013-07-12 12:40:00,Bakkum,52.56578827,4.65468979
404,2013-07-09 23:51:00,Bakkum,52.56578827,4.65468979
405,2013-07-09 06:19:00,"Castricum, Noord-Holland",52.54653931,4.66232777
406,2013-07-09 03:27:00,Bakkum,52.56578827,4.65468979
407,2013-07-08 08:00:00,"Castricum, Noord-Holland",52.54653931,4.66232777
408,2013-07-08 03:00:00,Bakkum,52.56578827,4.65468979
409,2013-07-07 07:09:00,"Amsterdam, North Holland",52.37316513,4.89065981
410,2013-07-06 08:10:00,"Amstelveen, Noord-Holland",52.30569458,4.86251402
411,2013-07-06 04:32:00,Bakkum,52.56578827,4.65468979
412,2013-07-05 02:36:00,"Amstelveen, Noord-Holland",52.30569458,4.86251402
413,2013-07-04 05:57:00,De Uitkijk,51.68002,5.04001
414,2013-07-04 03:09:00,Triangel,52.51177979,10.58260918
415,2013-07-04 02:24:00,"AMS Amsterdam Airport Schiphol Vliegveld, Amsterdam",52.30157,4.79669
416,2013-07-03 22:36:00,"el Prat de Llobregat, Catalunya",41.33047485,2.09314895
417,2013-07-03 22:35:00,"el Prat de Llobregat, Catalunya",41.33047485,2.09314895
418,2013-07-03 07:41:00,"Vilassar de Mar, Catalunya",41.50162125,2.39089608
419,2013-07-03 04:02:00,"Vilassar de Mar, Catalunya",41.50162125,2.39089608
420,2013-07-02 14:55:00,Cabrera,39.14517593,2.94381809
421,2013-07-02 07:54:00,"Barcelona, Catalonia",41.38791656,2.16991901
422,2013-07-02 06:30:00,"Barcelona, Catalonia",41.38791656,2.16991901
423,2013-07-02 06:12:00,Museu d'Història de la Ciutat de Barcelona,41.38392639,2.17774391
424,2013-07-02 00:01:00,"Vilassar de Mar, Catalunya",41.50162125,2.39089608
425,2013-07-01 06:05:00,"el Prat de Llobregat, Catalunya",41.33047485,2.09314895
426,2013-07-01 02:17:00,"AMS Amsterdam Airport Schiphol Vliegveld, Amsterdam",52.30157,4.79669
427,2013-06-30 03:46:00,"Wassenaar, Zuid-Holland",52.14321136,4.39484692
428,2013-06-30 03:44:00,Duinrell,52.14715195,4.38419914
429,2013-06-30 01:19:00,"Amsterdam, North Holland",52.37316513,4.89065981
430,2013-06-30 00:06:00,"Amstelveen, Noord-Holland",52.30569458,4.86251402
431,2013-06-29 05:56:00,Cobra Cafe,30.42539978,-107.91946411
432,2013-06-29 05:23:00,"Amsterdam, North Holland",52.37316513,4.89065981
433,2013-06-29 03:29:00,"Amsterdam, North Holland",52.37316513,4.89065981
434,2013-06-28 02:31:00,"Amstelveen, Noord-Holland",52.30569458,4.86251402
435,2013-06-26 00:00:00,"Haarlemmermeer, Noord-Holland",52.30538559,4.69297981
436,2013-06-25 23:37:00,Triangel,52.51177979,10.58260918
437,2013-06-23 23:54:00,Triangel,52.51177979,10.58260918
438,2013-06-23 03:58:00,"Amsterdam, North Holland",52.37316513,4.89065981
439,2013-06-21 23:48:00,"Amstelveen, Noord-Holland",52.30569458,4.86251402
440,2013-06-21 10:23:00,"Amstelveen, Noord-Holland",52.30569458,4.86251402
441,2013-06-21 03:18:00,"Amsterdam, North Holland",52.37316513,4.89065981
442,2013-06-20 14:06:00,"Amsterdam, North Holland",52.37316513,4.89065981
443,2013-06-20 00:08:00,"Amsterdam, North Holland",52.37316513,4.89065981
444,2013-06-20 00:05:00,Het Station Amsterdam Rai,53.19587,5.79281
445,2013-06-19 09:44:00,"Amsterdam, North Holland",52.37316513,4.89065981
446,2013-06-19 06:08:00,"Amsterdam, North Holland",52.37316513,4.89065981
447,2013-06-18 23:45:00,Triangel,52.51177979,10.58260918
448,2013-06-18 23:13:00,"Amstelveen, Noord-Holland",52.30569458,4.86251402
449,2013-06-17 10:23:00,"Amstelveen, Noord-Holland",52.30569458,4.86251402
450,2013-06-16 05:15:00,"Amstelveen, Noord-Holland",52.30569458,4.86251402
451,2013-06-15 05:55:00,"Amstelveen, Noord-Holland",52.30569458,4.86251402
452,2013-06-15 05:21:00,De Ridammerhoeve,39.00876236,-75.46864319
453,2013-06-15 02:23:00,"Amstelveen, Noord-Holland",52.30569458,4.86251402
454,2013-06-14 04:04:00,"Amsterdam, North Holland",52.37316513,4.89065981
455,2013-06-13 10:44:00,"Amsterdam, North Holland",52.37316513,4.89065981
456,2013-06-13 09:42:00,"Amsterdam, North Holland",52.37316513,4.89065981
457,2013-06-13 03:20:00,"Amsterdam, North Holland",52.37316513,4.89065981
458,2013-06-11 12:57:00,"Amstelveen, Noord-Holland",52.30569458,4.86251402
459,2013-06-11 09:44:00,"Amstelveen, Noord-Holland",52.30569458,4.86251402
460,2013-06-11 00:59:00,"Amstelveen, Noord-Holland",52.30569458,4.86251402
461,2013-06-09 06:20:00,"Amsterdam, North Holland",52.37316513,4.89065981
462,2013-06-09 02:22:00,"Amsterdam, North Holland",52.37316513,4.89065981
463,2013-06-08 10:16:00,"Amsterdam, North Holland",52.37316513,4.89065981
464,2013-06-07 23:56:00,"De Ronde Venen, Utrecht",52.20760345,4.86582279
465,2013-06-07 03:31:00,"Haarlem, North Holland",52.37949371,4.6377182
466,2013-06-06 23:20:00,"Haarlem, North Holland",52.37949371,4.6377182
467,2013-06-06 00:12:00,"Arnhem, Gelderland",51.9797287,5.91240406
468,2013-06-05 22:52:00,"Station-Zuid WTC en omgeving, Amsterdam",52.34301758,4.8705411
469,2013-06-04 23:34:00,Triangel,52.51177979,10.58260918
470,2013-06-04 23:23:00,"Amstelveen, Noord-Holland",52.30569458,4.86251402
