,time,poi,latitude,longitude
0,2014-09-05 08:57:00,"Lake George, NY",43.42621613,-73.7124176
1,2014-06-08 16:42:00,"San Francisco, CA",37.78007889,-122.42015839
2,2014-05-30 11:35:00,"New York, NY",40.71304703,-74.00723267
3,2014-05-19 09:26:00,"San Francisco, CA",37.78007889,-122.42015839
4,2014-05-05 21:11:00,"San Francisco, CA",37.78007889,-122.42015839
5,2014-05-01 12:47:00,"New York, NY",40.71304703,-74.00723267
6,2014-05-01 11:31:00,"New York, NY",40.71304703,-74.00723267
7,2014-05-01 11:28:00,"New York, NY",40.71304703,-74.00723267
8,2014-05-01 11:18:00,"New York, NY",40.71304703,-74.00723267
9,2014-05-01 11:04:00,"New York, NY",40.71304703,-74.00723267
10,2014-04-26 16:16:00,"New York, NY",40.71304703,-74.00723267
11,2014-03-20 21:51:00,"Pacific Heights, San Francisco",37.79335022,-122.43474579
12,2014-03-15 14:46:00,"Golden Gate Park, San Francisco",37.7690506,-122.48227692
13,2014-03-06 11:05:00,"Manhattan, NY",40.75325012,-74.00380707
14,2014-02-20 20:24:00,"Pacific Heights, San Francisco",37.79335022,-122.43474579
15,2014-02-20 11:22:00,"South Beach, San Francisco",37.78691101,-122.38880157
16,2014-02-19 15:19:00,"Fisherman's Wharf, CA",37.80821228,-122.415802
17,2014-02-13 10:31:00,"San Mateo, CA",37.54714966,-122.31439972
18,2014-01-06 11:44:00,"Long Beach, CA",33.77171326,-118.18131256
19,2013-12-25 09:20:00,"Delray Beach, FL",26.46163368,-80.07310486
20,2013-12-16 09:55:00,"Fisherman's Wharf, CA",37.80821228,-122.415802
21,2013-12-10 11:26:00,"Troy, MI",42.56293869,-83.1540451
22,2013-11-28 10:27:00,"Norwalk, CT",41.11804962,-73.41290283
23,2013-11-25 11:35:00,"Manhattan, NY",40.75325012,-74.00380707
24,2013-11-23 11:42:00,"Manhattan, NY",40.75325012,-74.00380707
25,2013-11-16 15:35:00,"Fort Snelling, MN",44.8927803,-93.18055725
26,2013-11-15 14:48:00,"Chicago, IL",41.8832283,-87.63240051
27,2013-11-13 19:11:00,"Chicago, IL",41.8832283,-87.63240051
28,2013-11-04 15:55:00,"Troy, MI",42.56293869,-83.1540451
29,2013-10-21 20:16:00,"Chicago, IL",41.8832283,-87.63240051
30,2013-09-07 14:40:00,"Queens, NY",40.75977707,-73.81729889
31,2013-09-06 14:02:00,"Manhattan, NY",40.75325012,-74.00380707
32,2013-08-30 12:39:00,"Pittsburgh, PA",40.44216919,-79.99495697
33,2013-08-03 12:45:00,"Los Angeles, CA",34.05223846,-118.24334717
34,2013-08-01 10:48:00,"Anaheim, CA",33.83449173,-117.91564178
35,2013-07-18 15:30:00,"Grimaud, Provence-Alpes-Côte d'Azur",43.27320862,6.5201931
36,2013-07-03 20:43:00,"Southeast Marin, CA",37.59821414,-121.00051601
37,2013-07-03 17:00:00,"Fisherman's Wharf, CA",37.80821228,-122.415802
38,2013-06-29 23:57:00,"Mission, San Francisco",37.76438904,-122.42702484
39,2013-06-24 19:54:00,"Pacific Heights, San Francisco",37.79335022,-122.43474579
40,2013-06-24 19:51:00,"Cow Hollow, San Francisco",37.7989502,-122.43587494
41,2013-06-20 21:59:00,"Plano, TX",33.01969528,-96.69758606
42,2013-05-29 20:36:00,"Berkeley, CA",37.8690567,-122.27046204
43,2013-05-28 02:50:00,"Queens, NY",40.75977707,-73.81729889
44,2013-05-23 12:14:00,"Irvine, CA",33.68590927,-117.82472229
45,2013-05-10 11:18:00,"Belvedere, CA",37.87408829,-122.46102142
46,2013-05-04 14:24:00,"Manhattan, NY",40.75325012,-74.00380707
47,2013-05-04 00:26:00,"Manhattan, NY",40.75325012,-74.00380707
48,2013-05-03 13:52:00,Momofuku Ssam Bar,42.09806824,19.09493637
49,2013-05-02 12:37:00,"Manhattan, NY",40.75325012,-74.00380707
50,2013-05-02 12:31:00,"Manhattan, NY",40.75325012,-74.00380707
51,2013-05-02 12:11:00,"Manhattan, NY",40.75325012,-74.00380707
52,2013-05-02 11:23:00,"Manhattan, NY",40.75325012,-74.00380707
53,2013-05-02 11:22:00,"Manhattan, NY",40.75325012,-74.00380707
54,2013-05-02 10:21:00,"Manhattan, NY",40.75325012,-74.00380707
55,2013-05-02 10:19:00,"Manhattan, NY",40.75325012,-74.00380707
56,2013-05-02 09:40:00,"Manhattan, NY",40.75325012,-74.00380707
57,2013-05-01 07:13:00,"Manhattan, NY",40.75325012,-74.00380707
58,2013-04-30 07:21:00,Gotham Hall Llc,52.86634064,-1.20519698
59,2013-04-28 12:37:00,"Westport, CT",41.14041519,-73.3535614
60,2013-04-20 20:30:00,"Santa Monica, CA",34.01093292,-118.49151611
61,2013-04-19 20:58:00,Pizzeria Delfina,-1.21090806,-56.0407753
62,2013-04-17 21:44:00,"Marina, San Francisco",-33.86428833,-70.89001465
63,2013-04-13 11:28:00,"Indio, CA",33.71865082,-116.21818542
64,2013-04-10 18:37:00,"San Francisco, CA",37.78007889,-122.42015839
65,2013-04-08 16:55:00,"San Francisco, CA",37.78007889,-122.42015839
66,2013-04-06 21:49:00,"The Embarcadero, San Francisco",37.78522873,-122.2447052
67,2013-04-06 15:39:00,"Nob Hill, San Francisco",37.79457474,-122.41812897
68,2013-04-05 14:25:00,"Mission Bay, San Francisco",37.77189636,-122.39131927
69,2013-04-03 12:20:00,"Fisherman's Wharf, CA",37.80821228,-122.415802
70,2013-04-01 13:33:00,"San Francisco, CA",37.78007889,-122.42015839
71,2013-03-31 10:38:00,"Cow Hollow, San Francisco",37.7989502,-122.43587494
72,2013-03-30 16:47:00,"Noe Valley, San Francisco",37.74876785,-122.4360733
73,2013-03-30 12:38:00,"Marina, San Francisco",-33.86428833,-70.89001465
74,2013-03-28 20:19:00,"Fisherman's Wharf, CA",37.80821228,-122.415802
75,2013-03-27 11:47:00,"San Francisco, CA",37.78007889,-122.42015839
76,2013-03-26 21:33:00,"Russian Hill, San Francisco",37.80199432,-122.41962433
77,2013-03-26 20:15:00,Cresta's Twenty Two Eleven Clb,39.84349442,-121.40441132
78,2013-03-26 12:35:00,"Fisherman's Wharf, CA",37.80821228,-122.415802
79,2013-03-26 12:00:00,"Fisherman's Wharf, CA",37.80821228,-122.415802
80,2013-03-25 18:31:00,"Pacific Heights, San Francisco",37.79335022,-122.43474579
81,2013-03-25 17:22:00,"San Francisco, CA",37.78007889,-122.42015839
82,2013-03-24 11:55:00,"Queens, NY",40.75977707,-73.81729889
83,2013-03-21 11:44:00,"Manhattan, NY",40.75325012,-74.00380707
84,2013-03-21 09:53:00,"Manhattan, NY",40.75325012,-74.00380707
85,2013-03-21 06:35:00,"Manhattan, NY",40.75325012,-74.00380707
86,2013-03-20 20:30:00,"Manhattan, NY",40.75325012,-74.00380707
87,2013-03-20 20:03:00,"Manhattan, NY",40.75325012,-74.00380707
88,2013-03-20 18:09:00,"Manhattan, NY",40.75325012,-74.00380707
89,2013-03-20 14:20:00,"Manhattan, NY",40.75325012,-74.00380707
90,2013-03-20 10:01:00,"Manhattan, NY",40.75325012,-74.00380707
91,2013-03-19 21:03:00,"Manhattan, NY",40.75325012,-74.00380707
92,2013-03-18 15:03:00,"Manhattan, NY",40.75325012,-74.00380707
93,2013-03-17 18:41:00,"Manhattan, NY",40.75325012,-74.00380707
94,2013-03-17 14:02:00,"Manhattan, NY",40.75325012,-74.00380707
95,2013-03-17 12:43:00,"Manhattan, NY",40.75325012,-74.00380707
96,2013-03-17 09:19:00,"Manhattan, NY",40.75325012,-74.00380707
97,2013-03-16 14:10:00,"Manhattan, NY",40.75325012,-74.00380707
98,2013-03-13 19:52:00,"Queens, NY",40.75977707,-73.81729889
99,2013-03-13 16:45:00,"Georgia, USA",32.64828873,-83.44437408
100,2013-03-13 13:44:00,"Austin, TX",30.26497841,-97.74659729
101,2013-03-12 20:05:00,"Austin, TX",30.26497841,-97.74659729
102,2013-03-09 15:55:00,Austin Convention Center,30.26234818,-97.73968506
103,2013-03-08 18:49:00,"Austin, TX",30.26497841,-97.74659729
104,2013-03-07 20:28:00,"Austin, TX",30.26497841,-97.74659729
105,2013-03-07 15:28:00,"Austin, TX",30.26497841,-97.74659729
106,2013-03-07 13:20:00,"Travis Northwest, TX",31.899765,-98.610012
107,2013-03-06 23:02:00,"Austin, TX",30.26497841,-97.74659729
108,2013-03-06 19:01:00,"California, USA",37.25466919,-119.61727905
109,2013-03-02 21:07:00,"Golden Gate Park, San Francisco",37.7690506,-122.48227692
110,2013-03-02 14:21:00,"Russian Hill, San Francisco",37.80199432,-122.41962433
111,2013-03-01 23:46:00,Rye,50.95254135,0.73395002
112,2013-02-28 19:42:00,"San Francisco, CA",37.78007889,-122.42015839
113,2013-02-27 18:41:00,"San Francisco, CA",37.78007889,-122.42015839
114,2013-02-25 14:14:00,"San Francisco, CA",37.78007889,-122.42015839
115,2013-02-22 14:13:00,"Russian Hill, San Francisco",37.80199432,-122.41962433
116,2013-02-21 21:32:00,"Russian Hill, San Francisco",37.80199432,-122.41962433
117,2013-02-19 20:30:00,San Francisco International Airport,37.62174225,-122.38312531
118,2013-02-19 14:05:00,"Queens, NY",40.75977707,-73.81729889
119,2013-02-17 12:52:00,"New Rochelle, NY",40.9115448,-73.78233337
120,2013-02-17 08:46:00,"Manhattan, NY",40.75325012,-74.00380707
121,2013-02-16 10:55:00,"Manhattan, NY",40.75325012,-74.00380707
122,2013-02-14 21:11:00,"Manhattan, NY",40.75325012,-74.00380707
123,2013-02-14 14:28:00,"Manhattan, NY",40.75325012,-74.00380707
124,2013-02-14 09:09:00,"Manhattan, NY",40.75325012,-74.00380707
125,2013-02-13 20:25:00,"Manhattan, NY",40.75325012,-74.00380707
126,2013-02-13 16:25:00,"Manhattan, NY",40.75325012,-74.00380707
127,2013-02-13 06:19:00,"Manhattan, NY",40.75325012,-74.00380707
128,2013-02-12 21:41:00,"Manhattan, NY",40.75325012,-74.00380707
129,2013-02-11 17:07:00,"Manhattan, NY",40.75325012,-74.00380707
130,2013-02-11 16:45:00,"Manhattan, NY",40.75325012,-74.00380707
131,2013-02-09 14:18:00,"Queens, NY",40.75977707,-73.81729889
132,2013-02-09 10:45:00,"California, USA",37.25466919,-119.61727905
133,2013-02-08 10:37:00,"Nob Hill, San Francisco",37.79457474,-122.41812897
134,2013-02-05 18:54:00,"Hayes Valley, San Francisco",37.77273941,-122.42552185
135,2013-02-03 12:41:00,Lombardi Sports (Area),44.50424957,-88.05499268
136,2013-02-02 19:30:00,"Mission, San Francisco",37.76438904,-122.42702484
137,2013-01-26 21:37:00,"Marina, San Francisco",-33.86428833,-70.89001465
138,2013-01-26 20:19:00,"Tenderloin, San Francisco",37.78366089,-122.41513062
139,2013-01-22 10:06:00,"Los Angeles, CA",34.05223846,-118.24334717
140,2013-01-12 14:06:00,"Los Angeles, CA",34.05223846,-118.24334717
141,2013-01-11 18:43:00,"Los Angeles, CA",34.05223846,-118.24334717
142,2013-01-09 20:26:00,"Paradise, NV",36.11553574,-115.15795135
143,2012-12-30 16:26:00,"Manhattan, NY",40.75325012,-74.00380707
144,2012-12-30 10:46:00,"Manhattan, NY",40.75325012,-74.00380707
145,2012-12-29 22:37:00,"Manhattan, NY",40.75325012,-74.00380707
146,2012-12-27 15:50:00,"Manhattan, NY",40.75325012,-74.00380707
147,2012-12-17 09:40:00,"Troy, MI",42.56293869,-83.1540451
148,2012-12-09 19:38:00,"Troy, MI",42.56293869,-83.1540451
149,2012-12-09 13:50:00,"Lower Pacific Heights, San Francisco",37.78596878,-122.44172668
150,2012-12-08 13:32:00,"North Beach, San Francisco",37.80404663,-122.40335846
151,2012-12-04 21:26:00,"Tenderloin, San Francisco",37.78366089,-122.41513062
152,2012-12-02 18:29:00,"Downtown, San Francisco",37.79189682,-122.40258026
153,2012-12-02 11:33:00,"Dogpatch, San Francisco",37.75976563,-122.38990784
154,2012-11-29 22:45:00,"SoMa, San Francisco",37.77597046,-122.39800262
155,2012-11-27 12:28:00,"Fisherman's Wharf, CA",37.80821228,-122.415802
156,2012-11-26 23:54:00,"California, USA",37.25466919,-119.61727905
157,2012-11-26 16:50:00,"Queens, NY",40.75977707,-73.81729889
158,2012-11-25 12:37:00,"Manhattan, NY",40.75325012,-74.00380707
159,2012-11-25 11:19:00,"Southeast Marin, CA",37.59821414,-121.00051601
160,2012-11-24 23:55:00,"Manhattan, NY",40.75325012,-74.00380707
161,2012-11-24 23:29:00,"Manhattan, NY",40.75325012,-74.00380707
162,2012-11-24 20:42:00,"Manhattan, NY",40.75325012,-74.00380707
163,2012-11-20 18:05:00,"Manhattan, NY",40.75325012,-74.00380707
164,2012-11-19 21:02:00,"Manhattan, NY",40.75325012,-74.00380707
165,2012-11-19 19:24:00,"Manhattan, NY",40.75325012,-74.00380707
166,2012-11-19 18:17:00,"Manhattan, NY",40.75325012,-74.00380707
167,2012-11-19 11:48:00,"Manhattan, NY",40.75325012,-74.00380707
168,2012-11-18 13:08:00,"New York, NY",40.71304703,-74.00723267
169,2012-11-17 08:31:00,"Los Angeles, CA",34.05223846,-118.24334717
170,2012-11-15 15:23:00,"Irvine, CA",33.68590927,-117.82472229
171,2012-11-04 13:12:00,"The Embarcadero, San Francisco",37.78522873,-122.2447052
172,2012-11-03 20:51:00,"Downtown, San Francisco",37.79189682,-122.40258026
173,2012-11-02 21:43:00,"Mission, San Francisco",37.76438904,-122.42702484
174,2012-10-28 17:43:00,"Civic Center, San Francisco",37.78424835,-122.41773224
175,2012-10-27 20:12:00,"Golden Gate Park, San Francisco",37.7690506,-122.48227692
176,2012-10-21 09:11:00,"Manhattan, NY",40.75325012,-74.00380707
177,2012-10-20 14:21:00,"New York, NY",40.71304703,-74.00723267
178,2012-10-20 11:55:00,"Manhattan, NY",40.75325012,-74.00380707
179,2012-10-20 10:43:00,"Manhattan, NY",40.75325012,-74.00380707
180,2012-10-19 16:39:00,"Manhattan, NY",40.75325012,-74.00380707
181,2012-10-18 19:19:00,"Manhattan, NY",40.75325012,-74.00380707
182,2012-10-18 18:11:00,"Queens, NY",40.75977707,-73.81729889
183,2012-10-18 08:10:00,"California, USA",37.25466919,-119.61727905
184,2012-10-13 22:15:00,"Chinatown, San Francisco",37.79669952,-122.40844727
185,2012-10-13 13:45:00,"Sausalito, CA",37.85877228,-122.48400879
186,2012-10-01 20:37:00,"Marina, San Francisco",-33.86428833,-70.89001465
187,2012-09-30 16:47:00,"Napa, CA",38.29724121,-122.28940582
188,2012-09-29 15:40:00,"California, USA",37.25466919,-119.61727905
189,2012-09-28 15:03:00,"California, USA",37.25466919,-119.61727905
190,2012-09-28 09:30:00,"Napa, CA",38.29724121,-122.28940582
191,2012-09-27 10:04:00,"Napa, CA",38.29724121,-122.28940582
192,2012-09-27 00:35:00,"California, USA",37.25466919,-119.61727905
193,2012-09-25 14:18:00,"Downtown, San Francisco",37.79189682,-122.40258026
194,2012-09-23 11:14:00,"Cow Hollow, San Francisco",37.7989502,-122.43587494
195,2012-09-22 11:57:00,"Pacific Heights, San Francisco",37.79335022,-122.43474579
196,2012-09-19 23:17:00,"Pacific Heights, San Francisco",37.79335022,-122.43474579
197,2012-09-14 12:11:00,"Fisherman's Wharf, CA",37.80821228,-122.415802
198,2012-08-19 20:25:00,"New York, NY",40.71304703,-74.00723267
199,2012-07-03 05:25:00,"Merton, London",51.4156723,-0.19181401
200,2012-07-03 04:56:00,"Merton, London",51.4156723,-0.19181401
201,2012-07-03 04:45:00,"Wandsworth, London",51.45679092,-0.192679
202,2012-07-02 13:29:00,"Westminster, London",51.50015259,-0.12623601
203,2012-06-27 08:18:00,"Ramatuelle, Provence-Alpes-Côte d'Azur",43.21536636,6.61221504
204,2012-06-22 20:57:00,"Cannes, Provence-Alpes-Côte d'Azur",43.55130005,7.01280022
205,2012-06-22 17:33:00,"Alpes-Maritimes, Provence-Alpes-Côte d'Azur",43.93774796,7.11669779
206,2012-06-22 11:23:00,"Cannes, Provence-Alpes-Côte d'Azur",43.55130005,7.01280022
207,2012-06-22 11:28:00,"Cannes, Provence-Alpes-Côte d'Azur",43.55130005,7.01280022
208,2012-06-22 11:31:00,"Cannes, Provence-Alpes-Côte d'Azur",43.55130005,7.01280022
209,2012-06-22 11:19:00,"Cannes, Provence-Alpes-Côte d'Azur",43.55130005,7.01280022
210,2012-06-22 08:57:00,"Cannes, Provence-Alpes-Côte d'Azur",43.55130005,7.01280022
211,2012-06-21 12:11:00,"Cannes, Provence-Alpes-Côte d'Azur",43.55130005,7.01280022
212,2012-06-21 12:23:00,"Cannes, Provence-Alpes-Côte d'Azur",43.55130005,7.01280022
213,2012-06-21 11:15:00,"Cannes, Provence-Alpes-Côte d'Azur",43.55130005,7.01280022
214,2012-06-21 10:20:00,"Cannes, Provence-Alpes-Côte d'Azur",43.55130005,7.01280022
215,2012-06-20 12:43:00,"Cannes, Provence-Alpes-Côte d'Azur",43.55130005,7.01280022
216,2012-06-20 12:04:00,"Alpes-Maritimes, Provence-Alpes-Côte d'Azur",43.93774796,7.11669779
217,2012-06-20 09:26:00,"Cannes, Provence-Alpes-Côte d'Azur",43.55130005,7.01280022
218,2012-06-20 08:13:00,"Cannes, Provence-Alpes-Côte d'Azur",43.55130005,7.01280022
219,2012-06-20 07:40:00,"Cannes, Provence-Alpes-Côte d'Azur",43.55130005,7.01280022
220,2012-06-20 07:09:00,"Cannes, Provence-Alpes-Côte d'Azur",43.55130005,7.01280022
221,2012-06-20 06:55:00,"Cannes, Provence-Alpes-Côte d'Azur",43.55130005,7.01280022
222,2012-06-19 11:36:00,"Cannes, Provence-Alpes-Côte d'Azur",43.55130005,7.01280022
223,2012-06-19 11:34:00,"Cannes, Provence-Alpes-Côte d'Azur",43.55130005,7.01280022
224,2012-06-19 10:51:00,"Cannes, Provence-Alpes-Côte d'Azur",43.55130005,7.01280022
225,2012-06-19 10:30:00,"Cannes, Provence-Alpes-Côte d'Azur",43.55130005,7.01280022
226,2012-06-19 10:27:00,"Cannes, Provence-Alpes-Côte d'Azur",43.55130005,7.01280022
227,2012-06-19 06:55:00,"Cannes, Provence-Alpes-Côte d'Azur",43.55130005,7.01280022
228,2012-06-19 06:37:00,"Cannes, Provence-Alpes-Côte d'Azur",43.55130005,7.01280022
229,2012-06-19 06:35:00,"Alpes-Maritimes, Provence-Alpes-Côte d'Azur",43.93774796,7.11669779
230,2012-06-19 05:43:00,"Alpes-Maritimes, Provence-Alpes-Côte d'Azur",43.93774796,7.11669779
231,2012-06-18 11:50:00,"Alpes-Maritimes, Provence-Alpes-Côte d'Azur",43.93774796,7.11669779
232,2012-06-18 11:38:00,"Alpes-Maritimes, Provence-Alpes-Côte d'Azur",43.93774796,7.11669779
233,2012-06-18 11:15:00,"Alpes-Maritimes, Provence-Alpes-Côte d'Azur",43.93774796,7.11669779
234,2012-06-18 08:25:00,"Cannes, Provence-Alpes-Côte d'Azur",43.55130005,7.01280022
235,2012-06-18 02:11:00,"Cannes, Provence-Alpes-Côte d'Azur",43.55130005,7.01280022
236,2012-06-18 01:49:00,"Cannes, Provence-Alpes-Côte d'Azur",43.55130005,7.01280022
237,2012-06-18 01:48:00,"Cannes, Provence-Alpes-Côte d'Azur",43.55130005,7.01280022
238,2012-06-18 01:20:00,"Cannes, Provence-Alpes-Côte d'Azur",43.55130005,7.01280022
239,2012-06-18 00:00:00,"Cannes, Provence-Alpes-Côte d'Azur",43.55130005,7.01280022
240,2012-06-16 17:07:00,"Queens, NY",40.75977707,-73.81729889
241,2012-06-10 09:11:00,"Queens, NY",40.75977707,-73.81729889
242,2012-06-10 08:15:00,"Queens, NY",40.75977707,-73.81729889
243,2012-06-07 18:06:00,"Manhattan, NY",40.75325012,-74.00380707
244,2012-06-04 20:23:00,"Manhattan, NY",40.75325012,-74.00380707
245,2012-06-04 17:02:00,"Manhattan, NY",40.75325012,-74.00380707
246,2012-05-26 11:20:00,"Westport, CT",41.14041519,-73.3535614
247,2012-05-17 08:06:00,"Boston, MA",42.35899353,-71.0586319
