,time,poi,latitude,longitude
0,2015-11-04 10:44:00,"Tilburg, North Brabant",51.55512238,5.0904932
1,2015-11-03 08:42:00,"Utrecht, The Netherlands",52.09168243,5.12036324
2,2015-11-01 01:22:00,"Tilburg, North Brabant",51.55512238,5.0904932
3,2015-10-30 01:01:00,"Utrecht, The Netherlands",52.09168243,5.12036324
4,2015-10-24 08:01:00,"Eindhoven, North Brabant",51.43659592,5.47800207
5,2015-10-19 11:29:00,"Tilburg, North Brabant",51.55512238,5.0904932
6,2015-10-11 01:50:00,"Tilburg, North Brabant",51.55512238,5.0904932
7,2015-10-03 10:46:00,"Tilburg, North Brabant",51.55512238,5.0904932
8,2015-10-03 01:09:00,"Tilburg, North Brabant",51.55512238,5.0904932
9,2015-09-27 06:39:00,"Cologne, North Rhine-Westphalia",50.94053268,6.9599061
10,2015-09-27 06:38:00,"Cologne, North Rhine-Westphalia",50.94053268,6.9599061
11,2015-09-26 02:29:00,"Frankfurt, Hessen",50.11088562,8.679492
12,2015-09-24 09:12:00,"Eindhoven, North Brabant",51.43659592,5.47800207
13,2015-09-24 00:02:00,"Tilburg, North Brabant",51.55512238,5.0904932
14,2015-09-19 11:16:00,"Tilburg, North Brabant",51.55512238,5.0904932
15,2015-09-19 07:24:00,"Tilburg, North Brabant",51.55512238,5.0904932
16,2015-09-19 05:05:00,"Tilburg, North Brabant",51.55512238,5.0904932
17,2015-09-06 04:05:00,"Tilburg, North Brabant",51.55512238,5.0904932
18,2015-08-31 00:24:00,"Zeist, Utrecht",52.08204651,5.23871708
19,2015-08-28 11:00:00,"Tilburg, North Brabant",51.55512238,5.0904932
20,2015-08-28 02:57:00,"Tilburg, North Brabant",51.55512238,5.0904932
21,2015-08-27 01:14:00,"Tilburg, North Brabant",51.55512238,5.0904932
22,2015-08-18 07:10:00,"Utrecht, The Netherlands",52.09168243,5.12036324
23,2015-08-09 07:14:00,"Tilburg, North Brabant",51.55512238,5.0904932
24,2015-08-03 07:16:00,"Hilversum, Noord-Holland",52.22396851,5.1709218
25,2015-07-29 06:23:00,"Tilburg, North Brabant",51.55512238,5.0904932
26,2015-07-20 14:35:00,"Tilburg, North Brabant",51.55512238,5.0904932
27,2015-07-19 11:29:00,"Tilburg, North Brabant",51.55512238,5.0904932
28,2015-07-18 14:31:00,"Tilburg, North Brabant",51.55512238,5.0904932
29,2015-07-16 02:26:00,"Katwijk, Zuid-Holland",52.20124435,4.40773106
30,2015-06-27 07:43:00,"Tilburg, North Brabant",51.55512238,5.0904932
31,2015-06-07 08:44:00,"Cologne, North Rhine-Westphalia",50.94053268,6.9599061
32,2015-06-06 09:10:00,"Bergisch Gladbach, Nordrhein-Westfalen",50.99176788,7.13648415
33,2015-05-29 06:38:00,"Apeldoorn, Gelderland",52.21632385,5.96462202
34,2015-05-25 00:20:00,"Tilburg, North Brabant",51.55512238,5.0904932
35,2015-05-18 21:20:00,"Tilburg, North Brabant",51.55512238,5.0904932
36,2015-05-18 11:40:00,"Zeist, Utrecht",52.08204651,5.23871708
37,2015-05-18 00:33:00,"Tilburg, North Brabant",51.55512238,5.0904932
38,2015-05-15 06:29:00,"Tilburg, North Brabant",51.55512238,5.0904932
39,2015-05-15 02:33:00,"Zeist, Utrecht",52.08204651,5.23871708
40,2015-05-14 04:18:00,"Loon op Zand, Noord-Brabant",51.62672806,5.07269621
41,2015-05-10 05:24:00,"Tilburg, North Brabant",51.55512238,5.0904932
42,2015-05-02 13:34:00,"Tilburg, North Brabant",51.55512238,5.0904932
43,2015-04-27 08:50:00,"Amsterdam, North Holland",52.37316513,4.89065981
44,2015-04-23 19:53:00,"San Francisco, CA",37.78007889,-122.42015839
45,2015-04-23 08:35:00,"San Francisco, CA",37.78007889,-122.42015839
46,2015-04-22 12:45:00,"Mountain View, CA",37.3900795,-122.08139038
47,2015-04-22 10:58:00,"San Francisco, CA",37.78007889,-122.42015839
48,2015-04-22 07:47:00,"San Francisco, CA",37.78007889,-122.42015839
49,2015-04-21 18:12:00,"San Francisco, CA",37.78007889,-122.42015839
50,2015-04-21 17:56:00,"San Francisco, CA",37.78007889,-122.42015839
51,2015-04-21 16:05:00,"San Francisco, CA",37.78007889,-122.42015839
52,2015-04-21 12:32:00,"Mountain View, CA",37.3900795,-122.08139038
53,2015-04-21 10:49:00,"Mountain View, CA",37.3900795,-122.08139038
54,2015-04-20 09:01:00,"California, USA",37.25466919,-119.61727905
55,2015-04-20 09:00:00,"California, USA",37.25466919,-119.61727905
56,2015-04-18 17:17:00,"San Francisco, CA",37.78007889,-122.42015839
57,2015-04-18 13:39:00,"San Francisco, CA",37.78007889,-122.42015839
58,2015-04-18 13:08:00,"South San Francisco, CA",37.65568161,-122.41248322
59,2015-04-15 07:41:00,"Tilburg, North Brabant",51.55512238,5.0904932
60,2015-04-15 00:52:00,"Amsterdam, North Holland",52.37316513,4.89065981
61,2015-04-12 01:26:00,"Tilburg, North Brabant",51.55512238,5.0904932
62,2015-04-09 04:58:00,"Eindhoven, North Brabant",51.43659592,5.47800207
63,2015-04-06 06:48:00,"Tilburg, North Brabant",51.55512238,5.0904932
64,2015-04-05 07:13:00,"Veere, Zeeland",51.54770279,3.66613197
65,2015-04-05 05:22:00,"Veere, Zeeland",51.54770279,3.66613197
66,2015-04-02 23:21:00,"Amsterdam, North Holland",52.37316513,4.89065981
67,2015-03-31 11:01:00,"Tilburg, North Brabant",51.55512238,5.0904932
68,2015-03-31 02:47:00,"Zeist, Utrecht",52.08204651,5.23871708
69,2015-03-29 11:34:00,"Amsterdam, North Holland",52.37316513,4.89065981
70,2015-03-28 16:35:00,"Tilburg, North Brabant",51.55512238,5.0904932
71,2015-03-27 03:14:00,"Tilburg, North Brabant",51.55512238,5.0904932
72,2015-03-21 11:44:00,"Tilburg, North Brabant",51.55512238,5.0904932
73,2015-03-14 15:45:00,"Tilburg, North Brabant",51.55512238,5.0904932
74,2015-03-09 12:40:00,"Tilburg, North Brabant",51.55512238,5.0904932
75,2015-02-22 05:23:00,"Tilburg, North Brabant",51.55512238,5.0904932
76,2015-02-21 03:44:00,"Cologne, North Rhine-Westphalia",50.94053268,6.9599061
77,2015-02-20 16:28:00,"Cologne, North Rhine-Westphalia",50.94053268,6.9599061
78,2015-02-20 14:04:00,"Cologne, North Rhine-Westphalia",50.94053268,6.9599061
79,2015-02-19 04:26:00,"Woerden, Utrecht",52.0860672,4.88393307
80,2015-02-18 23:42:00,"Utrecht, The Netherlands",52.09168243,5.12036324
81,2015-02-16 04:42:00,"Rotterdam, South Holland",51.9229126,4.47058487
82,2015-02-16 04:24:00,"Rotterdam, South Holland",51.9229126,4.47058487
83,2015-02-16 00:28:00,"Tilburg, North Brabant",51.55512238,5.0904932
84,2015-02-14 09:25:00,"Tilburg, North Brabant",51.55512238,5.0904932
85,2015-02-08 09:01:00,"Tilburg, North Brabant",51.55512238,5.0904932
86,2015-02-08 05:26:00,"Tilburg, North Brabant",51.55512238,5.0904932
87,2015-02-07 06:56:00,"Amsterdam, North Holland",52.37316513,4.89065981
88,2015-02-04 07:21:00,"Utrecht, The Netherlands",52.09168243,5.12036324
89,2015-01-28 13:57:00,"Tilburg, North Brabant",51.55512238,5.0904932
90,2015-01-23 13:10:00,"Cologne, North Rhine-Westphalia",50.94053268,6.9599061
91,2015-01-23 03:29:00,"Vught, Noord-Brabant",51.65845108,5.29854202
92,2015-01-20 11:15:00,"Tilburg, North Brabant",51.55512238,5.0904932
93,2015-01-17 07:43:00,"Amsterdam, North Holland",52.37316513,4.89065981
94,2015-01-17 04:21:00,"Amsterdam, North Holland",52.37316513,4.89065981
95,2015-01-16 11:42:00,"Tilburg, North Brabant",51.55512238,5.0904932
96,2015-01-15 11:05:00,"Amsterdam, North Holland",52.37316513,4.89065981
97,2015-01-12 08:53:00,"Utrecht, The Netherlands",52.09168243,5.12036324
98,2015-01-10 11:51:00,"Rotterdam, South Holland",51.9229126,4.47058487
99,2015-01-09 06:34:00,"Tilburg, North Brabant",51.55512238,5.0904932
100,2015-01-04 13:03:00,"Tilburg, North Brabant",51.55512238,5.0904932
101,2015-01-04 12:26:00,"Tilburg, North Brabant",51.55512238,5.0904932
102,2015-01-02 10:17:00,"Tilburg, North Brabant",51.55512238,5.0904932
103,2015-01-02 06:35:00,"Tilburg, North Brabant",51.55512238,5.0904932
104,2014-12-31 12:01:00,"Tilburg, North Brabant",51.55512238,5.0904932
105,2014-12-29 04:16:00,"Tilburg, North Brabant",51.55512238,5.0904932
106,2014-12-24 00:37:00,"Tilburg, North Brabant",51.55512238,5.0904932
107,2014-12-17 04:15:00,"Tilburg, North Brabant",51.55512238,5.0904932
108,2014-12-16 08:24:00,"Hoogeveen, Bonaire, Sint Eustatius and Saba",52.72612,6.47958183
109,2014-12-15 11:07:00,"Waalwijk, Noord-Brabant",51.68442154,5.06765604
110,2014-12-13 10:41:00,"Tilburg, North Brabant",51.55512238,5.0904932
111,2014-12-13 03:17:00,"Tilburg, North Brabant",51.55512238,5.0904932
112,2014-12-11 10:18:00,"Tilburg, North Brabant",51.55512238,5.0904932
113,2014-12-03 12:25:00,"Tilburg, North Brabant",51.55512238,5.0904932
114,2014-12-03 10:25:00,"Tilburg, North Brabant",51.55512238,5.0904932
115,2014-12-02 02:38:00,"Zeist, Utrecht",52.08204651,5.23871708
116,2014-12-01 07:58:00,"Leusden, Utrecht",52.13139725,5.42746592
117,2014-12-01 02:54:00,"Utrecht, The Netherlands",52.09168243,5.12036324
118,2014-11-25 02:25:00,"Lelystad, Flevoland",52.51000595,5.47764301
119,2014-11-22 11:48:00,"Tilburg, North Brabant",51.55512238,5.0904932
120,2014-11-19 07:11:00,"Tilburg, North Brabant",51.55512238,5.0904932
121,2014-11-10 13:44:00,"Tilburg, North Brabant",51.55512238,5.0904932
122,2014-11-08 05:04:00,"Helmond, Noord-Brabant",51.48058701,5.65377188
123,2014-11-07 08:47:00,"Tilburg, North Brabant",51.55512238,5.0904932
124,2014-11-02 05:26:00,"Tilburg, North Brabant",51.55512238,5.0904932
125,2014-10-25 02:33:00,"Eindhoven, North Brabant",51.43659592,5.47800207
126,2014-10-18 17:53:00,"Tilburg, North Brabant",51.55512238,5.0904932
127,2014-10-18 16:37:00,"Tilburg, North Brabant",51.55512238,5.0904932
128,2014-10-18 15:51:00,"Tilburg, North Brabant",51.55512238,5.0904932
129,2014-10-18 11:54:00,"Tilburg, North Brabant",51.55512238,5.0904932
130,2014-10-18 09:32:00,"Tilburg, North Brabant",51.55512238,5.0904932
131,2014-10-17 11:56:00,"Breda, North Brabant",51.58931732,4.7744751
132,2014-10-17 04:17:00,"Tilburg, North Brabant",51.55512238,5.0904932
133,2014-10-09 02:22:00,"Haarlemmermeer, Noord-Holland",52.30538559,4.69297981
134,2014-10-08 08:44:00,"Tilburg, North Brabant",51.55512238,5.0904932
135,2014-10-04 02:18:00,"Mol, België",51.18434525,5.11571789
136,2014-10-02 11:53:00,"Tilburg, North Brabant",51.55512238,5.0904932
137,2014-10-01 13:54:00,"Tilburg, North Brabant",51.55512238,5.0904932
138,2014-09-25 02:48:00,"Breda, North Brabant",51.58931732,4.7744751
139,2014-09-20 14:25:00,"Tilburg, North Brabant",51.55512238,5.0904932
140,2014-09-20 01:10:00,"Tilburg, North Brabant",51.55512238,5.0904932
141,2014-09-19 13:18:00,"Tilburg, North Brabant",51.55512238,5.0904932
142,2014-09-18 06:35:00,"Tilburg, North Brabant",51.55512238,5.0904932
143,2014-09-07 02:09:00,"Tilburg, North Brabant",51.55512238,5.0904932
144,2014-09-05 13:00:00,"Tilburg, North Brabant",51.55512238,5.0904932
145,2014-09-05 02:32:00,"Tilburg, North Brabant",51.55512238,5.0904932
146,2014-09-04 07:13:00,"Tilburg, North Brabant",51.55512238,5.0904932
147,2014-09-04 03:48:00,"Tilburg, North Brabant",51.55512238,5.0904932
148,2014-09-02 12:22:00,"Tilburg, North Brabant",51.55512238,5.0904932
149,2014-09-01 02:04:00,"Breda, North Brabant",51.58931732,4.7744751
150,2014-08-30 07:09:00,"Tilburg, North Brabant",51.55512238,5.0904932
151,2014-08-23 09:31:00,"Tilburg, North Brabant",51.55512238,5.0904932
152,2014-08-20 13:38:00,"Tilburg, North Brabant",51.55512238,5.0904932
153,2014-08-20 13:32:00,"Tilburg, North Brabant",51.55512238,5.0904932
154,2014-08-20 08:29:00,"Tilburg, North Brabant",51.55512238,5.0904932
155,2014-08-16 07:48:00,"Tilburg, North Brabant",51.55512238,5.0904932
156,2014-08-09 13:48:00,"Valencia, Comunidad Valenciana",39.47023773,-0.37680501
157,2014-08-09 07:59:00,"Valencia, Comunidad Valenciana",39.47023773,-0.37680501
158,2014-08-08 13:48:00,"Valencia, Comunidad Valenciana",39.47023773,-0.37680501
159,2014-08-08 12:18:00,"Valencia, Comunidad Valenciana",39.47023773,-0.37680501
160,2014-08-07 08:32:00,"Valencia, Comunidad Valenciana",39.47023773,-0.37680501
161,2014-08-06 10:49:00,"Valencia, Comunidad Valenciana",39.47023773,-0.37680501
162,2014-08-05 20:18:00,"Zaventem, België",50.88768768,4.47012615
163,2014-08-03 03:00:00,"Tilburg, North Brabant",51.55512238,5.0904932
164,2014-08-02 17:01:00,"Tilburg, North Brabant",51.55512238,5.0904932
165,2014-08-01 14:53:00,"Tilburg, North Brabant",51.55512238,5.0904932
166,2014-07-29 06:22:00,"Utrecht, The Netherlands",52.09168243,5.12036324
167,2014-07-27 13:35:00,"Tilburg, North Brabant",51.55512238,5.0904932
168,2014-07-27 08:45:00,"Tilburg, North Brabant",51.55512238,5.0904932
169,2014-07-26 15:54:00,"Tilburg, North Brabant",51.55512238,5.0904932
170,2014-07-25 14:06:00,"Tilburg, North Brabant",51.55512238,5.0904932
171,2014-07-21 08:14:00,"Tilburg, North Brabant",51.55512238,5.0904932
172,2014-07-19 16:58:00,"Tilburg, North Brabant",51.55512238,5.0904932
173,2014-07-19 14:41:00,"Tilburg, North Brabant",51.55512238,5.0904932
174,2014-07-17 11:01:00,"Tilburg, North Brabant",51.55512238,5.0904932
175,2014-07-17 08:48:00,"Tilburg, North Brabant",51.55512238,5.0904932
176,2014-07-11 09:53:00,"Tilburg, North Brabant",51.55512238,5.0904932
177,2014-07-05 08:17:00,"Antwerp, Belgium",51.22056198,4.39931011
178,2014-07-05 06:53:00,"Antwerp, Belgium",51.22056198,4.39931011
179,2014-07-02 21:54:00,"Tilburg, North Brabant",51.55512238,5.0904932
180,2014-07-02 10:51:00,"Tilburg, North Brabant",51.55512238,5.0904932
181,2014-07-01 05:48:00,"Muiden, Noord-Holland",52.33002853,5.06946802
182,2014-06-30 11:48:00,"Tilburg, North Brabant",51.55512238,5.0904932
183,2014-06-28 00:56:00,"Tilburg, North Brabant",51.55512238,5.0904932
184,2014-06-24 07:19:00,"Utrecht, The Netherlands",52.09168243,5.12036324
185,2014-06-24 03:38:00,"Utrecht, The Netherlands",52.09168243,5.12036324
186,2014-06-10 10:13:00,"New York, NY",40.71304703,-74.00723267
187,2014-06-08 17:52:00,"New York, NY",40.71304703,-74.00723267
188,2014-06-08 17:49:00,"New York, NY",40.71304703,-74.00723267
189,2014-06-08 17:13:00,"New York, NY",40.71304703,-74.00723267
190,2014-06-08 13:13:00,"New York, NY",40.71304703,-74.00723267
191,2014-06-07 13:39:00,"New York, NY",40.71304703,-74.00723267
192,2014-06-06 13:05:00,"New York, NY",40.71304703,-74.00723267
193,2014-06-06 10:24:00,"New York, NY",40.71304703,-74.00723267
194,2014-06-05 21:14:00,"New York, NY",40.71304703,-74.00723267
195,2014-06-05 20:41:00,"New York, NY",40.71304703,-74.00723267
196,2014-06-05 20:15:00,"New York, NY",40.71304703,-74.00723267
197,2014-06-05 09:39:00,"New York, NY",40.71304703,-74.00723267
198,2014-06-03 18:19:00,"New York, NY",40.71304703,-74.00723267
199,2014-05-31 12:55:00,"New York, NY",40.71304703,-74.00723267
200,2014-05-30 19:27:00,"New York, NY",40.71304703,-74.00723267
201,2014-05-30 11:45:00,"New York, NY",40.71304703,-74.00723267
202,2014-05-28 05:06:00,"Utrecht, The Netherlands",52.09168243,5.12036324
203,2014-05-27 11:21:00,"Goirle, Noord-Brabant",51.52066422,5.06716824
204,2014-05-25 01:04:00,"Goirle, Noord-Brabant",51.52066422,5.06716824
205,2014-05-21 02:29:00,"Amsterdam, North Holland",52.37316513,4.89065981
206,2014-05-16 05:58:00,"Utrecht, The Netherlands",52.09168243,5.12036324
207,2014-05-06 09:58:00,"Goirle, Noord-Brabant",51.52066422,5.06716824
208,2014-04-30 05:17:00,"Tilburg, North Brabant",51.55512238,5.0904932
209,2014-04-27 01:52:00,"Goirle, Noord-Brabant",51.52066422,5.06716824
210,2014-04-24 10:11:00,"Utrecht, The Netherlands",52.09168243,5.12036324
211,2014-04-21 00:08:00,"Oosterhout, Noord-Brabant",51.64471817,4.86085176
212,2014-04-20 03:26:00,"Goirle, Noord-Brabant",51.52066422,5.06716824
213,2014-04-18 07:07:00,"Tilburg, North Brabant",51.55512238,5.0904932
214,2014-04-18 00:41:00,"Tilburg, North Brabant",51.55512238,5.0904932
215,2014-04-17 06:10:00,"Utrecht, The Netherlands",52.09168243,5.12036324
216,2014-04-17 03:43:00,"Zeist, Utrecht",52.08204651,5.23871708
217,2014-04-13 03:37:00,"Goirle, Noord-Brabant",51.52066422,5.06716824
218,2014-04-12 09:28:00,"Tilburg, North Brabant",51.55512238,5.0904932
219,2014-04-08 12:22:00,"Haaren, Noord-Brabant",51.60189819,5.22669315
220,2014-04-06 04:31:00,"Goirle, Noord-Brabant",51.52066422,5.06716824
221,2014-04-04 08:21:00,"Amsterdam, North Holland",52.37316513,4.89065981
222,2014-04-03 00:30:00,"Tilburg, North Brabant",51.55512238,5.0904932
223,2014-03-31 02:56:00,"Apeldoorn, Gelderland",52.21632385,5.96462202
224,2014-03-30 04:50:00,"Goirle, Noord-Brabant",51.52066422,5.06716824
225,2014-03-29 09:38:00,"Tilburg, North Brabant",51.55512238,5.0904932
226,2014-03-29 05:26:00,"Tilburg, North Brabant",51.55512238,5.0904932
227,2014-03-27 00:46:00,"Tilburg, North Brabant",51.55512238,5.0904932
228,2014-03-23 01:20:00,"Tilburg, North Brabant",51.55512238,5.0904932
229,2014-03-22 01:19:00,"Goirle, Noord-Brabant",51.52066422,5.06716824
230,2014-03-21 09:17:00,"Tilburg, North Brabant",51.55512238,5.0904932
