,time,poi,latitude,longitude
0,2015-09-07 12:21:00,"California, USA",37.25466919,-119.61727905
1,2015-07-26 14:33:00,"California, USA",37.25466919,-119.61727905
2,2015-05-17 14:52:00,"California, USA",37.25466919,-119.61727905
3,2015-05-17 11:43:00,"California, USA",37.25466919,-119.61727905
4,2015-04-25 08:00:00,"Palm Springs, CA",33.83030319,-116.54684448
5,2015-03-15 19:04:00,"Rancho Palos Verdes, CA",33.74515915,-118.40239716
6,2015-03-15 19:01:00,"Rancho Palos Verdes, CA",33.74515915,-118.40239716
7,2015-01-04 18:15:00,"Santa Monica, CA",34.01093292,-118.49151611
8,2014-12-12 19:22:00,"Los Angeles, CA",34.05223846,-118.24334717
9,2014-12-10 15:47:00,"California, USA",37.25466919,-119.61727905
10,2014-11-27 15:49:00,"Palm Springs, CA",33.83030319,-116.54684448
11,2014-11-25 19:58:00,"Los Angeles, CA",34.05223846,-118.24334717
12,2014-11-15 14:05:00,"Hollywood, FL",26.0117569,-80.13905334
13,2014-11-02 19:50:00,"Los Angeles, CA",34.05223846,-118.24334717
14,2014-09-26 19:18:00,"Dana Point, CA",33.47276306,-117.69877625
15,2014-09-21 19:08:00,"Los Angeles, CA",34.05223846,-118.24334717
16,2014-09-20 21:08:00,"Beverly Hills, CA",34.08029556,-118.40467834
17,2014-08-01 19:51:00,"Los Angeles, CA",34.05223846,-118.24334717
18,2014-07-27 08:12:00,"Bend, OR",44.0580864,-121.3151474
19,2014-07-04 03:31:00,Republic of Croatia,45.14022827,16.42813492
20,2014-06-29 19:33:00,"London, England",51.50015259,-0.12623601
21,2014-06-17 23:21:00,"Urayasu-shi, Chiba",35.68227768,139.90762329
22,2014-05-18 15:46:00,"California, USA",37.25466919,-119.61727905
23,2014-05-18 11:58:00,"Carmel-By-the-Sea, CA",36.55250931,-121.92443848
24,2014-03-29 19:08:00,"Anaheim, CA",33.83449173,-117.91564178
25,2014-02-23 12:21:00,"Los Angeles, CA",34.05223846,-118.24334717
26,2014-02-22 17:35:00,"Dana Point, CA",33.47276306,-117.69877625
27,2014-02-16 10:58:00,"Snowmass Village, CO",39.21813965,-106.93615723
28,2014-02-14 06:28:00,"Glendale, CA",34.14813614,-118.24643707
29,2014-02-05 00:54:00,"Manhattan, NY",40.75325012,-74.00380707
30,2013-12-24 15:09:00,"Mount Crested Butte, CO",38.9113121,-106.96256256
31,2013-12-14 18:13:00,"Los Angeles, CA",34.05223846,-118.24334717
32,2013-09-28 22:30:00,"Los Angeles, CA",34.05223846,-118.24334717
33,2013-09-12 06:17:00,"Chicago, IL",41.8832283,-87.63240051
34,2013-06-10 12:18:00,Greece,38.14803314,23.95284462
35,2013-06-09 12:45:00,Greece,38.14803314,23.95284462
36,2013-06-07 10:11:00,Greece,38.14803314,23.95284462
37,2013-05-28 15:58:00,"Central Okanagan, British Columbia",49.88448715,-119.49349976
38,2013-05-22 19:47:00,"Los Angeles, CA",34.05223846,-118.24334717
39,2013-05-13 15:01:00,"Hackney, London",51.54578781,-0.055418
40,2013-05-13 11:38:00,"Hackney, London",51.54578781,-0.055418
41,2013-05-12 07:42:00,The Green Man,52.0273805,-0.4238153
42,2013-05-11 12:32:00,"Dana Point, CA",33.47276306,-117.69877625
43,2013-05-05 19:37:00,Casita Del Campo,21.99980736,-99.02642059
44,2013-05-04 17:48:00,Cobras and Matadors,-6.7355032,-44.88595963
45,2013-05-04 14:10:00,"Los Angeles, CA",34.05223846,-118.24334717
46,2013-04-30 05:32:00,Blue Fin - New York,40.71304703,-74.00723267
47,2013-04-29 16:19:00,"Manhattan, NY",40.75325012,-74.00380707
48,2013-04-29 12:53:00,"Manhattan, NY",40.75325012,-74.00380707
49,2013-04-29 09:17:00,"Philadelphia, PA",39.95106125,-75.1656189
50,2013-04-28 17:38:00,"Philadelphia, PA",39.95106125,-75.1656189
51,2013-04-27 13:49:00,Hedley's,49.35580063,-120.07794189
52,2013-04-24 14:34:00,"Los Angeles, CA",34.05223846,-118.24334717
53,2013-04-22 08:36:00,"Burbank, CA",34.18205261,-118.30747223
54,2013-04-21 10:34:00,Pipes Cafe,13.53492,100.62442
55,2013-04-18 20:56:00,"Los Angeles, CA",34.05223846,-118.24334717
56,2013-04-13 20:15:00,Casita Del Campo,21.99980736,-99.02642059
57,2013-04-13 16:32:00,"California, USA",37.25466919,-119.61727905
58,2013-04-13 12:33:00,universal studios,34.13623428,-118.35434723
59,2013-04-10 09:38:00,"Glendale, CA",34.14813614,-118.24643707
60,2013-04-05 20:35:00,"Los Angeles, CA",34.05223846,-118.24334717
61,2013-03-30 16:49:00,ESPN Zone,36.10150909,-115.17446899
62,2013-03-16 21:28:00,"Los Angeles, CA",34.05223846,-118.24334717
63,2013-03-10 15:29:00,"Los Angeles, CA",34.05223846,-118.24334717
64,2013-03-09 21:39:00,"Los Angeles, CA",34.05223846,-118.24334717
65,2013-03-09 00:34:00,Magic Castle Hotel,51.0154953,-3.10371089
66,2013-03-03 13:56:00,Empress Pavilion,27.9018095,-82.2341365
67,2013-02-18 14:00:00,"Los Angeles, CA",34.05223846,-118.24334717
68,2013-02-18 11:53:00,Maos Kitchen,19.55567932,-71.07590485
69,2013-02-16 13:51:00,"California, USA",37.25466919,-119.61727905
70,2013-01-25 18:43:00,Fifth Street Public Market,29.60112762,-95.55243683
71,2013-01-23 19:21:00,"Los Angeles, CA",34.05223846,-118.24334717
72,2013-01-19 19:25:00,Bar Bouchon,44.1277771,4.53324795
73,2013-01-13 13:32:00,"Los Angeles, CA",34.05223846,-118.24334717
74,2013-01-07 09:46:00,"Glendale, CA",34.14813614,-118.24643707
75,2012-12-30 16:40:00,Pappy and Harriets Pioneertown Palace,34.15611649,-116.49500275
76,2012-12-26 18:50:00,"Teton Village, WY",43.58657074,-110.82575989
77,2012-11-05 17:05:00,"Meguro-ku, Tokyo",35.63021851,139.69795227
78,2012-10-30 09:59:00,"Redmond, WA",47.6749115,-122.12399292
79,2012-10-29 18:22:00,"Los Angeles, CA",34.05223846,-118.24334717
80,2012-09-08 13:28:00,Home Restaurant,18.72220993,103.32922363
81,2012-09-07 20:33:00,Cobras and Matadors,-6.7355032,-44.88595963
82,2012-09-02 20:30:00,"Los Angeles, CA",34.05223846,-118.24334717
83,2012-09-01 13:20:00,Casita Del Campo,21.99980736,-99.02642059
84,2012-08-26 09:29:00,Tacos Delta,49.09020996,-123.06526947
85,2012-08-12 14:54:00,"Los Angeles, CA",34.05223846,-118.24334717
86,2012-08-11 15:32:00,Mountain Terrace,17.99603462,-76.76670074
87,2012-08-10 21:02:00,Audio Visual Headquarters Stanford Park Hotel,37.44499969,-122.17832947
88,2012-08-04 19:40:00,"Los Angeles, CA",34.05223846,-118.24334717
89,2012-08-03 19:55:00,Hollywood Bowl,34.11255264,-118.3384552
90,2012-07-22 11:27:00,"Los Angeles, CA",34.05223846,-118.24334717
91,2012-07-21 12:38:00,Big Daddy O's Beach Bbq,37.84954071,23.75057793
92,2012-07-12 22:41:00,"Hanalei, HI",22.20314789,-159.49565125
93,2012-07-10 21:54:00,"Princeville, HI",22.22190285,-159.48280334
94,2012-07-08 12:58:00,"Mount Crested Butte, CO",38.9113121,-106.96256256
95,2012-06-15 22:21:00,"Los Angeles, CA",34.05223846,-118.24334717
96,2012-05-20 10:56:00,"Los Angeles, CA",34.05223846,-118.24334717
97,2012-05-19 11:40:00,ESPN Zone,36.10150909,-115.17446899
98,2012-05-12 22:41:00,M Bar and Restaurant,42.09806824,19.09493637
99,2012-04-07 21:15:00,"West Hollywood, CA",34.09068298,-118.37174988
100,2012-04-07 15:31:00,"Los Angeles, CA",34.05223846,-118.24334717
101,2012-04-01 12:53:00,"Los Angeles, CA",34.05223846,-118.24334717
102,2012-03-31 21:34:00,Home Depot Center,33.86269379,-118.26275635
103,2012-03-31 11:57:00,Chili John's,-31.76133728,-71.31877136
104,2012-03-25 19:50:00,Casa Linda,32.82179642,-96.68852997
105,2012-03-18 12:07:00,Los Feliz Golf Course,34.10770035,-118.28524017
106,2012-03-11 21:43:00,Abbot's Pizza Co,4.09991693,-72.90881348
107,2012-03-10 10:12:00,"Los Angeles, CA",34.05223846,-118.24334717
108,2011-07-12 04:15:00,"Los Angeles, CA",34.05223846,-118.24334717
109,2011-06-30 01:01:00,"Los Angeles, CA",34.05223846,-118.24334717
110,2011-06-05 21:09:00,Abbot's Pizza Co,4.09991693,-72.90881348
111,2011-05-25 23:14:00,St. Julien Hotel & Spa,48.4521904,-2.81469893
112,2011-05-25 21:23:00,"Denver, CO",39.73845291,-104.98485565
113,2011-05-21 11:53:00,Indie Cafe,22.35251236,79.36368561
114,2011-05-14 11:15:00,Aoc,43.60404968,-113.33406067
115,2011-05-10 22:05:00,Abbot's Pizza Co,4.09991693,-72.90881348
116,2011-05-05 19:59:00,Directors Guild Of America,39.50356674,-99.01830292
117,2011-04-30 12:03:00,"Anaheim, CA",33.83449173,-117.91564178
118,2011-04-30 09:40:00,Coffee Hotline,35.47732925,-86.08087158
119,2011-04-22 21:52:00,Blue Beet Cafe,38.08416367,-111.57003021
120,2011-04-22 20:03:00,Rudy's Pub & Grill,35.52719116,-94.26935577
121,2011-04-20 20:46:00,Abbot's Pizza Co,4.09991693,-72.90881348
122,2011-04-16 19:20:00,3 Square Cafe   Bakery,13.77314,100.63004
123,2011-04-16 12:46:00,"Los Angeles, CA",34.05223846,-118.24334717
124,2011-04-16 09:08:00,Bonus Car Wash,29.45172501,-96.28089905
125,2011-04-16 08:58:00,Groundwork Coffee Co,31.38588524,-85.92947388
126,2011-04-15 18:18:00,Los Angeles International Airport,33.94157028,-118.40877533
127,2011-04-15 09:30:00,"Manhattan, NY",40.75325012,-74.00380707
128,2011-04-14 19:05:00,Whiskey Park,40.96941376,-106.9158783
129,2011-04-13 16:07:00,Yankee Stadium,40.82912827,-73.92729187
130,2011-04-12 18:13:00,Whiskey Park,40.96941376,-106.9158783
131,2011-04-11 21:38:00,"Queens, NY",40.75977707,-73.81729889
132,2011-04-09 20:51:00,"Los Angeles, CA",34.05223846,-118.24334717
133,2011-04-09 16:18:00,Brig (The),46.31584167,7.98781681
134,2011-04-07 20:24:00,Abbot's Pizza Co,4.09991693,-72.90881348
135,2011-04-05 20:22:00,"Santa Monica, CA",34.01093292,-118.49151611
136,2011-04-03 21:50:00,Los Angeles International Airport,33.94157028,-118.40877533
137,2011-04-03 14:42:00,"Chicago, IL",41.8832283,-87.63240051
138,2011-04-02 17:29:00,English Bar & Restaurant,39.87055969,-120.81667328
139,2011-04-01 19:34:00,"Chicago, IL",41.8832283,-87.63240051
140,2011-04-01 18:51:00,Harry Caray's Restaurant,-8.33443737,-78.62601471
141,2011-04-01 16:11:00,Rocklit Bar & Grill,42.09806824,19.09493637
142,2011-03-31 19:44:00,Trim Hair Salon,53.5536232,-6.79358387
143,2011-03-27 18:25:00,"Los Angeles, CA",34.05223846,-118.24334717
144,2011-03-25 20:34:00,James' Beach,45.66910553,-62.5541153
145,2011-03-21 07:20:00,Los Angeles International Airport,33.94157028,-118.40877533
146,2011-03-20 09:49:00,"Utah, USA",39.32378006,-111.67822266
147,2011-03-19 19:22:00,Main Street,40.11719894,-75.34860229
148,2011-03-19 12:41:00,"Utah, USA",39.32378006,-111.67822266
149,2011-03-19 09:38:00,"Utah, USA",39.32378006,-111.67822266
150,2011-03-18 21:45:00,Bandits Grill & Bar,53.6396762,-1.797789
151,2011-03-15 23:59:00,"SeaTac, WA",47.44525909,-122.29453278
152,2011-03-13 19:48:00,Hal's Bar & Grill,7.32849979,8.64449978
153,2011-03-13 18:21:00,Brig (The),46.31584167,7.98781681
154,2011-03-06 18:41:00,Mix - Las Vegas,36.16909027,-115.14057922
155,2011-03-06 12:39:00,Simon @ Palms Place,1.36542458,103.88302815
156,2011-03-05 18:00:00,"Palms Place Hotel, Condo, Spa",36.11468887,-115.19494629
157,2011-03-05 15:38:00,"Los Angeles, CA",34.05223846,-118.24334717
158,2011-03-03 12:57:00,W San Francisco,38.670239,-90.2330825
159,2011-02-21 11:11:00,The Rose Cafe & Market,51.2741953,0.52238
160,2011-02-20 13:27:00,Bay Cities Italian Deli,8.70948601,15.87378311
161,2011-02-19 13:37:00,Pedro's Tacos,36.16841125,-94.40409851
162,2011-02-18 22:37:00,Mint,-33.8689537,151.2124176
163,2011-02-18 20:46:00,Natalee Thai Cuisine,15.13178921,101.01837921
164,2011-02-09 20:44:00,Casa Linda,32.82179642,-96.68852997
165,2011-02-06 14:08:00,Whole Foods Market,51.461024,-0.3031038
166,2011-02-05 17:34:00,Malbec Argentinian Bistro,45.26473618,4.2570262
167,2011-02-05 16:30:00,Jimmy Choo,6.88901186,-10.21424389
168,2011-01-30 10:36:00,"California, USA",37.25466919,-119.61727905
169,2011-01-28 18:31:00,Finn McCool's,33.2023735,-89.34485626
170,2011-01-23 18:06:00,Casa Linda,32.82179642,-96.68852997
171,2011-01-16 09:22:00,"California, USA",37.25466919,-119.61727905
172,2011-01-15 13:37:00,"California, USA",37.25466919,-119.61727905
173,2011-01-14 21:38:00,Brig (The),46.31584167,7.98781681
174,2011-01-07 18:13:00,Vegas Memories,36.16909027,-115.14057922
175,2011-01-06 05:35:00,"San Antonio, TX",29.4251709,-98.49461365
176,2011-01-05 17:43:00,Grand Hyatt San Antonio,29.4251709,-98.49461365
177,2011-01-02 16:49:00,Brig (The),46.31584167,7.98781681
178,2011-01-02 10:49:00,Abbot’s Habit,37.55709839,-88.7009964
179,2011-01-01 13:09:00,Rose Bowl,34.15884018,-118.16758728
180,2010-12-29 17:22:00,Brig (The),46.31584167,7.98781681
181,2010-12-28 14:05:00,"Colorado, USA",38.99855042,-105.5478363
182,2010-12-27 14:47:00,Crested Butte Mountain Resort,38.89832306,-106.96672821
183,2010-12-27 10:03:00,"Colorado, USA",38.99855042,-105.5478363
184,2010-12-27 10:02:00,"Colorado, USA",38.99855042,-105.5478363
185,2010-12-26 15:33:00,"Crested Butte, CO",38.87068176,-106.98093414
186,2010-12-26 12:10:00,"Colorado, USA",38.99855042,-105.5478363
187,2010-12-25 14:20:00,"Crested Butte, CO",38.87068176,-106.98093414
188,2010-12-25 11:23:00,Crested Butte Mountain Resort,38.89832306,-106.96672821
189,2010-11-30 21:16:00,Key Club,38.77138901,-79.39556122
190,2010-11-19 12:00:00,"South Gate, CA",33.95421219,-118.20608521
191,2010-10-05 21:54:00,Abbot's Pizza Co,4.09991693,-72.90881348
192,2010-09-06 12:31:00,Bonus Car Wash,29.45172501,-96.28089905
193,2010-09-05 20:39:00,Abbot's Pizza Co,4.09991693,-72.90881348
194,2010-09-03 07:55:00,State of California Santa Monica (General Information & Appointments),34.01093292,-118.49151611
195,2010-09-02 07:45:00,Nini's Coffee Shop,9.73333263,6.43333292
196,2010-08-22 20:49:00,Casa Linda,32.82179642,-96.68852997
197,2010-08-15 10:52:00,Whistling Straits Golf Course,43.85188675,-87.73433685
198,2010-07-22 19:39:00,Brig (The),46.31584167,7.98781681
199,2010-07-20 16:37:00,Benaroya Hall,47.6080513,-122.33694458
200,2010-07-19 19:05:00,Abbot's Pizza Co,4.09991693,-72.90881348
201,2010-07-18 14:04:00,Brig (The),46.31584167,7.98781681
202,2010-07-18 12:38:00,1 Pico Restaurant,-35.65910721,-63.75761032
203,2010-07-17 10:32:00,CrossRoads Cafe & Tavern,46.23339844,-63.00679016
204,2010-07-14 11:44:00,"Los Angeles, CA",34.05223846,-118.24334717
205,2010-07-12 22:19:00,Brig (The),46.31584167,7.98781681
206,2010-07-10 08:19:00,"California, USA",37.25466919,-119.61727905
207,2010-07-07 23:13:00,Brig (The),46.31584167,7.98781681
208,2010-07-07 20:55:00,Finn McCool's,33.2023735,-89.34485626
209,2010-07-05 21:53:00,"Brentwood, TN",35.99554443,-86.77889252
210,2010-07-04 10:37:00,"Palm Springs, CA",33.83030319,-116.54684448
