,time,poi,latitude,longitude
0,2015-08-29 00:04:00,"Almere, Flevoland",52.37201691,5.2167058
1,2015-08-26 10:52:00,"Naarden, Noord-Holland",52.29528046,5.16222
2,2015-08-22 02:23:00,"Almere, Flevoland",52.37201691,5.2167058
3,2015-05-28 07:36:00,"Stichtse Vecht, Utrecht",52.15000153,5.03299999
4,2015-05-22 10:48:00,"Haarlemmermeer, Noord-Holland",52.30538559,4.69297981
5,2015-05-21 04:13:00,"Waldsassen, Bayern",50.00198746,12.30732346
6,2015-04-24 10:49:00,"Almere, Flevoland",52.37201691,5.2167058
7,2015-04-24 10:32:00,"Almere, Flevoland",52.37201691,5.2167058
8,2013-08-31 01:39:00,"Oegstgeest, Zuid-Holland",52.18375778,4.47079992
9,2013-08-29 23:34:00,"Oegstgeest, Zuid-Holland",52.18375778,4.47079992
10,2013-08-24 05:06:00,"Almere, Flevoland",52.37201691,5.2167058
11,2013-08-24 03:57:00,"Almere, Flevoland",52.37201691,5.2167058
12,2013-08-24 02:44:00,"Almere, Flevoland",52.37201691,5.2167058
13,2013-08-24 01:04:00,"Almere, Flevoland",52.37201691,5.2167058
14,2013-08-10 03:01:00,"Utrecht, The Netherlands",52.09168243,5.12036324
15,2013-03-18 02:42:00,"Rijswijk, Zuid-Holland",52.04163361,4.32247877
16,2013-03-18 02:41:00,"Rijswijk, Zuid-Holland",52.04163361,4.32247877
17,2013-03-18 02:40:00,"Rijswijk, Zuid-Holland",52.04163361,4.32247877
18,2013-01-12 00:45:00,"Almere, Flevoland",52.37201691,5.2167058
19,2013-01-07 23:05:00,"Rijswijk, Zuid-Holland",52.04163361,4.32247877
20,2012-12-19 11:31:00,"Almere, Flevoland",52.37201691,5.2167058
21,2012-11-07 23:19:00,"Almere, Flevoland",52.37201691,5.2167058
22,2012-10-20 07:03:00,"Oost Gelre, Gelderland",52.04178619,6.61789703
23,2012-10-07 23:04:00,"Aix-la-Chapelle, North Rhine-Westphalia",50.77542877,6.08149195
24,2012-09-28 23:47:00,"Almere, Flevoland",52.37201691,5.2167058
25,2012-09-15 08:56:00,"Almere, Flevoland",52.37201691,5.2167058
26,2012-08-11 04:04:00,"Amsterdam, North Holland",52.37316513,4.89065981
27,2012-08-09 23:18:00,"Waddinxveen, Zuid-Holland",52.045578,4.64549589
28,2012-08-09 04:39:00,"Schiedam, Zuid-Holland",51.91789627,4.40025282
29,2012-08-07 00:34:00,"Schiedam, Zuid-Holland",51.91789627,4.40025282
30,2012-08-07 00:32:00,"Schiedam, Zuid-Holland",51.91789627,4.40025282
31,2012-08-05 23:26:00,"Waddinxveen, Zuid-Holland",52.045578,4.64549589
32,2012-08-03 09:31:00,"Almere, Flevoland",52.37201691,5.2167058
33,2012-08-02 23:08:00,"Waddinxveen, Zuid-Holland",52.045578,4.64549589
34,2012-08-02 09:47:00,"Almere, Flevoland",52.37201691,5.2167058
35,2012-08-02 01:54:00,"Schiedam, Zuid-Holland",51.91789627,4.40025282
36,2012-07-30 08:26:00,Shell Station Bergh ZZ,51.88299942,6.25
37,2012-07-30 07:10:00,"Waddinxveen, Zuid-Holland",52.045578,4.64549589
38,2012-07-30 07:10:00,"Waddinxveen, Zuid-Holland",52.045578,4.64549589
39,2012-07-28 11:16:00,Restaurant Garlic Queen,32.19094086,-104.74578857
40,2012-07-28 10:51:00,"Amsterdam, North Holland",52.37316513,4.89065981
41,2012-07-28 07:29:00,P&R Station Weesp,52.30732727,5.04261017
42,2012-07-28 03:35:00,"Haarlemmermeer, Noord-Holland",52.30538559,4.69297981
43,2012-07-28 02:59:00,"Velsen, Noord-Holland",52.46910858,4.64432287
44,2012-07-27 19:56:00,"Velsen, Noord-Holland",52.46910858,4.64432287
45,2012-07-26 06:02:00,"Schiedam, Zuid-Holland",51.91789627,4.40025282
46,2012-07-25 02:24:00,"Amsterdam, North Holland",52.37316513,4.89065981
47,2012-07-23 23:41:00,"Schiedam, Zuid-Holland",51.91789627,4.40025282
48,2012-07-23 05:51:00,"Diemen, Noord-Holland",52.34203339,4.96155977
49,2012-07-23 05:51:00,"Diemen, Noord-Holland",52.34203339,4.96155977
50,2012-07-20 10:08:00,Olympia,47.03553391,-122.9008255
51,2012-07-19 04:38:00,"Schiedam, Zuid-Holland",51.91789627,4.40025282
52,2012-07-19 00:49:00,"Amsterdam, North Holland",52.37316513,4.89065981
53,2012-07-18 11:24:00,"Almere, Flevoland",52.37201691,5.2167058
54,2012-07-18 05:16:00,"Schiedam, Zuid-Holland",51.91789627,4.40025282
55,2012-07-18 02:23:00,"Waddinxveen, Zuid-Holland",52.045578,4.64549589
56,2012-07-07 07:14:00,"Amsterdam, North Holland",52.37316513,4.89065981
57,2012-07-07 06:44:00,"Amsterdam, North Holland",52.37316513,4.89065981
58,2012-07-07 04:34:00,"Amsterdam, North Holland",52.37316513,4.89065981
59,2012-07-07 04:34:00,"Amsterdam, North Holland",52.37316513,4.89065981
60,2012-07-07 02:52:00,"Almere, Flevoland",52.37201691,5.2167058
61,2012-07-07 02:27:00,"Almere, Flevoland",52.37201691,5.2167058
62,2012-06-30 06:55:00,"Almere, Flevoland",52.37201691,5.2167058
63,2012-06-30 06:10:00,"Almere, Flevoland",52.37201691,5.2167058
64,2012-06-30 04:27:00,"Lelystad, Flevoland",52.51000595,5.47764301
65,2012-06-30 03:23:00,"Lelystad, Flevoland",52.51000595,5.47764301
66,2012-06-23 00:47:00,"Almere, Flevoland",52.37201691,5.2167058
67,2012-06-21 23:10:00,"Schiedam, Zuid-Holland",51.91789627,4.40025282
68,2012-06-19 20:46:00,"Utrecht, The Netherlands",52.09168243,5.12036324
69,2012-06-19 05:37:00,"Diemen, Noord-Holland",52.34203339,4.96155977
70,2012-06-18 22:36:00,"Schiedam, Zuid-Holland",51.91789627,4.40025282
71,2012-06-17 23:35:00,"Schiedam, Zuid-Holland",51.91789627,4.40025282
72,2012-06-17 03:12:00,"Almere, Flevoland",52.37201691,5.2167058
73,2012-06-17 02:49:00,"Almere, Flevoland",52.37201691,5.2167058
74,2012-06-16 08:54:00,"Almere, Flevoland",52.37201691,5.2167058
75,2012-06-16 04:29:00,"Almere, Flevoland",52.37201691,5.2167058
76,2012-06-16 01:56:00,"Almere, Flevoland",52.37201691,5.2167058
77,2012-06-16 00:43:00,"Almere, Flevoland",52.37201691,5.2167058
78,2012-06-15 10:12:00,"Almere, Flevoland",52.37201691,5.2167058
79,2012-06-15 10:00:00,"Almere, Flevoland",52.37201691,5.2167058
80,2012-06-15 09:59:00,"Almere, Flevoland",52.37201691,5.2167058
81,2012-06-11 23:29:00,"Krimpen aan den IJssel, Zuid-Holland",51.91617584,4.59365892
82,2012-06-11 00:49:00,"Schiedam, Zuid-Holland",51.91789627,4.40025282
83,2012-06-10 08:56:00,Restaurant Kimono,-12.10018635,27.65175629
84,2012-06-10 04:23:00,"Almere, Flevoland",52.37201691,5.2167058
85,2012-06-10 04:20:00,"Almere, Flevoland",52.37201691,5.2167058
86,2012-06-10 04:16:00,"Almere, Flevoland",52.37201691,5.2167058
87,2012-06-10 04:05:00,"Almere, Flevoland",52.37201691,5.2167058
88,2012-06-09 02:06:00,"Zaanstad, Noord-Holland",52.46329498,4.77341604
89,2012-06-09 00:39:00,"Almere, Flevoland",52.37201691,5.2167058
90,2012-06-08 14:37:00,"Almere, Flevoland",52.37201691,5.2167058
91,2012-06-07 23:29:00,"Schiedam, Zuid-Holland",51.91789627,4.40025282
92,2012-06-07 10:02:00,"Almere, Flevoland",52.37201691,5.2167058
93,2012-06-06 09:02:00,"Almere, Flevoland",52.37201691,5.2167058
94,2012-06-06 04:32:00,"Almere, Flevoland",52.37201691,5.2167058
95,2012-06-05 10:12:00,"Almere, Flevoland",52.37201691,5.2167058
96,2012-06-05 04:39:00,"Gouda, Zuid-Holland",52.01026917,4.70983315
97,2012-06-05 04:39:00,"Gouda, Zuid-Holland",52.01026917,4.70983315
98,2012-06-04 00:15:00,"Schiedam, Zuid-Holland",51.91789627,4.40025282
99,2012-06-03 03:37:00,"Bussum, Noord-Holland",52.27404022,5.16659403
100,2012-06-01 23:19:00,"Almere, Flevoland",52.37201691,5.2167058
101,2012-05-31 04:54:00,Emmen,52.78770065,6.89481306
102,2012-05-31 01:50:00,"Aa en Hunze, Bonaire, Sint Eustatius and Saba",53.00551605,6.7636342
103,2012-05-31 01:50:00,"Aa en Hunze, Bonaire, Sint Eustatius and Saba",53.00551605,6.7636342
104,2012-05-29 07:33:00,"Aa en Hunze, Bonaire, Sint Eustatius and Saba",53.00551605,6.7636342
105,2012-05-29 04:02:00,De Gulle Gans,35.38621902,-94.69374084
106,2012-05-22 04:49:00,"Schiedam, Zuid-Holland",51.91789627,4.40025282
107,2012-05-19 03:50:00,"Almere, Flevoland",52.37201691,5.2167058
108,2012-05-19 00:46:00,"Almere, Flevoland",52.37201691,5.2167058
109,2012-05-17 09:26:00,"Almere, Flevoland",52.37201691,5.2167058
110,2012-05-17 01:50:00,"Enkhuizen, Noord-Holland",52.7048912,5.28965902
111,2012-05-12 04:33:00,"Lelystad, Flevoland",52.51000595,5.47764301
112,2012-05-12 04:03:00,"Lelystad, Flevoland",52.51000595,5.47764301
113,2012-05-10 03:54:00,"Rotterdam, South Holland",51.9229126,4.47058487
114,2012-05-10 01:06:00,"Almere, Flevoland",52.37201691,5.2167058
115,2012-05-09 00:46:00,"Utrecht, The Netherlands",52.09168243,5.12036324
116,2012-05-07 09:56:00,"Almere, Flevoland",52.37201691,5.2167058
117,2012-05-07 01:34:00,"Gouda, Zuid-Holland",52.01026917,4.70983315
118,2012-05-02 23:48:00,"Almere, Flevoland",52.37201691,5.2167058
119,2012-04-30 07:34:00,"Almere, Flevoland",52.37201691,5.2167058
120,2012-04-30 05:44:00,"Almere, Flevoland",52.37201691,5.2167058
121,2012-04-25 09:53:00,"Almere, Flevoland",52.37201691,5.2167058
122,2012-04-24 11:06:00,"Almere, Flevoland",52.37201691,5.2167058
123,2012-04-21 09:07:00,New Town,47.97954559,-102.4934845
124,2012-04-21 02:36:00,"Almere, Flevoland",52.37201691,5.2167058
125,2012-04-21 02:35:00,"Almere, Flevoland",52.37201691,5.2167058
126,2012-04-21 02:02:00,"Almere, Flevoland",52.37201691,5.2167058
127,2012-04-21 01:01:00,"Almere, Flevoland",52.37201691,5.2167058
128,2012-04-20 04:03:00,"Haarlem, North Holland",52.37949371,4.6377182
129,2012-04-19 23:14:00,"Haarlem, North Holland",52.37949371,4.6377182
130,2012-04-18 05:46:00,"Schiedam, Zuid-Holland",51.91789627,4.40025282
131,2012-04-14 11:55:00,"Almere, Flevoland",52.37201691,5.2167058
132,2012-04-14 01:05:00,"Apeldoorn, Gelderland",52.21632385,5.96462202
133,2012-04-13 00:34:00,"Haarlemmermeer, Noord-Holland",52.30538559,4.69297981
134,2012-04-10 23:51:00,"Schiedam, Zuid-Holland",51.91789627,4.40025282
135,2012-04-06 08:40:00,"Almere, Flevoland",52.37201691,5.2167058
136,2012-04-06 00:43:00,"Almere, Flevoland",52.37201691,5.2167058
137,2012-04-04 12:36:00,Societeit De Unie,44.64742661,14.26002026
138,2012-04-02 23:47:00,"Amsterdam, North Holland",52.37316513,4.89065981
139,2012-04-02 00:31:00,"Amsterdam, North Holland",52.37316513,4.89065981
140,2012-04-01 03:30:00,"Almere, Flevoland",52.37201691,5.2167058
141,2012-03-30 11:30:00,"Almere, Flevoland",52.37201691,5.2167058
142,2012-03-30 00:12:00,"Haarlem, North Holland",52.37949371,4.6377182
143,2012-03-29 01:05:00,"Schiedam, Zuid-Holland",51.91789627,4.40025282
144,2012-03-26 00:59:00,"Schiedam, Zuid-Holland",51.91789627,4.40025282
145,2012-03-25 09:45:00,"Almere, Flevoland",52.37201691,5.2167058
146,2012-03-22 02:39:00,"Schiedam, Zuid-Holland",51.91789627,4.40025282
147,2012-03-19 05:55:00,"The Hague, South Holland",52.08019638,4.31013298
148,2012-03-19 00:23:00,"Schiedam, Zuid-Holland",51.91789627,4.40025282
149,2012-03-18 02:55:00,"Almere, Flevoland",52.37201691,5.2167058
150,2012-03-17 08:47:00,"Almere, Flevoland",52.37201691,5.2167058
151,2012-03-17 06:52:00,"Almere, Flevoland",52.37201691,5.2167058
152,2012-03-17 05:51:00,"Almere, Flevoland",52.37201691,5.2167058
153,2012-03-17 03:38:00,"Almere, Flevoland",52.37201691,5.2167058
154,2012-03-17 01:12:00,"Almere, Flevoland",52.37201691,5.2167058
155,2012-03-16 10:49:00,Restaurant Kimono,-12.10018635,27.65175629
156,2012-03-16 02:01:00,"Rijswijk, Zuid-Holland",52.04163361,4.32247877
157,2012-03-14 00:02:00,"Schiedam, Zuid-Holland",51.91789627,4.40025282
158,2012-03-13 02:05:00,"Schiedam, Zuid-Holland",51.91789627,4.40025282
159,2012-03-12 00:06:00,"Schiedam, Zuid-Holland",51.91789627,4.40025282
160,2012-03-08 22:55:00,"Schiedam, Zuid-Holland",51.91789627,4.40025282
161,2012-03-07 02:13:00,"Woerden, Utrecht",52.0860672,4.88393307
162,2012-02-29 23:17:00,"Salins, Valais",46.21071625,7.35737419
163,2012-02-27 04:46:00,"Salins, Valais",46.21071625,7.35737419
164,2012-02-26 21:20:00,"Salins, Valais",46.21071625,7.35737419
165,2012-02-26 21:16:00,Sion,46.23240662,7.35848522
166,2012-02-21 22:42:00,"Schiedam, Zuid-Holland",51.91789627,4.40025282
167,2012-02-20 23:05:00,"Schiedam, Zuid-Holland",51.91789627,4.40025282
168,2012-02-19 02:18:00,"Almere, Flevoland",52.37201691,5.2167058
169,2012-02-18 03:24:00,"Hilversum, Noord-Holland",52.22396851,5.1709218
170,2012-02-18 00:57:00,"Almere, Flevoland",52.37201691,5.2167058
171,2012-02-16 23:43:00,"Schiedam, Zuid-Holland",51.91789627,4.40025282
172,2012-02-16 10:24:00,De Houten Vier,53.07001,5.53102
173,2012-02-15 00:04:00,"Schiedam, Zuid-Holland",51.91789627,4.40025282
174,2012-02-10 00:28:00,"Schiedam, Zuid-Holland",51.91789627,4.40025282
175,2012-02-09 04:18:00,"Schiedam, Zuid-Holland",51.91789627,4.40025282
176,2012-02-08 00:26:00,"Schiedam, Zuid-Holland",51.91789627,4.40025282
177,2012-02-03 06:03:00,"Almere, Flevoland",52.37201691,5.2167058
178,2012-02-01 23:03:00,"Schiedam, Zuid-Holland",51.91789627,4.40025282
179,2012-01-28 08:37:00,"Almere, Flevoland",52.37201691,5.2167058
180,2012-01-28 08:37:00,"Almere, Flevoland",52.37201691,5.2167058
181,2012-01-28 04:26:00,"Amersfoort, Utrecht",52.15659332,5.38892412
182,2012-01-28 01:43:00,"Amersfoort, Utrecht",52.15659332,5.38892412
183,2012-01-23 22:41:00,"Schiedam, Zuid-Holland",51.91789627,4.40025282
184,2012-01-22 22:49:00,"Schiedam, Zuid-Holland",51.91789627,4.40025282
185,2012-01-21 23:51:00,"Almere, Flevoland",52.37201691,5.2167058
186,2012-01-19 00:32:00,"Schiedam, Zuid-Holland",51.91789627,4.40025282
187,2012-01-17 23:16:00,"Schiedam, Zuid-Holland",51.91789627,4.40025282
188,2012-01-15 23:04:00,"Schiedam, Zuid-Holland",51.91789627,4.40025282
189,2012-01-15 03:31:00,"Almere, Flevoland",52.37201691,5.2167058
190,2012-01-12 23:06:00,"Almere, Flevoland",52.37201691,5.2167058
191,2012-01-12 03:43:00,"Schiedam, Zuid-Holland",51.91789627,4.40025282
192,2012-01-11 00:35:00,"Schiedam, Zuid-Holland",51.91789627,4.40025282
193,2012-01-11 00:35:00,"Schiedam, Zuid-Holland",51.91789627,4.40025282
194,2012-01-10 23:14:00,"Schiedam, Zuid-Holland",51.91789627,4.40025282
195,2012-01-08 23:41:00,"Schiedam, Zuid-Holland",51.91789627,4.40025282
196,2012-01-08 01:31:00,"Amersfoort, Utrecht",52.15659332,5.38892412
197,2012-01-07 05:14:00,"Haarlem, North Holland",52.37949371,4.6377182
198,2012-01-06 10:18:00,Restaurant Boathouse Almere,52.37201691,5.2167058
199,2012-01-05 23:53:00,"Schiedam, Zuid-Holland",51.91789627,4.40025282
200,2012-01-05 04:58:00,"Schiedam, Zuid-Holland",51.91789627,4.40025282
201,2012-01-03 22:36:00,"Schiedam, Zuid-Holland",51.91789627,4.40025282
202,2012-01-02 22:39:00,"Schiedam, Zuid-Holland",51.91789627,4.40025282
203,2011-12-31 00:24:00,"Almere, Flevoland",52.37201691,5.2167058
204,2011-12-30 10:52:00,"Almere, Flevoland",52.37201691,5.2167058
205,2011-12-30 10:20:00,"Almere, Flevoland",52.37201691,5.2167058
206,2011-12-30 10:13:00,"Almere, Flevoland",52.37201691,5.2167058
207,2011-12-30 08:51:00,"Almere, Flevoland",52.37201691,5.2167058
208,2011-12-29 02:08:00,"Eemnes, Utrecht",52.25246048,5.25905085
209,2011-12-27 23:26:00,"Schiedam, Zuid-Holland",51.91789627,4.40025282
210,2011-12-26 23:39:00,"Schiedam, Zuid-Holland",51.91789627,4.40025282
211,2011-12-24 01:14:00,"Almere, Flevoland",52.37201691,5.2167058
212,2011-12-23 00:36:00,"Schiedam, Zuid-Holland",51.91789627,4.40025282
213,2011-12-22 08:29:00,McDonald's Almere Buiten,52.3965683,5.28483009
214,2011-12-22 08:28:00,"Almere, Flevoland",52.37201691,5.2167058
215,2011-12-18 04:30:00,"Almere, Flevoland",52.37201691,5.2167058
216,2011-12-15 22:47:00,"Schiedam, Zuid-Holland",51.91789627,4.40025282
217,2011-12-15 22:47:00,"Schiedam, Zuid-Holland",51.91789627,4.40025282
218,2011-12-14 23:52:00,"Schiedam, Zuid-Holland",51.91789627,4.40025282
219,2011-12-13 04:39:00,"Schiedam, Zuid-Holland",51.91789627,4.40025282
220,2011-12-12 07:18:00,"Utrecht, The Netherlands",52.09168243,5.12036324
221,2011-12-11 22:39:00,"Schiedam, Zuid-Holland",51.91789627,4.40025282
222,2011-12-10 03:32:00,"Almere, Flevoland",52.37201691,5.2167058
223,2011-12-10 00:25:00,"Almere, Flevoland",52.37201691,5.2167058
224,2011-12-06 00:46:00,"Schiedam, Zuid-Holland",51.91789627,4.40025282
225,2011-12-06 00:44:00,"Schiedam, Zuid-Holland",51.91789627,4.40025282
226,2011-12-05 01:54:00,"Schiedam, Zuid-Holland",51.91789627,4.40025282
227,2011-12-04 23:31:00,"Schiedam, Zuid-Holland",51.91789627,4.40025282
228,2011-12-03 05:53:00,"Almere, Flevoland",52.37201691,5.2167058
229,2011-12-03 03:55:00,"Almere, Flevoland",52.37201691,5.2167058
230,2011-12-02 09:38:00,"Almere, Flevoland",52.37201691,5.2167058
231,2011-11-30 23:45:00,"Schiedam, Zuid-Holland",51.91789627,4.40025282
232,2011-11-28 22:38:00,"Schiedam, Zuid-Holland",51.91789627,4.40025282
233,2011-11-24 22:31:00,Shell Station Hazeldonk West,51.5,4.73332977
234,2011-11-24 10:48:00,De Dukdalf,52.5270992,5.7193289
235,2011-11-23 22:21:00,"Schiedam, Zuid-Holland",51.91789627,4.40025282
236,2011-11-22 23:16:00,"Almere, Flevoland",52.37201691,5.2167058
237,2011-11-19 04:15:00,"Almere, Flevoland",52.37201691,5.2167058
238,2011-11-19 03:52:00,"Almere, Flevoland",52.37201691,5.2167058
239,2011-11-17 22:43:00,"Schiedam, Zuid-Holland",51.91789627,4.40025282
240,2011-11-16 22:38:00,"Schiedam, Zuid-Holland",51.91789627,4.40025282
241,2011-11-14 23:24:00,"Schiedam, Zuid-Holland",51.91789627,4.40025282
242,2011-11-13 03:37:00,"Almere, Flevoland",52.37201691,5.2167058
243,2011-11-13 03:36:00,"Almere, Flevoland",52.37201691,5.2167058
244,2011-11-12 05:07:00,"Almere, Flevoland",52.37201691,5.2167058
245,2011-11-12 02:01:00,"Almere, Flevoland",52.37201691,5.2167058
246,2011-11-05 01:56:00,"Almere, Flevoland",52.37201691,5.2167058
247,2011-11-04 11:17:00,New Town,47.97954559,-102.4934845
248,2011-10-29 04:55:00,"Almere, Flevoland",52.37201691,5.2167058
249,2011-10-29 01:33:00,"Almere, Flevoland",52.37201691,5.2167058
250,2011-10-28 09:33:00,"Almere, Flevoland",52.37201691,5.2167058
251,2011-10-28 07:46:00,"Almere, Flevoland",52.37201691,5.2167058
252,2011-10-27 06:10:00,"Schiedam, Zuid-Holland",51.91789627,4.40025282
253,2011-10-12 09:39:00,McDonald's Almere Buiten,52.3965683,5.28483009
254,2011-10-11 23:52:00,"Almere, Flevoland",52.37201691,5.2167058
255,2011-10-07 11:00:00,"Almere, Flevoland",52.37201691,5.2167058
256,2011-10-02 22:54:00,"Schiedam, Zuid-Holland",51.91789627,4.40025282
257,2011-10-02 10:52:00,"Almere, Flevoland",52.37201691,5.2167058
258,2011-10-01 23:30:00,"Almere, Flevoland",52.37201691,5.2167058
259,2011-10-01 06:36:00,"Almere, Flevoland",52.37201691,5.2167058
260,2011-10-01 06:28:00,"Almere, Flevoland",52.37201691,5.2167058
261,2011-10-01 06:12:00,"Almere, Flevoland",52.37201691,5.2167058
262,2011-09-28 05:32:00,"Almere, Flevoland",52.37201691,5.2167058
263,2011-09-27 08:06:00,"Almere, Flevoland",52.37201691,5.2167058
264,2011-09-24 00:40:00,"Almere, Flevoland",52.37201691,5.2167058
265,2011-09-15 08:42:00,De Houten Vier,53.07001,5.53102
266,2011-08-09 01:17:00,"Schiedam, Zuid-Holland",51.91789627,4.40025282
267,2011-08-07 07:38:00,"Utrechtse Heuvelrug, Utrecht",52.0822525,5.33546495
268,2011-08-06 04:14:00,"Zeewolde, Flevoland",52.3320694,5.54074192
269,2011-07-26 23:54:00,"Almere, Flevoland",52.37201691,5.2167058
270,2011-07-24 22:59:00,"Schiedam, Zuid-Holland",51.91789627,4.40025282
271,2011-07-24 07:40:00,"Almere, Flevoland",52.37201691,5.2167058
272,2011-07-24 05:25:00,"Almere, Flevoland",52.37201691,5.2167058
273,2011-07-24 03:04:00,"Almere, Flevoland",52.37201691,5.2167058
274,2011-07-24 03:01:00,"Almere, Flevoland",52.37201691,5.2167058
275,2011-07-24 02:36:00,"Almere, Flevoland",52.37201691,5.2167058
276,2011-07-24 01:30:00,"Amsterdam, North Holland",52.37316513,4.89065981
277,2011-07-24 01:28:00,"Amsterdam, North Holland",52.37316513,4.89065981
278,2011-07-24 00:59:00,"Amsterdam, North Holland",52.37316513,4.89065981
279,2011-07-23 09:54:00,"Almere, Flevoland",52.37201691,5.2167058
280,2011-07-23 05:42:00,"Enkhuizen, Noord-Holland",52.7048912,5.28965902
281,2011-07-23 03:44:00,"Enkhuizen, Noord-Holland",52.7048912,5.28965902
282,2011-07-23 03:23:00,"Enkhuizen, Noord-Holland",52.7048912,5.28965902
283,2011-07-23 03:01:00,"Enkhuizen, Noord-Holland",52.7048912,5.28965902
284,2011-07-23 02:28:00,Enkhuizen,52.7048912,5.28965902
285,2011-07-12 03:55:00,"Eemnes, Utrecht",52.25246048,5.25905085
286,2011-07-01 09:40:00,McDonald's Almere Buiten,52.3965683,5.28483009
287,2011-06-30 10:11:00,De Houten Vier,53.07001,5.53102
288,2011-06-26 04:11:00,Ahoy Rotterdam,51.92549896,4.42375994
289,2011-06-25 02:26:00,"Lelystad, Flevoland",52.51000595,5.47764301
290,2011-05-28 05:15:00,"Almere, Flevoland",52.37201691,5.2167058
291,2011-05-20 23:45:00,"Almere, Flevoland",52.37201691,5.2167058
292,2011-05-18 22:54:00,"Schiedam, Zuid-Holland",51.91789627,4.40025282
293,2011-05-15 07:17:00,"Almere, Flevoland",52.37201691,5.2167058
294,2011-05-15 05:49:00,"Almere, Flevoland",52.37201691,5.2167058
295,2011-05-14 00:23:00,"Almere, Flevoland",52.37201691,5.2167058
296,2011-05-14 00:22:00,"Almere, Flevoland",52.37201691,5.2167058
297,2011-05-14 00:21:00,"Almere, Flevoland",52.37201691,5.2167058
298,2011-05-14 00:19:00,"Almere, Flevoland",52.37201691,5.2167058
299,2011-05-12 01:51:00,"Schiedam, Zuid-Holland",51.91789627,4.40025282
300,2011-05-08 02:06:00,"Almere, Flevoland",52.37201691,5.2167058
301,2011-05-07 03:25:00,"Harderwijk, Gelderland",52.35139465,5.62011385
302,2011-05-07 02:36:00,"Harderwijk, Gelderland",52.35139465,5.62011385
303,2011-05-05 09:13:00,"Almere, Flevoland",52.37201691,5.2167058
304,2011-05-01 05:53:00,"Almere, Flevoland",52.37201691,5.2167058
305,2011-05-01 05:51:00,"Almere, Flevoland",52.37201691,5.2167058
306,2011-05-01 05:49:00,"Almere, Flevoland",52.37201691,5.2167058
307,2011-05-01 04:46:00,"Almere, Flevoland",52.37201691,5.2167058
308,2011-05-01 04:42:00,"Almere, Flevoland",52.37201691,5.2167058
309,2011-04-30 04:09:00,"Almere, Flevoland",52.37201691,5.2167058
310,2011-04-30 02:45:00,"Almere, Flevoland",52.37201691,5.2167058
311,2011-04-27 08:57:00,Mövenpick Amsterdam,52.37316513,4.89065981
312,2011-04-25 02:23:00,"Almere, Flevoland",52.37201691,5.2167058
313,2011-04-22 23:39:00,"Almere, Flevoland",52.37201691,5.2167058
314,2011-04-22 09:30:00,"Almere, Flevoland",52.37201691,5.2167058
315,2011-04-22 03:33:00,"Almere, Flevoland",52.37201691,5.2167058
316,2011-04-19 09:29:00,"Almere, Flevoland",52.37201691,5.2167058
317,2011-04-10 08:33:00,"Amsterdam, North Holland",52.37316513,4.89065981
318,2011-04-06 09:10:00,"Zeewolde, Flevoland",52.3320694,5.54074192
319,2011-04-02 04:29:00,"Almere, Flevoland",52.37201691,5.2167058
320,2011-04-01 09:09:00,"Haarlem, North Holland",52.37949371,4.6377182
321,2011-03-31 11:49:00,Schiphol,52.31160736,4.76118183
322,2011-03-28 22:52:00,"Schiedam, Zuid-Holland",51.91789627,4.40025282
323,2011-03-26 04:16:00,"Hilversum, Noord-Holland",52.22396851,5.1709218
324,2011-03-26 04:14:00,"Hilversum, Noord-Holland",52.22396851,5.1709218
325,2011-03-24 07:36:00,Schiphol,52.31160736,4.76118183
326,2011-03-21 23:51:00,"Schiedam, Zuid-Holland",51.91789627,4.40025282
327,2011-03-21 06:38:00,"Buren, Gelderland",51.91159439,5.33442879
328,2011-03-03 05:35:00,"Schiedam, Zuid-Holland",51.91789627,4.40025282
329,2011-03-03 05:35:00,"Schiedam, Zuid-Holland",51.91789627,4.40025282
330,2011-02-23 03:03:00,"Salins, Valais",46.21071625,7.35737419
331,2011-02-22 07:49:00,"Sion, Valais",46.23240662,7.35848522
332,2011-02-22 07:49:00,"Sion, Valais",46.23240662,7.35848522
333,2011-02-15 05:31:00,"Schiedam, Zuid-Holland",51.91789627,4.40025282
334,2011-02-10 05:48:00,De Houten Vier,53.07001,5.53102
335,2011-02-09 01:56:00,"Haarlemmermeer, Noord-Holland",52.30538559,4.69297981
336,2011-02-08 03:09:00,"Schiedam, Zuid-Holland",51.91789627,4.40025282
337,2011-02-07 05:38:00,"Schiedam, Zuid-Holland",51.91789627,4.40025282
338,2011-02-07 05:35:00,"Schiedam, Zuid-Holland",51.91789627,4.40025282
339,2011-02-04 14:29:00,TV Centre Point,34.15884399,-85.66727448
340,2011-02-03 23:32:00,"Schiedam, Zuid-Holland",51.91789627,4.40025282
341,2011-02-03 10:44:00,"Dronten, Flevoland",52.52351761,5.71788883
342,2010-12-17 05:07:00,"Capelle aan den IJssel, Zuid-Holland",51.93289566,4.58966494
343,2010-12-13 01:49:00,"Schiedam, Zuid-Holland",51.91789627,4.40025282
344,2010-12-13 01:46:00,"Schiedam, Zuid-Holland",51.91789627,4.40025282
345,2010-12-01 07:10:00,"Schiedam, Zuid-Holland",51.91789627,4.40025282
346,2010-11-23 00:28:00,"Schiedam, Zuid-Holland",51.91789627,4.40025282
347,2010-11-14 23:42:00,"Schiedam, Zuid-Holland",51.91789627,4.40025282
348,2010-11-08 05:46:00,"Gelderland, The Netherlands",52.06172562,5.93907499
349,2010-11-07 03:17:00,"Zeewolde, Flevoland",52.3320694,5.54074192
350,2010-11-07 03:14:00,"Zeewolde, Flevoland",52.3320694,5.54074192
351,2010-11-06 04:24:00,"Waterland, Noord-Holland",52.45941925,5.03562117
352,2010-11-06 03:23:00,"Almere, Flevoland",52.37201691,5.2167058
353,2010-11-06 01:45:00,"Almere, Flevoland",52.37201691,5.2167058
354,2010-11-06 01:41:00,"Almere, Flevoland",52.37201691,5.2167058
355,2010-11-05 02:32:00,"Nijkerk, Gelderland",52.22266388,5.48336315
356,2010-11-03 06:07:00,"Zeist, Utrecht",52.08204651,5.23871708
357,2010-10-29 08:18:00,"Oost Gelre, Gelderland",52.04178619,6.61789703
358,2010-10-29 08:06:00,"Oost Gelre, Gelderland",52.04178619,6.61789703
359,2010-10-26 03:53:00,"Nijkerk, Gelderland",52.22266388,5.48336315
360,2010-10-26 00:41:00,Joure,52.96485138,5.80002594
361,2010-10-25 07:00:00,"Haarlemmermeer, Noord-Holland",52.30538559,4.69297981
362,2010-10-20 03:51:00,"Utrecht, The Netherlands",52.09168243,5.12036324
363,2010-10-20 00:03:00,Hotel Houten,52.03434372,5.16567087
364,2010-10-17 23:24:00,"Nijkerk, Gelderland",52.22266388,5.48336315
365,2010-10-17 23:23:00,"Nijkerk, Gelderland",52.22266388,5.48336315
366,2010-10-13 01:25:00,Hotel Emmeloord,52.71001053,5.75387287
