,time,poi,latitude,longitude
0,2015-09-19 13:48:00,"Chicago, IL",41.8832283,-87.63240051
1,2015-09-17 17:48:00,"California, USA",37.25466919,-119.61727905
2,2015-09-14 23:24:00,"California, USA",37.25466919,-119.61727905
3,2015-09-10 15:28:00,"California, USA",37.25466919,-119.61727905
4,2015-09-08 20:49:00,"San Francisco, CA",37.78007889,-122.42015839
5,2015-09-07 18:38:00,"California, USA",37.25466919,-119.61727905
6,2015-08-24 21:23:00,"San Francisco, CA",37.78007889,-122.42015839
7,2015-08-19 21:30:00,"San Francisco, CA",37.78007889,-122.42015839
8,2015-08-17 09:37:00,"San Francisco, CA",37.78007889,-122.42015839
9,2015-08-16 14:20:00,"San Francisco, CA",37.78007889,-122.42015839
10,2015-08-13 15:45:00,"San Luis Obispo, CA",35.28261948,-120.66001129
11,2015-07-10 17:17:00,"San Francisco, CA",37.78007889,-122.42015839
12,2015-07-05 17:15:00,"Lower Haight, San Francisco",37.77298355,-122.4307785
13,2015-06-23 20:02:00,"Hercules, CA",38.00691223,-122.26192474
14,2015-06-17 23:09:00,"The Las Vegas Strip, Paradise",36.12083054,-115.17221832
15,2015-06-17 23:03:00,"Paradise, NV",36.11553574,-115.15795135
16,2015-06-16 12:32:00,"California, USA",37.25466919,-119.61727905
17,2015-06-16 12:27:00,"California, USA",37.25466919,-119.61727905
18,2015-06-13 12:28:00,"Hayes Valley, San Francisco",37.77273941,-122.42552185
19,2015-06-13 12:13:00,"Hayes Valley, San Francisco",37.77273941,-122.42552185
20,2015-06-13 11:59:00,"Hayes Valley, San Francisco",37.77273941,-122.42552185
21,2015-06-12 18:11:00,"Virginia, USA",37.51290894,-78.69762421
22,2015-06-12 16:49:00,"Fort Mason, San Francisco",37.80610275,-122.4282074
23,2015-06-12 14:52:00,"Fort Mason, San Francisco",37.80610275,-122.4282074
24,2015-06-12 13:59:00,"Lower Haight, San Francisco",37.77298355,-122.4307785
25,2015-06-09 16:26:00,"Lower Pacific Heights, San Francisco",37.78596878,-122.44172668
26,2015-06-09 16:08:00,"Lower Pacific Heights, San Francisco",37.78596878,-122.44172668
27,2015-06-08 10:52:00,"San Francisco, CA",37.78007889,-122.42015839
28,2015-06-07 18:21:00,"Golden Gate, San Francisco",37.7699852,-122.47956848
29,2015-06-07 17:01:00,"Sausalito, CA",37.85877228,-122.48400879
30,2015-05-15 16:22:00,"California, USA",37.25466919,-119.61727905
31,2015-05-13 09:28:00,"San Francisco, CA",37.78007889,-122.42015839
32,2015-05-09 11:14:00,"San Diego, CA",32.71575928,-117.16381836
33,2015-05-05 15:32:00,"Mission, San Francisco",37.76438904,-122.42702484
34,2015-05-05 15:24:00,"San Francisco, CA",37.78007889,-122.42015839
35,2015-05-01 16:38:00,"Queens, NY",40.75977707,-73.81729889
36,2015-04-28 16:00:00,"Moscow, Russia",55.75654221,37.61492157
37,2015-04-28 08:56:00,"Saint Petersburg, Russia",59.93848419,30.31248474
38,2015-04-28 00:49:00,"Saint Petersburg, Russia",59.93848419,30.31248474
39,2015-04-28 00:49:00,"Saint Petersburg, Russia",59.93848419,30.31248474
40,2015-04-26 20:58:00,"Moscow, Russia",55.75654221,37.61492157
41,2015-04-26 05:16:00,"Moscow, Russia",55.75654221,37.61492157
42,2015-04-25 06:53:00,"Moscow, Russia",55.75654221,37.61492157
43,2015-04-23 12:20:00,"Moscow, Russia",55.75654221,37.61492157
44,2015-04-22 06:59:00,"Mountain View, CA",37.3900795,-122.08139038
45,2015-04-22 06:18:00,"California, USA",37.25466919,-119.61727905
46,2015-04-21 16:53:00,"San Francisco, CA",37.78007889,-122.42015839
47,2015-04-19 19:32:00,"California, USA",37.25466919,-119.61727905
48,2015-04-12 23:12:00,Bernal Hill,-41.19023132,-71.20664215
49,2015-04-10 22:17:00,"San Francisco, CA",37.78007889,-122.42015839
50,2015-03-28 15:48:00,"Portland, OR",45.51601791,-122.681427
51,2015-03-26 11:47:00,"California, USA",37.25466919,-119.61727905
52,2015-03-25 16:07:00,"San Francisco, CA",37.78007889,-122.42015839
53,2015-03-18 20:00:00,"Colorado, USA",38.99855042,-105.5478363
54,2015-03-16 17:14:00,"Austin, TX",30.26497841,-97.74659729
55,2015-03-15 22:33:00,"Austin, TX",30.26497841,-97.74659729
56,2015-03-11 19:58:00,"Austin, TX",30.26497841,-97.74659729
57,2015-03-11 10:05:00,"Oakland, CA",37.80482864,-122.2724762
58,2015-02-22 10:21:00,"San Francisco, CA",37.78007889,-122.42015839
59,2015-02-17 10:45:00,"Colorado, USA",38.99855042,-105.5478363
60,2015-02-15 13:27:00,"Columbine, CO",39.59031677,-105.0679245
61,2015-02-15 13:11:00,"Columbine, CO",39.59031677,-105.0679245
62,2015-02-13 21:43:00,"Denver, CO",39.73845291,-104.98485565
63,2015-02-12 20:35:00,"Columbine, CO",39.59031677,-105.0679245
64,2015-02-12 10:53:00,"California, USA",37.25466919,-119.61727905
65,2015-02-12 09:47:00,"San Francisco, CA",37.78007889,-122.42015839
66,2015-02-04 20:52:00,"Abu Dhabi, United Arab Emirates",24.45707321,54.37706375
67,2015-02-04 19:02:00,"Dubai, United Arab Emirates",25.20498085,55.27105713
68,2015-02-04 11:48:00,"Dubai, United Arab Emirates",25.20498085,55.27105713
69,2015-02-03 21:04:00,"Dubai, United Arab Emirates",25.20498085,55.27105713
70,2015-02-03 03:24:00,"Dubai, United Arab Emirates",25.20498085,55.27105713
71,2015-02-02 23:36:00,"Dubai, United Arab Emirates",25.20498085,55.27105713
72,2015-02-01 22:28:00,"Dubai, United Arab Emirates",25.20498085,55.27105713
73,2015-01-31 20:08:00,"Dubai, United Arab Emirates",25.20498085,55.27105713
74,2015-01-28 14:28:00,"California, USA",37.25466919,-119.61727905
75,2015-01-20 14:57:00,"Los Cabos, Baja California Sur",23.05263329,-109.70357513
76,2015-01-20 11:50:00,"Los Cabos, Baja California Sur",23.05263329,-109.70357513
77,2015-01-19 09:26:00,"Los Cabos, Baja California Sur",23.05263329,-109.70357513
78,2015-01-18 09:44:00,"Oakland, CA",37.80482864,-122.2724762
79,2015-01-14 17:12:00,"Lower Haight, San Francisco",37.77298355,-122.4307785
80,2015-01-12 09:39:00,"San Francisco, CA",37.78007889,-122.42015839
81,2014-12-31 08:42:00,"San Francisco, CA",37.78007889,-122.42015839
82,2014-12-25 20:25:00,"Colorado, USA",38.99855042,-105.5478363
83,2014-12-21 06:43:00,"Oakland, CA",37.80482864,-122.2724762
84,2014-12-02 13:23:00,"San Francisco, CA",37.78007889,-122.42015839
85,2014-11-28 20:56:00,"Colorado, USA",38.99855042,-105.5478363
86,2014-11-17 12:14:00,"California, USA",37.25466919,-119.61727905
87,2014-10-13 06:15:00,"Marrakech Médina, Marrakech - Tensift - Al Haouz",31.62582588,-7.98916101
88,2014-10-12 04:31:00,"Gueliz, Marrakech - Tensift - Al Haouz",31.6321888,-8.01081371
89,2014-10-06 21:06:00,"Brooklyn, NY",40.69252777,-73.99099731
90,2014-10-05 06:45:00,"Brooklyn, NY",40.69252777,-73.99099731
91,2014-10-04 21:46:00,"California, USA",37.25466919,-119.61727905
92,2014-09-27 06:52:00,"Oakland, CA",37.80482864,-122.2724762
93,2014-09-20 19:57:00,"San Francisco, CA",37.78007889,-122.42015839
94,2014-09-02 19:29:00,"Colorado, USA",38.99855042,-105.5478363
95,2014-08-28 19:05:00,"California, USA",37.25466919,-119.61727905
96,2014-08-28 10:41:00,"San Francisco, CA",37.78007889,-122.42015839
97,2014-08-27 23:46:00,"San Francisco, CA",37.78007889,-122.42015839
98,2014-08-25 10:54:00,"Los Angeles, CA",34.05223846,-118.24334717
99,2014-08-12 20:00:00,"San Francisco, CA",37.78007889,-122.42015839
100,2014-07-24 13:16:00,"San Francisco, CA",37.78007889,-122.42015839
101,2014-07-23 10:08:00,"San Francisco, CA",37.78007889,-122.42015839
102,2014-07-21 11:16:00,"The Embarcadero, San Francisco",37.78522873,-122.2447052
103,2014-07-20 09:32:00,"Chicago, IL",41.8832283,-87.63240051
104,2014-07-18 11:02:00,"California, USA",37.25466919,-119.61727905
105,2014-07-06 13:08:00,"Mill Valley, CA",37.90667343,-122.54754639
106,2014-06-29 19:18:00,"California, USA",37.25466919,-119.61727905
107,2014-06-28 17:38:00,"San Jose, CA",37.33479309,-121.88814545
108,2014-06-22 16:23:00,"Pacifica, CA",37.61372375,-122.48571014
109,2014-06-17 08:17:00,"Burbank, CA",34.18205261,-118.30747223
110,2014-06-16 22:02:00,"Oak Bay, British Columbia",48.43427658,-123.31635284
111,2014-06-14 23:24:00,"San Francisco, CA",37.78007889,-122.42015839
112,2014-06-11 07:00:00,"Oakland, CA",37.80482864,-122.2724762
113,2014-06-09 20:35:00,"Colorado, USA",38.99855042,-105.5478363
114,2014-06-07 09:45:00,"Colorado, USA",38.99855042,-105.5478363
115,2014-06-06 21:58:00,"Colorado, USA",38.99855042,-105.5478363
116,2014-06-06 05:36:00,"California, USA",37.25466919,-119.61727905
117,2014-06-04 20:38:00,"Burbank, CA",34.18205261,-118.30747223
118,2014-06-03 07:41:00,"Oakland, CA",37.80482864,-122.2724762
119,2014-05-22 10:15:00,"San Francisco, CA",37.78007889,-122.42015839
120,2014-05-17 22:50:00,"Haarlemmermeer, Noord-Holland",52.30538559,4.69297981
121,2014-05-15 03:04:00,"Amsterdam, North Holland",52.37316513,4.89065981
122,2014-05-14 12:02:00,"Los Angeles, CA",34.05223846,-118.24334717
123,2014-05-12 08:54:00,"Oakland, CA",37.80482864,-122.2724762
124,2014-05-10 20:17:00,"San Francisco, CA",37.78007889,-122.42015839
125,2014-05-07 19:17:00,"Colorado, USA",38.99855042,-105.5478363
126,2014-05-02 22:21:00,"Oakland, CA",37.80482864,-122.2724762
127,2014-04-30 09:34:00,"Oakland, CA",37.80482864,-122.2724762
128,2014-04-14 18:05:00,"Colorado, USA",38.99855042,-105.5478363
129,2014-04-11 06:26:00,"California, USA",37.25466919,-119.61727905
130,2014-04-05 23:29:00,"San Francisco, CA",37.78007889,-122.42015839
131,2014-03-30 19:27:00,"San Francisco, CA",37.78007889,-122.42015839
132,2014-03-25 13:06:00,"Chicago, IL",41.8832283,-87.63240051
133,2014-03-16 21:32:00,"Mission, San Francisco",37.76438904,-122.42702484
134,2014-03-11 13:06:00,"San Francisco, CA",37.78007889,-122.42015839
135,2014-03-11 16:37:00,"Travis Northwest, TX",31.899765,-98.610012
136,2014-03-09 18:57:00,"Austin, TX",30.26497841,-97.74659729
137,2014-03-08 18:29:00,"Austin, TX",30.26497841,-97.74659729
138,2014-03-07 23:33:00,"California, USA",37.25466919,-119.61727905
139,2014-03-07 08:59:00,"Lower Haight, San Francisco",37.77298355,-122.4307785
140,2014-03-02 19:12:00,"Denver, CO",39.73845291,-104.98485565
141,2014-03-02 19:12:00,"Denver, CO",39.73845291,-104.98485565
142,2014-02-26 12:51:00,"South Beach, San Francisco",37.78691101,-122.38880157
143,2014-02-25 21:01:00,"Bernal Heights, San Francisco",37.74045563,-122.41640472
144,2014-02-21 11:13:00,"Downtown, San Francisco",37.79189682,-122.40258026
145,2014-02-21 08:24:00,"Lincoln Park - Lobos, San Francisco",37.78007889,-122.42015839
146,2014-02-18 11:41:00,"Downtown, San Francisco",37.79189682,-122.40258026
147,2014-02-13 06:16:00,"New York, NY",40.71304703,-74.00723267
148,2014-02-11 09:00:00,"Mission, San Francisco",37.76438904,-122.42702484
149,2014-02-07 23:37:00,"Denver, CO",39.73845291,-104.98485565
150,2014-02-07 18:31:00,"Oceanview, San Francisco",37.71317291,-122.45905304
151,2014-02-04 17:35:00,"Downtown, San Francisco",37.79189682,-122.40258026
152,2014-02-04 16:22:00,"Downtown, San Francisco",37.79189682,-122.40258026
153,2014-01-31 11:02:00,"California, USA",37.25466919,-119.61727905
154,2014-01-04 18:08:00,"Queens, NY",40.75977707,-73.81729889
155,2014-01-04 08:58:00,"Manhattan, NY",40.75325012,-74.00380707
156,2014-01-03 10:11:00,"Manhattan, NY",40.75325012,-74.00380707
157,2013-12-31 15:44:00,"Manhattan, NY",40.75325012,-74.00380707
158,2013-12-31 07:36:00,"California, USA",37.25466919,-119.61727905
159,2013-12-29 19:50:00,"Denver, CO",39.73845291,-104.98485565
160,2013-12-25 11:35:00,"Southglenn, CO",39.58796692,-104.95506287
161,2013-12-25 11:26:00,"Southglenn, CO",39.58796692,-104.95506287
162,2013-12-21 07:39:00,"Oakland, CA",37.80482864,-122.2724762
163,2013-12-20 16:16:00,"Downtown, San Francisco",37.79189682,-122.40258026
164,2013-12-19 11:50:00,"SoMa, San Francisco",37.77597046,-122.39800262
165,2013-12-17 19:55:00,"Mission, San Francisco",37.76438904,-122.42702484
166,2013-12-13 05:57:00,"California, USA",37.25466919,-119.61727905
167,2013-12-07 17:55:00,"Inverness, CA",38.09716415,-122.85308075
168,2013-12-06 20:04:00,"Lower Haight, San Francisco",37.77298355,-122.4307785
169,2013-12-06 10:30:00,"Panhandle, San Francisco",37.77238464,-122.44703674
170,2013-12-03 16:24:00,"Denver, CO",39.73845291,-104.98485565
171,2013-11-30 18:49:00,"Colorado, USA",38.99855042,-105.5478363
172,2013-11-29 19:05:00,"Fairplay, CO",39.22307587,-105.99922943
173,2013-11-29 14:19:00,"Colorado, USA",38.99855042,-105.5478363
174,2013-11-28 09:38:00,"California, USA",37.25466919,-119.61727905
175,2013-11-24 17:04:00,"Paradise, NV",36.11553574,-115.15795135
176,2013-11-23 05:25:00,"California, USA",37.25466919,-119.61727905
177,2013-11-13 10:31:00,"Lower Haight, San Francisco",37.77298355,-122.4307785
178,2013-11-07 18:31:00,"SoMa, San Francisco",37.77597046,-122.39800262
179,2013-11-03 21:00:00,"Mission, San Francisco",37.76438904,-122.42702484
180,2013-10-29 21:48:00,"Oakland, CA",37.80482864,-122.2724762
181,2013-10-26 19:00:00,"South Coastside, CA",37.48730159,-122.45342654
182,2013-10-26 15:48:00,"Woodside, CA",37.43177414,-122.25582123
183,2013-10-24 23:41:00,"Lower Haight, San Francisco",37.77298355,-122.4307785
184,2013-10-24 20:20:00,"Russian Hill, San Francisco",37.80199432,-122.41962433
185,2013-10-22 11:42:00,"SoMa, San Francisco",37.77597046,-122.39800262
186,2013-10-20 09:48:00,"Los Angeles, CA",34.05223846,-118.24334717
187,2013-10-19 15:03:00,"Los Angeles, CA",34.05223846,-118.24334717
188,2013-10-18 20:52:00,"California, USA",37.25466919,-119.61727905
189,2013-10-17 18:51:00,"Golden Gate Park, San Francisco",37.7690506,-122.48227692
190,2013-10-12 22:44:00,"San Francisco, CA",37.78007889,-122.42015839
191,2013-10-12 14:36:00,"Lower Haight, San Francisco",37.77298355,-122.4307785
192,2013-10-11 10:35:00,"South Beach, San Francisco",37.78691101,-122.38880157
193,2013-10-11 10:33:00,"Downtown, San Francisco",37.79189682,-122.40258026
194,2013-10-05 20:57:00,"St. Helena, CA",38.50522995,-122.47034454
195,2013-10-05 14:20:00,"California, USA",37.25466919,-119.61727905
196,2013-10-04 23:40:00,"Oakland, CA",37.80482864,-122.2724762
197,2013-09-25 20:24:00,"Hayes Valley, San Francisco",37.77273941,-122.42552185
198,2013-09-24 09:46:00,"Outer Sunset, San Francisco",37.75348663,-122.4936142
199,2013-09-23 23:41:00,"Lower Haight, San Francisco",37.77298355,-122.4307785
200,2013-09-22 23:13:00,"Lower Haight, San Francisco",37.77298355,-122.4307785
201,2013-09-22 11:18:00,"Fairfield, CA",38.25148773,-122.04985046
202,2013-09-21 23:57:00,"Lower Haight, San Francisco",37.77298355,-122.4307785
203,2013-09-20 07:25:00,"San Francisco State University, San Francisco",37.72360611,-122.48035431
204,2013-09-16 05:40:00,"San Diego, CA",32.71575928,-117.16381836
205,2013-09-15 22:38:00,"San Diego, CA",32.71575928,-117.16381836
206,2013-09-14 13:55:00,"San Diego, CA",32.71575928,-117.16381836
207,2013-09-14 10:53:00,"San Diego, CA",32.71575928,-117.16381836
208,2013-09-14 00:46:00,"California, USA",37.25466919,-119.61727905
209,2013-09-13 09:24:00,"Lower Haight, San Francisco",37.77298355,-122.4307785
210,2013-09-11 11:16:00,"Duboce Triangle, San Francisco",37.76714325,-122.43238068
211,2013-09-11 10:15:00,"Lower Haight, San Francisco",37.77298355,-122.4307785
212,2013-09-08 19:34:00,"Lower Haight, San Francisco",37.77298355,-122.4307785
213,2013-09-06 19:00:00,"San Lorenzo Valley, CA",37.12508774,-122.0499649
214,2013-09-06 12:48:00,"San Lorenzo Valley, CA",37.12508774,-122.0499649
215,2013-09-01 14:36:00,"Anchorage, AK",61.21658325,-149.89959717
216,2013-09-01 10:07:00,"Anchorage, AK",61.21658325,-149.89959717
217,2013-08-31 16:44:00,"Palmer, AK",61.59944534,-149.12239075
218,2013-08-30 18:33:00,"Daly City, CA",37.69111252,-122.47222137
219,2013-08-30 08:17:00,"California, USA",37.25466919,-119.61727905
220,2013-08-17 20:17:00,"Southwest Marin, CA",37.95167567,-122.32371522
221,2013-08-17 14:26:00,"California, USA",37.25466919,-119.61727905
222,2013-08-16 20:59:00,"Petaluma, CA",38.23247528,-122.63684845
223,2013-08-15 20:50:00,"Mission, San Francisco",37.76438904,-122.42702484
224,2013-08-14 13:25:00,"Downtown, San Francisco",37.79189682,-122.40258026
225,2013-08-09 16:24:00,"Downtown, San Francisco",37.79189682,-122.40258026
226,2013-08-03 12:37:00,"Tiburon, CA",37.87363434,-122.45576477
227,2013-08-01 13:35:00,"South Beach, San Francisco",37.78691101,-122.38880157
228,2013-07-29 11:14:00,"South Beach, San Francisco",37.78691101,-122.38880157
229,2013-07-28 17:46:00,"Lower Haight, San Francisco",37.77298355,-122.4307785
230,2013-07-26 11:07:00,"Lower Haight, San Francisco",37.77298355,-122.4307785
231,2013-07-23 20:55:00,"Sigtuna, Sverige",59.61733627,17.72396469
232,2013-07-22 15:53:00,"Västerås, Sverige",59.61647415,16.55136108
233,2013-07-20 06:45:00,"Västerås, Sverige",59.61647415,16.55136108
234,2013-07-18 23:21:00,"Åre, Sverige",63.39858246,13.08592606
235,2013-07-18 07:17:00,"Åre, Sverige",63.39858246,13.08592606
236,2013-07-18 01:30:00,"Åre, Sverige",63.39858246,13.08592606
237,2013-07-17 23:45:00,"Åre, Sverige",63.39858246,13.08592606
238,2013-07-17 08:45:00,"Åre, Sverige",63.39858246,13.08592606
239,2013-07-16 09:32:00,"Åre, Sverige",63.39858246,13.08592606
240,2013-07-15 21:30:00,"Krokom, Sverige",63.32659531,14.44983959
241,2013-07-15 12:51:00,"Stockholm, Sweden",59.33278656,18.06448746
242,2013-07-15 10:07:00,"Stockholm, Sweden",59.33278656,18.06448746
243,2013-07-15 06:31:00,"Stockholm, Sweden",59.33278656,18.06448746
244,2013-07-14 13:29:00,"California, USA",37.25466919,-119.61727905
245,2013-07-11 11:24:00,"Downtown, San Francisco",37.79189682,-122.40258026
246,2013-07-08 23:16:00,"Mission Bay, San Francisco",37.77189636,-122.39131927
247,2013-07-03 11:40:00,"Downtown, San Francisco",37.79189682,-122.40258026
248,2013-07-02 13:23:00,"Mission Bay, San Francisco",37.77189636,-122.39131927
249,2013-06-30 11:40:00,"Southwest Marin, CA",37.95167567,-122.32371522
250,2013-06-27 09:01:00,"Woodside, CA",37.43177414,-122.25582123
251,2013-06-26 18:40:00,"SoMa, San Francisco",37.77597046,-122.39800262
252,2013-06-25 12:39:00,"Downtown, San Francisco",37.79189682,-122.40258026
253,2013-06-18 14:10:00,"Denver, CO",39.73845291,-104.98485565
254,2013-06-18 13:29:00,"Denver, CO",39.73845291,-104.98485565
255,2013-06-17 19:10:00,"Columbine, CO",39.59031677,-105.0679245
256,2013-06-16 14:22:00,"Silverton, CO",37.80560303,-107.67134857
257,2013-06-15 18:46:00,"Colorado, USA",38.99855042,-105.5478363
258,2013-06-15 11:08:00,"Colorado, USA",38.99855042,-105.5478363
259,2013-06-12 11:31:00,"Civic Center, San Francisco",37.78424835,-122.41773224
260,2013-06-03 21:22:00,"Mission Bay, San Francisco",37.77189636,-122.39131927
261,2013-06-01 13:40:00,"Reno, NV",39.52690125,-119.81328583
262,2013-06-01 10:07:00,"Reno Southeast, NV",39.45095062,-119.73583221
263,2013-05-28 11:09:00,"San Francisco, CA",37.78007889,-122.42015839
264,2013-05-28 23:53:00,"Nob Hill, San Francisco",37.79457474,-122.41812897
265,2013-05-19 08:47:00,"Frankfurt, Hessen",50.11088562,8.679492
266,2013-05-18 18:14:00,"California, USA",37.25466919,-119.61727905
267,2013-05-15 10:21:00,"Mission Dolores, San Francisco",37.76422882,-122.42694855
268,2013-05-14 11:47:00,"South Beach, San Francisco",37.78691101,-122.38880157
269,2013-05-13 22:09:00,"Southwest Marin, CA",37.95167567,-122.32371522
270,2013-05-13 22:06:00,"Southwest Marin, CA",37.95167567,-122.32371522
271,2013-05-11 15:17:00,"California, USA",37.25466919,-119.61727905
272,2013-05-09 15:26:00,"Yosemite, CA",37.84857941,-119.55725861
273,2013-05-07 23:48:00,"Groveland-Big Oak Flat, CA",37.84582901,-120.20777893
274,2013-05-06 19:52:00,"Groveland-Big Oak Flat, CA",37.84582901,-120.20777893
275,2013-05-04 19:19:00,"Santa Rosa, CA",38.43969727,-122.71564484
276,2013-05-04 10:15:00,"Calistoga, CA",38.57860184,-122.57894135
277,2013-05-03 19:43:00,"Golden Gate Park, San Francisco",37.7690506,-122.48227692
278,2013-05-03 19:42:00,"Golden Gate Park, San Francisco",37.7690506,-122.48227692
279,2013-05-03 12:18:00,"Seattle, WA",47.60322952,-122.33027649
280,2013-05-03 11:13:00,"Seattle, WA",47.60322952,-122.33027649
281,2013-05-02 15:47:00,"Oakland, CA",37.80482864,-122.2724762
282,2013-04-26 19:22:00,"South Beach, San Francisco",37.78691101,-122.38880157
283,2013-04-22 21:38:00,"Southwest Marin, CA",37.95167567,-122.32371522
284,2013-04-22 21:28:00,"Presidio, San Francisco",37.79961395,-122.46720123
285,2013-04-13 19:50:00,"Yosemite, CA",37.84857941,-119.55725861
286,2013-04-13 19:31:00,"Yosemite Valley, CA",37.74332809,-119.57582855
287,2013-04-11 18:21:00,"Russian Hill, San Francisco",37.80199432,-122.41962433
288,2013-03-28 23:25:00,"Civic Center, San Francisco",37.78424835,-122.41773224
289,2013-03-28 14:51:00,"Outer Mission, San Francisco",37.71172333,-122.45001221
290,2013-03-28 13:54:00,"Tenderloin, San Francisco",37.78366089,-122.41513062
291,2013-03-23 15:07:00,"California, USA",37.25466919,-119.61727905
292,2013-03-19 09:55:00,"Duboce Triangle, San Francisco",37.76714325,-122.43238068
293,2013-03-16 18:11:00,"South Coastside, CA",37.48730159,-122.45342654
294,2013-03-16 22:18:00,"South Coastside, CA",37.48730159,-122.45342654
295,2013-03-16 15:04:00,"California, USA",37.25466919,-119.61727905
296,2013-03-12 14:12:00,"Austin, TX",30.26497841,-97.74659729
297,2013-03-11 15:24:00,"Texas, USA",31.46384811,-99.33329773
298,2013-03-10 21:13:00,"Austin, TX",30.26497841,-97.74659729
299,2013-03-07 10:30:00,"Oakland, CA",37.80482864,-122.2724762
300,2013-03-04 18:16:00,"Russian Hill, San Francisco",37.80199432,-122.41962433
301,2013-03-02 09:26:00,"California, USA",37.25466919,-119.61727905
302,2013-02-27 07:12:00,"Opal Cliffs, CA",36.9634285,-121.9673996
303,2013-02-20 13:18:00,"Bernal Heights, San Francisco",37.74045563,-122.41640472
304,2013-02-19 20:14:00,"Mission Dolores, San Francisco",37.76422882,-122.42694855
305,2013-02-18 12:11:00,"South Coastside, CA",37.48730159,-122.45342654
306,2013-02-18 11:53:00,"South Coastside, CA",37.48730159,-122.45342654
307,2013-02-12 16:19:00,"Telegraph Hill, San Francisco",37.80001831,-122.40505981
308,2013-02-10 16:10:00,"Mission, San Francisco",37.76438904,-122.42702484
309,2013-02-09 11:39:00,"Golden Gate Park, San Francisco",37.7690506,-122.48227692
310,2013-02-07 17:09:00,"Downtown, San Francisco",37.79189682,-122.40258026
311,2013-02-03 17:09:00,"California, USA",37.25466919,-119.61727905
312,2013-02-02 12:00:00,"California, USA",37.25466919,-119.61727905
313,2013-01-31 21:50:00,"Oakland, CA",37.80482864,-122.2724762
314,2013-01-30 10:38:00,"Lower Haight, San Francisco",37.77298355,-122.4307785
315,2013-01-26 10:34:00,"Mission, San Francisco",37.76438904,-122.42702484
316,2013-01-21 09:13:00,"California, USA",37.25466919,-119.61727905
317,2013-01-20 18:18:00,"California, USA",37.25466919,-119.61727905
318,2013-01-20 17:26:00,"West Imperial, CA",32.84747314,-115.56996155
319,2013-01-20 14:15:00,"Chuckwalla, CA",33.5748024,-115.34546661
320,2013-01-18 19:37:00,"Menlo Park, CA",37.45322037,-122.18321991
321,2013-01-18 18:56:00,"Mission, San Francisco",37.76438904,-122.42702484
322,2013-01-18 11:34:00,"Twin Peaks, San Francisco",37.75164795,-122.44777679
323,2013-01-12 20:52:00,"Civic Center, San Francisco",37.78424835,-122.41773224
324,2013-01-07 21:39:00,"Lower Haight, San Francisco",37.77298355,-122.4307785
325,2013-01-06 17:21:00,"Southwest Marin, CA",37.95167567,-122.32371522
326,2013-01-05 03:54:00,"Newark, NJ",40.73150635,-74.17438507
327,2012-12-31 09:54:00,"Denver, CO",39.73845291,-104.98485565
328,2012-12-29 17:19:00,"Denver, CO",39.73845291,-104.98485565
329,2012-12-29 11:36:00,"Lakewood, CO",39.71099854,-105.08887482
330,2012-12-28 11:15:00,"Littleton, CO",39.61265182,-105.0161972
