,time,poi,latitude,longitude
0,2015-11-09 13:18:00,"Boulder, CO",40.01687241,-105.27962494
1,2015-11-09 11:51:00,"Boulder, CO",40.01687241,-105.27962494
2,2015-11-09 10:46:00,"Boulder, CO",40.01687241,-105.27962494
3,2015-11-09 06:39:00,"Boulder, CO",40.01687241,-105.27962494
4,2015-11-09 06:38:00,"Boulder, CO",40.01687241,-105.27962494
5,2015-11-08 20:25:00,"Oakland, CA",37.80482864,-122.2724762
6,2015-11-08 06:18:00,"Colorado, USA",38.99855042,-105.5478363
7,2015-11-06 15:06:00,"Boulder, CO",40.01687241,-105.27962494
8,2015-11-06 12:26:00,"Boulder, CO",40.01687241,-105.27962494
9,2015-11-05 13:45:00,"Moss Park, Toronto",43.65620804,-79.36745453
10,2015-11-04 15:16:00,"Boulder, CO",40.01687241,-105.27962494
11,2015-11-04 12:37:00,"Boulder, CO",40.01687241,-105.27962494
12,2015-11-04 08:15:00,"Boulder, CO",40.01687241,-105.27962494
13,2015-11-03 16:08:00,"Boulder, CO",40.01687241,-105.27962494
14,2015-11-03 14:12:00,"Boulder, CO",40.01687241,-105.27962494
15,2015-11-03 09:27:00,"Boulder, CO",40.01687241,-105.27962494
16,2015-11-02 21:56:00,"New Orleans, LA",29.95176315,-90.07461548
17,2015-11-02 17:10:00,"Boulder, CO",40.01687241,-105.27962494
18,2015-11-02 17:09:00,"Boulder, CO",40.01687241,-105.27962494
19,2015-11-02 16:09:00,"Boulder, CO",40.01687241,-105.27962494
20,2015-11-02 15:59:00,"Boulder, CO",40.01687241,-105.27962494
21,2015-11-02 14:13:00,"Boulder, CO",40.01687241,-105.27962494
22,2015-11-02 10:34:00,"Boulder, CO",40.01687241,-105.27962494
23,2015-10-31 12:10:00,"Boulder, CO",40.01687241,-105.27962494
24,2015-10-29 22:07:00,"San Francisco, CA",37.78007889,-122.42015839
25,2015-10-29 16:39:00,"Boulder, CO",40.01687241,-105.27962494
26,2015-10-29 15:56:00,"Boulder, CO",40.01687241,-105.27962494
27,2015-10-29 12:08:00,"Boulder, CO",40.01687241,-105.27962494
28,2015-10-29 09:16:00,"Boulder, CO",40.01687241,-105.27962494
29,2015-10-28 14:31:00,"Boulder, CO",40.01687241,-105.27962494
30,2015-10-28 13:30:00,"Boulder, CO",40.01687241,-105.27962494
31,2015-10-28 06:41:00,"Boulder, CO",40.01687241,-105.27962494
32,2015-10-26 14:42:00,"Boulder, CO",40.01687241,-105.27962494
33,2015-10-26 10:25:00,"Boulder, CO",40.01687241,-105.27962494
34,2015-10-26 07:57:00,"Boulder, CO",40.01687241,-105.27962494
35,2015-10-26 06:54:00,"Boulder, CO",40.01687241,-105.27962494
36,2015-10-23 15:17:00,"Boulder, CO",40.01687241,-105.27962494
37,2015-10-23 14:18:00,"San Francisco, CA",37.78007889,-122.42015839
38,2015-10-23 11:13:00,"Boulder, CO",40.01687241,-105.27962494
39,2015-10-23 09:04:00,"Boulder, CO",40.01687241,-105.27962494
40,2015-10-23 08:17:00,"Boulder, CO",40.01687241,-105.27962494
41,2015-10-22 15:01:00,"Boulder, CO",40.01687241,-105.27962494
42,2015-10-20 13:02:00,"Boulder, CO",40.01687241,-105.27962494
43,2015-10-15 13:19:00,"Boulder, CO",40.01687241,-105.27962494
44,2015-10-04 18:42:00,"Boise, ID",43.61579132,-116.20157623
45,2015-10-01 14:56:00,"Boulder, CO",40.01687241,-105.27962494
46,2015-06-11 11:56:00,"San Francisco, CA",37.78007889,-122.42015839
47,2015-06-09 19:31:00,"South of Market, San Francisco",37.77597046,-122.39800262
48,2014-09-30 15:39:00,"Boulder, CO",40.01687241,-105.27962494
49,2014-09-16 08:07:00,"Boulder, CO",40.01687241,-105.27962494
50,2014-09-14 09:48:00,"Boulder, CO",40.01687241,-105.27962494
51,2014-08-22 15:40:00,"Queens, NY",40.75977707,-73.81729889
52,2014-08-20 19:25:00,"Boulder, CO",40.01687241,-105.27962494
53,2014-08-19 18:00:00,"Boulder, CO",40.01687241,-105.27962494
54,2014-08-19 15:24:00,"Boulder, CO",40.01687241,-105.27962494
55,2014-08-15 07:46:00,"Boulder, CO",40.01687241,-105.27962494
56,2014-08-15 07:44:00,"Boulder, CO",40.01687241,-105.27962494
57,2014-08-14 09:16:00,"Boulder, CO",40.01687241,-105.27962494
58,2014-08-11 15:28:00,"Boulder, CO",40.01687241,-105.27962494
59,2014-08-10 08:58:00,"Salt Lake City, UT",40.75847626,-111.88814545
60,2014-08-06 11:39:00,"Salt Lake City, UT",40.75847626,-111.88814545
61,2014-07-11 12:07:00,"Boulder, CO",40.01687241,-105.27962494
62,2014-06-05 08:45:00,"Boulder, CO",40.01687241,-105.27962494
63,2014-05-31 09:45:00,"Boulder, CO",40.01687241,-105.27962494
64,2014-05-22 07:53:00,"Boulder, CO",40.01687241,-105.27962494
65,2014-05-09 14:15:00,"Boston, MA",42.35899353,-71.0586319
66,2014-04-24 13:25:00,"Boulder, CO",40.01687241,-105.27962494
67,2014-04-22 14:58:00,"Boulder, CO",40.01687241,-105.27962494
68,2014-04-18 18:21:00,"Nashville-Davidson balance, TN",36.1663475,-86.77905273
69,2014-04-04 10:24:00,"Boulder, CO",40.01687241,-105.27962494
70,2014-04-01 15:01:00,"Boulder, CO",40.01687241,-105.27962494
71,2014-03-28 13:14:00,"Boulder, CO",40.01687241,-105.27962494
72,2014-03-27 08:13:00,"Boulder, CO",40.01687241,-105.27962494
73,2014-03-21 10:01:00,"Boulder, CO",40.01687241,-105.27962494
74,2014-03-21 09:00:00,"Vermont, USA",44.07525253,-72.66269684
75,2014-03-21 08:56:00,"Boulder, CO",40.01687241,-105.27962494
76,2014-03-14 10:43:00,"Boulder, CO",40.01687241,-105.27962494
77,2014-03-14 10:03:00,"Boulder, CO",40.01687241,-105.27962494
78,2014-03-14 09:38:00,"Boulder, CO",40.01687241,-105.27962494
79,2014-03-14 09:22:00,"Boulder, CO",40.01687241,-105.27962494
80,2014-03-14 09:17:00,"Boulder, CO",40.01687241,-105.27962494
81,2014-03-13 08:50:00,"Boulder, CO",40.01687241,-105.27962494
82,2014-03-11 14:26:00,"Boulder, CO",40.01687241,-105.27962494
83,2014-03-10 10:55:00,"Boulder, CO",40.01687241,-105.27962494
84,2014-03-06 06:38:00,"Boulder, CO",40.01687241,-105.27962494
85,2014-03-02 19:00:00,"Boulder, CO",40.01687241,-105.27962494
86,2014-02-28 14:30:00,"Denver, CO",39.73845291,-104.98485565
87,2014-02-27 08:48:00,"Boulder, CO",40.01687241,-105.27962494
88,2014-02-27 07:29:00,"Boulder, CO",40.01687241,-105.27962494
89,2014-02-26 21:11:00,"Boulder, CO",40.01687241,-105.27962494
90,2014-02-26 08:15:00,"Boulder, CO",40.01687241,-105.27962494
91,2014-02-26 06:12:00,"Boulder, CO",40.01687241,-105.27962494
92,2014-02-25 09:48:00,"Washington, DC",38.89206314,-77.01991272
93,2014-02-24 11:55:00,"Boulder, CO",40.01687241,-105.27962494
94,2014-02-24 10:12:00,"Boulder, CO",40.01687241,-105.27962494
95,2014-02-06 11:59:00,"Boulder, CO",40.01687241,-105.27962494
96,2014-02-05 08:51:00,"Boulder, CO",40.01687241,-105.27962494
97,2014-02-01 10:44:00,"Superior, CO",39.95405197,-105.16677856
98,2014-01-30 17:38:00,"Boulder, CO",40.01687241,-105.27962494
99,2014-01-29 08:47:00,"Boulder, CO",40.01687241,-105.27962494
100,2014-01-28 09:19:00,"Boulder, CO",40.01687241,-105.27962494
101,2014-01-24 09:43:00,"Eureka, NV",39.51250076,-115.96090698
102,2014-01-22 17:10:00,"Denver, CO",39.73845291,-104.98485565
103,2014-01-10 12:56:00,"Boulder, CO",40.01687241,-105.27962494
104,2014-01-01 17:38:00,"Newberry-Baker, CA",34.77499008,-116.72586823
105,2013-12-31 06:33:00,"California, USA",37.25466919,-119.61727905
106,2013-12-18 15:04:00,"Boston, MA",42.35899353,-71.0586319
107,2013-12-16 07:36:00,"Connecticut, USA",41.57515335,-72.73828125
108,2013-12-15 09:16:00,"Manhattan, NY",40.75325012,-74.00380707
109,2013-12-14 11:28:00,"Manhattan, NY",40.75325012,-74.00380707
110,2013-12-12 12:24:00,"Manhattan, NY",40.75325012,-74.00380707
111,2013-12-10 09:47:00,"Boulder, CO",40.01687241,-105.27962494
112,2013-12-08 16:05:00,"Denver, CO",39.73845291,-104.98485565
113,2013-12-08 10:54:00,"Golden, CO",39.74967194,-105.21601868
114,2013-12-07 09:23:00,"Boulder, CO",40.01687241,-105.27962494
115,2013-12-05 13:40:00,"Boulder, CO",40.01687241,-105.27962494
116,2013-12-04 18:37:00,"Brentwood, TN",35.99554443,-86.77889252
117,2013-12-03 13:49:00,"Boulder, CO",40.01687241,-105.27962494
118,2013-12-03 06:03:00,"Boulder, CO",40.01687241,-105.27962494
119,2013-12-02 10:06:00,"Boulder, CO",40.01687241,-105.27962494
120,2013-11-23 14:04:00,"Colorado, USA",38.99855042,-105.5478363
121,2013-11-23 07:17:00,"Colorado, USA",38.99855042,-105.5478363
122,2013-11-21 13:11:00,"Boulder, CO",40.01687241,-105.27962494
123,2013-11-06 07:59:00,"Boulder, CO",40.01687241,-105.27962494
124,2013-11-05 10:53:00,"Boulder, CO",40.01687241,-105.27962494
125,2013-10-23 12:39:00,"Denver, CO",39.73845291,-104.98485565
126,2013-10-16 13:16:00,"Golden, CO",39.74967194,-105.21601868
127,2013-10-16 13:05:00,"Golden, CO",39.74967194,-105.21601868
128,2013-10-10 07:34:00,"Boulder, CO",40.01687241,-105.27962494
129,2013-10-09 13:22:00,"Boulder, CO",40.01687241,-105.27962494
130,2013-10-06 16:14:00,"Denver, CO",39.73845291,-104.98485565
131,2013-09-28 15:32:00,"Glenwood Springs, CO",39.54407883,-107.32482147
132,2013-09-27 20:45:00,"El Jebel, CO",39.39537811,-107.09007263
133,2013-09-24 10:54:00,"Colorado, USA",38.99855042,-105.5478363
134,2013-09-24 06:15:00,"Kansas, USA",38.48472977,-98.38018036
135,2013-09-22 07:28:00,"Nashville, TN",36.1663475,-86.77905273
136,2013-09-18 09:38:00,"Windsor, VT",43.47999191,-72.38643646
137,2013-09-10 08:08:00,"Durango, CO",37.28224945,-107.87776184
138,2013-09-08 22:02:00,"Durango Southwest, CO",47.18294905,-122.48755036
139,2013-09-06 06:04:00,"Woodstock, VT",43.62511444,-72.51840973
140,2013-09-02 06:43:00,"Trenton, ME",44.43928528,-68.37024689
141,2013-09-01 06:24:00,"Mount Desert, ME",44.36886215,-68.33065796
142,2013-08-31 11:30:00,"Belfast, ME",44.42549515,-69.0074234
143,2013-08-29 05:26:00,"Hartford, VT",43.66381073,-72.33649445
144,2013-08-26 10:00:00,"Woodstock, VT",43.62511444,-72.51840973
145,2013-08-10 07:48:00,"Stowe, VT",44.46533585,-72.68430328
146,2013-08-08 07:39:00,"Woodstock, VT",43.62511444,-72.51840973
147,2013-08-04 12:06:00,"Woodstock, VT",43.62511444,-72.51840973
148,2013-08-01 05:51:00,"Salt Lake City, UT",40.75847626,-111.88814545
149,2013-07-30 11:55:00,"Woodstock, VT",43.62511444,-72.51840973
150,2013-07-29 07:29:00,"Middlebury, VT",44.01418686,-73.16669464
151,2013-07-25 15:50:00,"Middlebury, VT",44.01418686,-73.16669464
152,2013-07-25 12:27:00,The Daily Grind Coffee,58.56666946,11.48332977
153,2013-07-24 12:11:00,"Zurich, Switzerland",47.36700058,8.55000019
154,2013-07-24 10:18:00,"Nashville, TN",36.1663475,-86.77905273
155,2013-07-23 11:15:00,"Woodstock, VT",43.62511444,-72.51840973
156,2013-07-17 06:50:00,"Woodstock, VT",43.62511444,-72.51840973
157,2013-07-16 08:05:00,"Woodstock, VT",43.62511444,-72.51840973
158,2013-07-15 06:58:00,"Woodstock, VT",43.62511444,-72.51840973
159,2013-07-08 16:04:00,"Habkern, Bern",46.71699905,7.8499999
160,2013-07-07 12:55:00,"Zurich, Switzerland",47.36700058,8.55000019
161,2013-07-06 08:28:00,Restaurant Bauschänzli,47.36774063,8.54235458
162,2013-07-06 05:58:00,"Zurich, Switzerland",47.36700058,8.55000019
163,2013-07-04 08:26:00,"Zermatt, Wallis",46.0193367,7.74602604
164,2013-07-03 09:34:00,"Leukerbad, Wallis",46.37912369,7.6300602
165,2013-07-02 09:41:00,"Leukerbad, Wallis",46.37912369,7.6300602
166,2013-07-01 12:57:00,"Leukerbad, Wallis",46.37912369,7.6300602
167,2013-06-30 00:55:00,"Habkern, Bern",46.71699905,7.8499999
168,2013-06-28 13:18:00,"Queens, NY",40.75977707,-73.81729889
169,2013-06-26 17:17:00,"Middlebury, VT",44.01418686,-73.16669464
170,2013-06-26 07:14:00,"Hartland, VT",43.54234314,-72.40007019
171,2013-06-25 18:01:00,"Williston, VT",44.45632172,-73.10694885
172,2013-06-25 07:48:00,"Woodstock, VT",43.62511444,-72.51840973
173,2013-06-25 05:32:00,"North Adams, MA",42.70054245,-73.10870361
174,2013-06-24 11:25:00,"North Adams, MA",42.70054245,-73.10870361
175,2013-06-24 09:59:00,"North Adams, MA",42.70054245,-73.10870361
176,2013-06-23 13:44:00,"North Adams, MA",42.70054245,-73.10870361
177,2013-06-23 11:17:00,"North Adams, MA",42.70054245,-73.10870361
178,2013-06-22 14:51:00,"North Adams, MA",42.70054245,-73.10870361
179,2013-06-21 14:07:00,"Tennessee, USA",35.84299469,-86.34325409
180,2013-06-20 10:30:00,"Woodstock, VT",43.62511444,-72.51840973
181,2013-06-18 11:49:00,"Hartland, VT",43.54234314,-72.40007019
182,2013-06-12 11:32:00,"Woodstock, VT",43.62511444,-72.51840973
183,2013-06-12 07:22:00,"Woodstock, VT",43.62511444,-72.51840973
184,2013-06-11 20:45:00,"Woodstock, VT",43.62511444,-72.51840973
185,2013-06-11 06:57:00,"Hartland, VT",43.54234314,-72.40007019
186,2013-06-10 14:54:00,"Woodstock, VT",43.62511444,-72.51840973
187,2013-06-10 11:07:00,"Woodstock, VT",43.62511444,-72.51840973
188,2013-06-10 09:59:00,"Hartland, VT",43.54234314,-72.40007019
189,2013-06-09 15:40:00,"Burlington, VT",44.4759903,-73.21099854
190,2013-06-09 07:23:00,"Woodstock, VT",43.62511444,-72.51840973
191,2013-06-07 09:46:00,"Woodstock, VT",43.62511444,-72.51840973
192,2013-05-31 06:39:00,"Hartland, VT",43.54234314,-72.40007019
193,2013-05-30 07:53:00,"Woodstock, VT",43.62511444,-72.51840973
194,2013-05-29 13:40:00,"Vermont, USA",44.07525253,-72.66269684
195,2013-05-25 06:58:00,"Middlebury, VT",44.01418686,-73.16669464
196,2013-05-24 05:50:00,"Woodstock, VT",43.62511444,-72.51840973
197,2013-05-21 14:29:00,"Woodstock, VT",43.62511444,-72.51840973
198,2013-05-17 10:49:00,"Woodstock, VT",43.62511444,-72.51840973
199,2013-05-17 05:24:00,"Woodstock, VT",43.62511444,-72.51840973
200,2013-05-16 11:45:00,"Woodstock, VT",43.62511444,-72.51840973
201,2013-05-16 08:04:00,"Woodstock, VT",43.62511444,-72.51840973
202,2013-05-14 10:53:00,"Hartland, VT",43.54234314,-72.40007019
203,2013-05-13 13:25:00,"Colchester, VT",44.54379272,-73.14821625
204,2013-05-12 14:43:00,"Colchester, VT",44.54379272,-73.14821625
205,2013-05-12 09:07:00,"Lebanon, NH",43.64242554,-72.25059509
206,2013-05-10 17:02:00,"Middlebury, VT",44.01418686,-73.16669464
207,2013-05-10 09:05:00,"Woodstock, VT",43.62511444,-72.51840973
208,2013-05-10 06:30:00,"Woodstock, VT",43.62511444,-72.51840973
209,2013-05-10 06:30:00,"Woodstock, VT",43.62511444,-72.51840973
210,2013-05-09 04:32:00,"Woodstock, VT",43.62511444,-72.51840973
211,2013-05-07 09:45:00,"Berlin, VT",44.22937775,-72.55240631
212,2013-05-06 10:32:00,"Woodstock, VT",43.62511444,-72.51840973
213,2013-05-06 10:30:00,"Woodstock, VT",43.62511444,-72.51840973
214,2013-05-05 10:37:00,"Burlington, VT",44.4759903,-73.21099854
215,2013-05-04 16:17:00,"Keene, NY",44.25613403,-73.79205322
216,2013-05-02 12:07:00,"Woodstock, VT",43.62511444,-72.51840973
217,2013-05-01 04:06:00,"Middlebury, VT",44.01418686,-73.16669464
218,2013-04-30 12:29:00,"Woodstock, VT",43.62511444,-72.51840973
219,2013-04-30 12:18:00,"Hartland, VT",43.54234314,-72.40007019
220,2013-04-30 08:31:00,"Woodstock, VT",43.62511444,-72.51840973
221,2013-04-28 09:33:00,"Nashville, TN",36.1663475,-86.77905273
222,2013-04-26 13:49:00,"Nashville, TN",36.1663475,-86.77905273
223,2013-04-24 12:06:00,"Woodstock, VT",43.62511444,-72.51840973
224,2013-04-22 13:50:00,"Addison, VT",44.08898926,-73.30228424
225,2013-04-22 10:18:00,"Woodstock, VT",43.62511444,-72.51840973
226,2013-04-20 08:46:00,3 Squares Cafe,53.5416877,-2.1122434
227,2013-04-19 09:07:00,"Middlebury, VT",44.01418686,-73.16669464
228,2013-04-18 11:36:00,"Woodstock, VT",43.62511444,-72.51840973
229,2013-04-18 06:29:00,"Hartland, VT",43.54234314,-72.40007019
230,2013-04-17 14:11:00,Middlebury College,44.00434494,-73.17980194
231,2013-04-17 05:13:00,"Woodstock, VT",43.62511444,-72.51840973
232,2013-04-15 11:46:00,"Woodstock, VT",43.62511444,-72.51840973
233,2013-04-15 11:12:00,"Woodstock, VT",43.62511444,-72.51840973
234,2013-04-15 05:55:00,"Vermont, USA",44.07525253,-72.66269684
235,2013-04-15 05:47:00,Mountain Creamery,46.33431685,-114.12026577
236,2013-04-13 08:18:00,"Hartland, VT",43.54234314,-72.40007019
237,2013-04-12 20:24:00,"Hanover, NH",43.70086288,-72.28939819
238,2013-04-12 11:47:00,"Woodstock, VT",43.62511444,-72.51840973
239,2013-04-12 11:10:00,"Woodstock, VT",43.62511444,-72.51840973
240,2013-04-11 18:58:00,"Woodstock, VT",43.62511444,-72.51840973
241,2013-04-11 18:03:00,"Woodstock, VT",43.62511444,-72.51840973
242,2013-04-11 09:33:00,"Woodstock, VT",43.62511444,-72.51840973
243,2013-04-10 17:57:00,"White River Junction, VT",43.64372253,-72.32357025
244,2013-04-10 13:26:00,"Woodstock, VT",43.62511444,-72.51840973
245,2013-04-10 07:43:00,"Woodstock, VT",43.62511444,-72.51840973
246,2013-04-10 07:02:00,"Hartland, VT",43.54234314,-72.40007019
247,2013-04-09 13:00:00,"Woodstock, VT",43.62511444,-72.51840973
248,2013-04-09 06:48:00,"Woodstock, VT",43.62511444,-72.51840973
249,2013-04-09 06:46:00,"Woodstock, VT",43.62511444,-72.51840973
250,2013-04-08 19:26:00,"Woodstock, VT",43.62511444,-72.51840973
251,2013-04-07 11:50:00,"Middlebury, VT",44.01418686,-73.16669464
252,2013-04-06 18:52:00,"Middlebury, VT",44.01418686,-73.16669464
253,2013-04-05 18:42:00,"Cambridge, MA",42.36524963,-71.10501862
254,2013-04-04 18:41:00,"Woodstock, VT",43.62511444,-72.51840973
255,2013-04-04 13:13:00,"Woodstock, VT",43.62511444,-72.51840973
256,2013-04-03 12:14:00,"Woodstock, VT",43.62511444,-72.51840973
257,2013-04-01 19:35:00,"Windsor, VT",43.47999191,-72.38643646
258,2013-03-27 13:03:00,"Washington, DC",38.89206314,-77.01991272
259,2013-03-27 09:00:00,"Washington, DC",38.89206314,-77.01991272
260,2013-03-26 15:16:00,"Washington, DC",38.89206314,-77.01991272
261,2013-03-26 15:06:00,"Washington, DC",38.89206314,-77.01991272
262,2013-03-26 07:52:00,"Washington, DC",38.89206314,-77.01991272
263,2013-03-25 06:22:00,Manchester Boston Regional Airport,42.93255997,-71.43566895
264,2013-03-24 07:38:00,"Burlington, VT",44.4759903,-73.21099854
265,2013-03-20 04:33:00,"Woodstock, VT",43.62511444,-72.51840973
266,2013-03-17 10:57:00,"Manhattan, NY",40.75325012,-74.00380707
267,2013-03-16 12:50:00,"Manhattan, NY",40.75325012,-74.00380707
268,2013-03-16 09:23:00,"Manhattan, NY",40.75325012,-74.00380707
269,2013-03-15 10:57:00,"Manhattan, NY",40.75325012,-74.00380707
270,2013-03-15 09:32:00,"Manhattan, NY",40.75325012,-74.00380707
271,2013-03-14 10:02:00,"Manhattan, NY",40.75325012,-74.00380707
272,2013-03-14 09:54:00,"Manhattan, NY",40.75325012,-74.00380707
273,2013-03-13 05:01:00,"Vermont, USA",44.07525253,-72.66269684
274,2013-03-10 14:37:00,"Vermont, USA",44.07525253,-72.66269684
275,2013-03-10 08:31:00,"Lebanon, NH",43.64242554,-72.25059509
276,2013-03-08 15:58:00,"Windsor, VT",43.47999191,-72.38643646
