,time,poi,latitude,longitude
0,2015-10-31 08:58:00,"Los Angeles, CA",34.05223846,-118.24334717
1,2015-10-30 17:29:00,"Los Angeles, CA",34.05223846,-118.24334717
2,2015-10-22 21:48:00,"Los Angeles, CA",34.05223846,-118.24334717
3,2015-10-18 00:42:00,"Los Angeles, CA",34.05223846,-118.24334717
4,2015-10-17 14:39:00,"Ann Arbor, MI",42.28141785,-83.74847412
5,2015-10-16 09:11:00,"Los Angeles, CA",34.05223846,-118.24334717
6,2015-10-10 21:51:00,"Pasadena, CA",34.14955139,-118.14144897
7,2015-10-10 17:24:00,"Pasadena, CA",34.14955139,-118.14144897
8,2015-10-09 12:59:00,"Manhattan, NY",40.75325012,-74.00380707
9,2015-09-29 09:58:00,"Los Angeles, CA",34.05223846,-118.24334717
10,2015-09-29 00:32:00,"Los Angeles, CA",34.05223846,-118.24334717
11,2015-09-27 00:13:00,"Los Angeles, CA",34.05223846,-118.24334717
12,2015-09-24 22:48:00,"Beverly Hills, CA",34.08029556,-118.40467834
13,2015-09-19 22:35:00,"Oxford, MS",34.3667984,-89.51862335
14,2015-09-14 12:58:00,"West Hollywood, CA",34.09068298,-118.37174988
15,2015-09-03 09:44:00,"Copenhagen, Capital Region of Denmark",55.67575836,12.56902313
16,2015-09-02 04:55:00,"Copenhagen, Capital Region of Denmark",55.67575836,12.56902313
17,2015-09-02 04:50:00,"Copenhagen, Capital Region of Denmark",55.67575836,12.56902313
18,2015-09-01 13:35:00,"Copenhagen, Capital Region of Denmark",55.67575836,12.56902313
19,2015-08-31 00:00:00,"Berlin, Germany",52.52342987,13.41143608
20,2015-08-30 19:25:00,"Berlin, Germany",52.52342987,13.41143608
21,2015-08-30 03:58:00,"Berlin, Germany",52.52342987,13.41143608
22,2015-08-30 03:56:00,"Berlin, Germany",52.52342987,13.41143608
23,2015-08-25 23:33:00,"Poplar, London",51.50878143,-0.010522
24,2015-08-24 17:56:00,"Islington, London",51.53483963,-0.103436
25,2015-08-24 17:42:00,"Islington, London",51.53483963,-0.103436
26,2015-08-24 01:11:00,"Amsterdam, North Holland",52.37316513,4.89065981
27,2015-08-23 14:07:00,"Amsterdam, North Holland",52.37316513,4.89065981
28,2015-08-22 19:35:00,"Amsterdam, North Holland",52.37316513,4.89065981
29,2015-08-21 09:06:00,"Stockholm, Sweden",59.33278656,18.06448746
30,2015-08-20 12:46:00,"Los Angeles, CA",34.05223846,-118.24334717
31,2015-08-10 10:40:00,"Los Angeles, CA",34.05223846,-118.24334717
32,2015-08-06 18:27:00,"Austin, TX",30.26497841,-97.74659729
33,2015-07-20 12:06:00,"Solvang, CA",34.5959816,-120.13795471
34,2015-07-18 00:33:00,"West Hollywood, CA",34.09068298,-118.37174988
35,2015-07-11 14:19:00,"Los Angeles, CA",34.05223846,-118.24334717
36,2015-07-05 20:12:00,"Vancouver, British Columbia",49.26356506,-123.13857269
37,2015-06-25 23:47:00,"California, USA",37.25466919,-119.61727905
38,2015-06-21 01:31:00,"Seattle, WA",47.60322952,-122.33027649
39,2015-06-20 23:19:00,"Seattle, WA",47.60322952,-122.33027649
40,2015-06-18 18:49:00,"Burlingame, CA",37.58419418,-122.36626434
41,2015-06-16 22:47:00,"North Vancouver, British Columbia",49.31999207,-123.07238007
42,2015-06-16 11:49:00,"North Vancouver, British Columbia",49.31999207,-123.07238007
43,2015-06-15 21:03:00,"Squamish, British Columbia",49.69834137,-123.15357971
44,2015-06-14 22:52:00,"Vancouver, British Columbia",49.26356506,-123.13857269
45,2015-06-13 00:02:00,"Los Angeles, CA",34.05223846,-118.24334717
46,2015-05-21 17:23:00,"West Hollywood, CA",34.09068298,-118.37174988
47,2015-05-20 15:06:00,"West Hollywood, CA",34.09068298,-118.37174988
48,2015-05-18 08:51:00,"Carson, CA",33.82781982,-118.27235413
49,2015-05-11 11:14:00,"Whippany, NJ",40.82489395,-74.41803741
50,2015-05-10 19:35:00,"West Hollywood, CA",34.09068298,-118.37174988
51,2015-05-10 12:49:00,"Los Angeles, CA",34.05223846,-118.24334717
52,2015-05-02 18:17:00,"Hoboken, NJ",40.74346542,-74.02906799
53,2015-05-01 22:53:00,"Manhattan, NY",40.75325012,-74.00380707
54,2015-05-01 18:55:00,"Manhattan, NY",40.75325012,-74.00380707
55,2015-05-01 18:47:00,"Manhattan, NY",40.75325012,-74.00380707
56,2015-04-30 19:07:00,"Manhattan, NY",40.75325012,-74.00380707
57,2015-04-27 00:46:00,"Los Angeles, CA",34.05223846,-118.24334717
58,2015-04-26 13:56:00,"Los Angeles, CA",34.05223846,-118.24334717
59,2015-04-25 20:22:00,"Los Angeles, CA",34.05223846,-118.24334717
60,2015-04-18 19:59:00,"Winchester, NV",36.137043,-115.12306976
61,2015-04-13 04:02:00,"California, USA",37.25466919,-119.61727905
62,2015-04-12 03:34:00,"California, USA",37.25466919,-119.61727905
63,2015-04-11 01:12:00,"California, USA",37.25466919,-119.61727905
64,2015-04-05 00:07:00,"Los Angeles, CA",34.05223846,-118.24334717
65,2015-03-17 00:45:00,"Austin, TX",30.26497841,-97.74659729
66,2015-03-16 11:47:00,"Austin, TX",30.26497841,-97.74659729
67,2015-03-15 14:36:00,"Austin, TX",30.26497841,-97.74659729
68,2015-03-13 12:49:00,"Austin, TX",30.26497841,-97.74659729
69,2015-03-07 20:32:00,"California, USA",37.25466919,-119.61727905
70,2015-02-26 17:10:00,"Los Angeles, CA",34.05223846,-118.24334717
71,2015-02-17 19:43:00,"California, USA",37.25466919,-119.61727905
72,2015-02-13 15:54:00,"Los Angeles, CA",34.05223846,-118.24334717
73,2015-02-08 18:14:00,"Carson, CA",33.82781982,-118.27235413
74,2015-02-08 18:10:00,"Carson, CA",33.82781982,-118.27235413
75,2015-02-08 11:41:00,"Carson, CA",33.82781982,-118.27235413
76,2015-02-07 14:12:00,"Los Angeles, CA",34.05223846,-118.24334717
77,2015-02-07 14:06:00,"Los Angeles, CA",34.05223846,-118.24334717
78,2015-02-07 13:49:00,"Los Angeles, CA",34.05223846,-118.24334717
79,2014-12-28 21:55:00,"Los Angeles, CA",34.05223846,-118.24334717
80,2014-12-28 12:33:00,"Palm Springs, CA",33.83030319,-116.54684448
81,2014-12-13 14:28:00,"Tucson, AZ",32.22187805,-110.97122192
82,2014-12-13 06:55:00,"Los Angeles, CA",34.05223846,-118.24334717
83,2014-12-06 21:35:00,"West Hollywood, CA",34.09068298,-118.37174988
84,2014-11-29 22:28:00,"Los Angeles, CA",34.05223846,-118.24334717
85,2014-11-23 21:30:00,"Los Angeles, CA",34.05223846,-118.24334717
86,2014-11-16 01:19:00,"West Hollywood, CA",34.09068298,-118.37174988
87,2014-11-15 01:34:00,"Los Angeles, CA",34.05223846,-118.24334717
88,2014-11-09 17:59:00,"Los Angeles, CA",34.05223846,-118.24334717
89,2014-11-08 00:10:00,"Los Angeles, CA",34.05223846,-118.24334717
90,2014-11-06 23:16:00,"Los Angeles, CA",34.05223846,-118.24334717
91,2014-11-01 22:05:00,"Los Angeles, CA",34.05223846,-118.24334717
92,2014-10-31 13:05:00,"West Hollywood, CA",34.09068298,-118.37174988
93,2014-10-25 09:22:00,"Long Beach, CA",33.77171326,-118.18131256
94,2014-10-19 21:00:00,"Los Angeles, CA",34.05223846,-118.24334717
95,2014-10-19 20:50:00,"Los Angeles, CA",34.05223846,-118.24334717
96,2014-10-06 13:12:00,"West Hollywood, CA",34.09068298,-118.37174988
97,2014-10-05 17:29:00,"Carpinteria, CA",34.39892197,-119.51836395
98,2014-09-28 19:46:00,"Los Angeles, CA",34.05223846,-118.24334717
99,2014-09-25 05:48:00,"Brooklyn, NY",40.69252777,-73.99099731
100,2014-09-23 00:08:00,"Los Angeles, CA",34.05223846,-118.24334717
101,2014-09-23 00:00:00,"Los Angeles, CA",34.05223846,-118.24334717
102,2014-09-04 23:27:00,"Azusa, CA",34.13348389,-117.90753937
103,2014-08-30 10:53:00,"Los Angeles, CA",34.05223846,-118.24334717
104,2014-08-28 03:32:00,"Paradise, NV",36.11553574,-115.15795135
105,2014-08-28 03:17:00,"Las Vegas, NV",36.16909027,-115.14057922
106,2014-08-27 19:01:00,"Las Vegas, NV",36.16909027,-115.14057922
107,2014-08-27 18:55:00,"Paradise, NV",36.11553574,-115.15795135
108,2014-08-23 23:34:00,"Los Angeles, CA",34.05223846,-118.24334717
109,2014-08-23 18:30:00,"Santa Monica, CA",34.01093292,-118.49151611
110,2014-08-21 08:08:00,"Los Angeles, CA",34.05223846,-118.24334717
111,2014-08-17 20:56:00,"California, USA",37.25466919,-119.61727905
112,2014-08-17 01:43:00,"Los Angeles, CA",34.05223846,-118.24334717
113,2014-08-11 00:25:00,"Los Angeles, CA",34.05223846,-118.24334717
114,2014-08-11 00:25:00,"Los Angeles, CA",34.05223846,-118.24334717
115,2014-08-09 19:37:00,"Los Angeles, CA",34.05223846,-118.24334717
116,2014-08-08 21:29:00,"Los Angeles, CA",34.05223846,-118.24334717
117,2014-07-31 21:32:00,"Los Angeles, CA",34.05223846,-118.24334717
118,2014-07-29 20:57:00,"Los Angeles, CA",34.05223846,-118.24334717
119,2014-07-28 08:43:00,"Paradise, NV",36.11553574,-115.15795135
120,2014-07-27 18:03:00,"Paradise, NV",36.11553574,-115.15795135
121,2014-07-25 15:20:00,"West Hollywood, CA",34.09068298,-118.37174988
122,2014-07-20 00:43:00,"Los Angeles, CA",34.05223846,-118.24334717
123,2014-07-13 12:17:00,"Los Angeles, CA",34.05223846,-118.24334717
124,2014-07-12 19:26:00,"Los Angeles, CA",34.05223846,-118.24334717
125,2014-07-06 16:47:00,"Salvador, Bahia",-12.98225021,-38.48127747
126,2014-07-05 13:47:00,"Salvador, Bahia",-12.98225021,-38.48127747
127,2014-07-04 23:21:00,"Salvador, Bahia",-12.98225021,-38.48127747
128,2014-07-01 19:37:00,"Salvador, Bahia",-12.98225021,-38.48127747
129,2014-07-01 18:50:00,"Salvador, Bahia",-12.98225021,-38.48127747
130,2014-07-01 18:39:00,"Salvador, Bahia",-12.98225021,-38.48127747
131,2014-06-30 21:29:00,"Salvador, Bahia",-12.98225021,-38.48127747
132,2014-06-28 23:48:00,"Salvador, Bahia",-12.98225021,-38.48127747
133,2014-06-28 23:39:00,"Salvador, Bahia",-12.98225021,-38.48127747
134,2014-06-28 15:44:00,"Salvador, Bahia",-12.98225021,-38.48127747
135,2014-06-28 15:39:00,"Salvador, Bahia",-12.98225021,-38.48127747
136,2014-06-28 13:48:00,"Salvador, Bahia",-12.98225021,-38.48127747
137,2014-06-27 21:45:00,"Salvador, Bahia",-12.98225021,-38.48127747
138,2014-06-27 21:42:00,"Salvador, Bahia",-12.98225021,-38.48127747
139,2014-06-26 11:20:00,"Salvador, Bahia",-12.98225021,-38.48127747
140,2014-06-26 06:48:00,"Salvador, Bahia",-12.98225021,-38.48127747
141,2014-06-24 10:30:00,"Rio de Janeiro, Brasil",-22.90880013,-43.1967392
142,2014-06-24 06:54:00,"Rio de Janeiro, Brasil",-22.90880013,-43.1967392
143,2014-06-24 06:51:00,"Rio de Janeiro, Brasil",-22.90880013,-43.1967392
144,2014-06-22 22:07:00,"Rio de Janeiro, Brasil",-22.90880013,-43.1967392
145,2014-06-22 21:58:00,"Rio de Janeiro, Brasil",-22.90880013,-43.1967392
146,2014-06-22 09:49:00,"Rio de Janeiro, Brasil",-22.90880013,-43.1967392
147,2014-06-21 18:59:00,"Rio de Janeiro, Brasil",-22.90880013,-43.1967392
148,2014-06-21 18:49:00,"Rio de Janeiro, Brasil",-22.90880013,-43.1967392
149,2014-06-21 06:59:00,"Rio de Janeiro, Brasil",-22.90880013,-43.1967392
150,2014-06-19 15:47:00,"Rio de Janeiro, Brasil",-22.90880013,-43.1967392
151,2014-06-18 23:56:00,"Rio de Janeiro, Brasil",-22.90880013,-43.1967392
152,2014-06-18 03:12:00,"Rio de Janeiro, Brasil",-22.90880013,-43.1967392
153,2014-06-18 03:07:00,"Rio de Janeiro, Brasil",-22.90880013,-43.1967392
154,2014-06-16 15:51:00,"Rio de Janeiro, Brasil",-22.90880013,-43.1967392
155,2014-06-15 23:37:00,"Rio de Janeiro, Brasil",-22.90880013,-43.1967392
156,2014-06-15 22:19:00,"Rio de Janeiro, Brasil",-22.90880013,-43.1967392
157,2014-06-15 21:32:00,"Rio de Janeiro, Brasil",-22.90880013,-43.1967392
158,2014-06-15 10:41:00,"Rio de Janeiro, Brasil",-22.90880013,-43.1967392
159,2014-06-15 05:43:00,"Rio de Janeiro, Brasil",-22.90880013,-43.1967392
160,2014-06-13 01:30:00,"Nova Iguaçu, Rio de Janeiro",-22.75921822,-43.45087433
161,2014-06-13 00:18:00,"Rio de Janeiro, Brasil",-22.90880013,-43.1967392
162,2014-06-12 07:51:00,"Rio de Janeiro, Brasil",-22.90880013,-43.1967392
163,2014-06-12 06:15:00,"Rio de Janeiro, Brasil",-22.90880013,-43.1967392
164,2014-06-11 14:12:00,"Rio de Janeiro, Brasil",-22.90880013,-43.1967392
165,2014-06-10 20:21:00,"Florida, USA",28.59551239,-82.48734283
166,2014-06-08 22:32:00,"Los Angeles, CA",34.05223846,-118.24334717
167,2014-06-08 15:05:00,"Los Angeles, CA",34.05223846,-118.24334717
168,2014-06-07 23:37:00,"Los Angeles, CA",34.05223846,-118.24334717
169,2014-05-31 17:46:00,"Culver City, CA",34.02249908,-118.39428711
170,2014-05-29 14:15:00,"West Hollywood, CA",34.09068298,-118.37174988
171,2014-05-24 01:12:00,"Los Angeles, CA",34.05223846,-118.24334717
172,2014-05-22 20:45:00,"Los Angeles, CA",34.05223846,-118.24334717
173,2014-05-22 14:51:00,"Los Angeles, CA",34.05223846,-118.24334717
174,2014-05-18 10:19:00,"Los Angeles, CA",34.05223846,-118.24334717
175,2014-05-17 19:15:00,"California, USA",37.25466919,-119.61727905
176,2014-05-15 22:54:00,"Los Angeles, CA",34.05223846,-118.24334717
177,2014-05-08 00:40:00,"West Hollywood, CA",34.09068298,-118.37174988
178,2014-05-07 19:55:00,"West Hollywood, CA",34.09068298,-118.37174988
179,2014-05-03 21:01:00,"Huntington Beach, CA",33.65977478,-117.99931335
180,2014-04-27 19:53:00,"Los Angeles, CA",34.05223846,-118.24334717
181,2014-04-21 01:27:00,"Indio, CA",33.71865082,-116.21818542
182,2014-04-20 10:41:00,"California, USA",37.25466919,-119.61727905
183,2014-04-20 10:34:00,"California, USA",37.25466919,-119.61727905
184,2014-04-20 10:28:00,"Indio, CA",33.71865082,-116.21818542
185,2014-04-20 10:24:00,"California, USA",37.25466919,-119.61727905
186,2014-04-19 13:28:00,"Indio, CA",33.71865082,-116.21818542
187,2014-04-18 16:47:00,"California, USA",37.25466919,-119.61727905
188,2014-04-17 21:52:00,"West Hollywood, CA",34.09068298,-118.37174988
189,2014-04-16 23:46:00,"Los Angeles, CA",34.05223846,-118.24334717
190,2014-04-14 12:54:00,"California, USA",37.25466919,-119.61727905
191,2014-04-14 09:46:00,"Indio, CA",33.71865082,-116.21818542
192,2014-04-14 02:40:00,"Indio, CA",33.71865082,-116.21818542
193,2014-04-14 02:30:00,"California, USA",37.25466919,-119.61727905
194,2014-04-13 11:37:00,"California, USA",37.25466919,-119.61727905
195,2014-04-13 09:25:00,"California, USA",37.25466919,-119.61727905
196,2014-04-13 09:21:00,"California, USA",37.25466919,-119.61727905
197,2014-04-12 11:45:00,"California, USA",37.25466919,-119.61727905
198,2014-04-12 11:22:00,"California, USA",37.25466919,-119.61727905
199,2014-04-05 18:40:00,"Arlington, TX",32.7355957,-97.10710907
200,2014-04-05 18:31:00,"Arlington, TX",32.7355957,-97.10710907
201,2014-04-04 23:45:00,"Dallas, TX",32.77797699,-96.79621124
202,2014-04-04 23:01:00,"Dallas, TX",32.77797699,-96.79621124
203,2014-04-03 21:35:00,"Dallas, TX",32.77797699,-96.79621124
204,2014-04-03 16:41:00,"Dallas, TX",32.77797699,-96.79621124
205,2014-03-30 22:48:00,"Los Angeles, CA",34.05223846,-118.24334717
206,2014-03-28 16:52:00,"New York, NY",40.71304703,-74.00723267
207,2014-03-28 13:08:00,"New York, NY",40.71304703,-74.00723267
208,2014-03-28 00:12:00,"New York, NY",40.71304703,-74.00723267
209,2014-03-27 08:12:00,"Manhattan, NY",40.75325012,-74.00380707
210,2014-03-26 16:16:00,"Manhattan, NY",40.75325012,-74.00380707
211,2014-03-20 10:23:00,"West Hollywood, CA",34.09068298,-118.37174988
212,2014-03-14 22:27:00,"Los Angeles, CA",34.05223846,-118.24334717
213,2014-03-13 23:31:00,"West Hollywood, CA",34.09068298,-118.37174988
214,2014-03-11 01:34:00,"Austin, TX",30.26497841,-97.74659729
215,2014-03-09 19:50:00,"Austin, TX",30.26497841,-97.74659729
216,2014-03-09 17:06:00,"Austin, TX",30.26497841,-97.74659729
217,2014-03-09 15:44:00,"Austin, TX",30.26497841,-97.74659729
218,2014-03-09 01:30:00,"Austin, TX",30.26497841,-97.74659729
219,2014-03-09 01:21:00,"Austin, TX",30.26497841,-97.74659729
220,2014-03-08 01:51:00,"Austin, TX",30.26497841,-97.74659729
221,2014-03-07 22:31:00,"Austin, TX",30.26497841,-97.74659729
222,2014-02-24 12:18:00,"Los Angeles, CA",34.05223846,-118.24334717
223,2014-02-21 17:22:00,"West Hollywood, CA",34.09068298,-118.37174988
224,2014-02-16 20:45:00,"California, USA",37.25466919,-119.61727905
225,2014-02-16 20:30:00,"California, USA",37.25466919,-119.61727905
226,2014-02-09 19:38:00,"Pasadena, CA",34.14955139,-118.14144897
227,2014-02-09 15:18:00,"Pasadena, CA",34.14955139,-118.14144897
228,2014-02-07 22:43:00,"Los Angeles, CA",34.05223846,-118.24334717
229,2014-01-31 20:02:00,"West Hollywood, CA",34.09068298,-118.37174988
230,2014-01-28 16:49:00,"Los Angeles, CA",34.05223846,-118.24334717
