,time,poi,latitude,longitude
0,2015-11-07 14:16:00,"Brooklyn, NY",40.69252777,-73.99099731
1,2015-11-01 09:14:00,TCS New York City Marathon Pavilion,40.71304703,-74.00723267
2,2015-10-29 22:30:00,"Manhattan, NY",40.75325012,-74.00380707
3,2015-10-28 11:38:00,"Manhattan, NY",40.75325012,-74.00380707
4,2015-10-24 00:41:00,"Manhattan, NY",40.75325012,-74.00380707
5,2015-10-23 23:15:00,"Manhattan, NY",40.75325012,-74.00380707
6,2015-10-21 19:06:00,"Manhattan, NY",40.75325012,-74.00380707
7,2015-10-15 17:09:00,"Manhattan, NY",40.75325012,-74.00380707
8,2015-10-14 10:06:00,"Manhattan, NY",40.75325012,-74.00380707
9,2015-10-13 17:30:00,"Manhattan, NY",40.75325012,-74.00380707
10,2015-09-25 11:40:00,"Manhattan, NY",40.75325012,-74.00380707
11,2015-09-20 18:33:00,"Manhattan, NY",40.75325012,-74.00380707
12,2015-09-19 23:11:00,"Manhattan, NY",40.75325012,-74.00380707
13,2015-09-19 14:46:00,"Manhattan, NY",40.75325012,-74.00380707
14,2015-09-18 15:18:00,"Manhattan, NY",40.75325012,-74.00380707
15,2015-09-13 11:45:00,"Manhattan, NY",40.75325012,-74.00380707
16,2015-09-12 17:36:00,"Manhattan, NY",40.75325012,-74.00380707
17,2015-09-12 12:01:00,"Manhattan, NY",40.75325012,-74.00380707
18,2015-09-08 15:36:00,"Manhattan, NY",40.75325012,-74.00380707
19,2015-09-01 14:59:00,"Manhattan, NY",40.75325012,-74.00380707
20,2015-08-18 21:22:00,"Manhattan, NY",40.75325012,-74.00380707
21,2015-08-18 14:53:00,"Edgartown, MA",41.3913765,-70.51959229
22,2015-08-06 17:54:00,"Manhattan, NY",40.75325012,-74.00380707
23,2015-08-06 08:58:00,"Manhattan, NY",40.75325012,-74.00380707
24,2015-08-04 16:30:00,"Manhattan, NY",40.75325012,-74.00380707
25,2015-08-04 14:57:00,"Manhattan, NY",40.75325012,-74.00380707
26,2015-08-04 11:45:00,"Manhattan, NY",40.75325012,-74.00380707
27,2015-08-01 13:15:00,"Westhampton Beach, NY",40.80805588,-72.64707184
28,2015-07-24 07:44:00,"Manhattan, NY",40.75325012,-74.00380707
29,2015-07-15 11:19:00,"Manhattan, NY",40.75325012,-74.00380707
30,2015-07-14 07:23:00,"Manhattan, NY",40.75325012,-74.00380707
31,2015-07-10 07:41:00,"Manhattan, NY",40.75325012,-74.00380707
32,2015-07-09 09:37:00,"Manhattan, NY",40.75325012,-74.00380707
33,2015-07-08 08:34:00,"Manhattan, NY",40.75325012,-74.00380707
34,2015-07-04 18:56:00,"Manhattan, NY",40.75325012,-74.00380707
35,2015-06-27 23:45:00,"Manhattan, NY",40.75325012,-74.00380707
36,2015-06-26 18:47:00,"Manhattan, NY",40.75325012,-74.00380707
37,2015-06-25 07:49:00,"Manhattan, NY",40.75325012,-74.00380707
38,2015-06-23 11:07:00,"Manhattan, NY",40.75325012,-74.00380707
39,2015-06-21 08:50:00,"Manhattan, NY",40.75325012,-74.00380707
40,2015-06-21 07:02:00,"Manhattan, NY",40.75325012,-74.00380707
41,2015-06-16 10:02:00,"Manhattan, NY",40.75325012,-74.00380707
42,2015-06-11 09:35:00,New York Stock Exchange,40.71304703,-74.00723267
43,2015-06-07 16:19:00,"Manhattan, NY",40.75325012,-74.00380707
44,2015-06-04 13:51:00,"Manhattan, NY",40.75325012,-74.00380707
45,2015-06-04 11:09:00,"Manhattan, NY",40.75325012,-74.00380707
46,2015-05-30 11:57:00,"Massachusetts, USA",42.17235565,-71.60500336
47,2015-05-16 21:30:00,"Manhattan, NY",40.75325012,-74.00380707
48,2015-05-13 07:39:00,"Manhattan, NY",40.75325012,-74.00380707
49,2015-05-07 15:20:00,"Manhattan, NY",40.75325012,-74.00380707
50,2015-05-07 14:49:00,"Manhattan, NY",40.75325012,-74.00380707
51,2015-05-05 10:49:00,"Manhattan, NY",40.75325012,-74.00380707
52,2015-04-24 08:00:00,"Manhattan, NY",40.75325012,-74.00380707
53,2015-04-16 17:02:00,"Manhattan, NY",40.75325012,-74.00380707
54,2015-04-16 08:46:00,"Manhattan, NY",40.75325012,-74.00380707
55,2015-04-07 13:55:00,"Manhattan, NY",40.75325012,-74.00380707
56,2015-04-06 08:06:00,"Manhattan, NY",40.75325012,-74.00380707
57,2015-03-28 19:17:00,"Manhattan, NY",40.75325012,-74.00380707
58,2015-03-27 10:32:00,"Manhattan, NY",40.75325012,-74.00380707
59,2015-03-26 16:02:00,"Manhattan, NY",40.75325012,-74.00380707
60,2015-03-26 15:17:00,"Manhattan, NY",40.75325012,-74.00380707
61,2015-03-26 14:18:00,"Manhattan, NY",40.75325012,-74.00380707
62,2015-03-26 13:14:00,"Manhattan, NY",40.75325012,-74.00380707
63,2015-03-23 10:27:00,"Washington, DC",38.89206314,-77.01991272
64,2015-03-23 05:03:00,"Washington, DC",38.89206314,-77.01991272
65,2015-03-17 13:15:00,"Manhattan, NY",40.75325012,-74.00380707
66,2015-03-11 12:14:00,"Manhattan, NY",40.75325012,-74.00380707
67,2015-03-11 07:57:00,"Manhattan, NY",40.75325012,-74.00380707
68,2015-03-03 22:23:00,"Manhattan, NY",40.75325012,-74.00380707
69,2015-03-03 18:03:00,"Manhattan, NY",40.75325012,-74.00380707
70,2015-03-03 16:15:00,"Manhattan, NY",40.75325012,-74.00380707
71,2015-02-28 22:55:00,"Manhattan, NY",40.75325012,-74.00380707
72,2015-02-28 00:32:00,"Manhattan, NY",40.75325012,-74.00380707
73,2015-02-27 23:34:00,"Manhattan, NY",40.75325012,-74.00380707
74,2015-02-27 21:44:00,"Brooklyn, NY",40.69252777,-73.99099731
75,2015-02-27 20:54:00,"Manhattan, NY",40.75325012,-74.00380707
76,2015-02-26 15:56:00,"Manhattan, NY",40.75325012,-74.00380707
77,2015-02-23 19:47:00,"Palmira, Valle del Cauca",3.53083706,-76.29880524
78,2015-02-21 10:43:00,"Florida, Valle del Cauca",3.3256011,-76.23701477
79,2015-02-19 05:05:00,Panama,8.5197258,-80.08855438
80,2015-02-18 21:10:00,"John F. Kennedy Airport, Queens",40.64728928,-73.78677368
81,2015-02-17 12:52:00,"Manhattan, NY",40.75325012,-74.00380707
82,2015-02-12 16:24:00,"Manhattan, NY",40.75325012,-74.00380707
83,2015-02-10 19:29:00,"Manhattan, NY",40.75325012,-74.00380707
84,2015-02-10 08:14:00,"Manhattan, NY",40.75325012,-74.00380707
85,2015-02-06 11:38:00,"Manhattan, NY",40.75325012,-74.00380707
86,2015-02-02 07:37:00,"Manhattan, NY",40.75325012,-74.00380707
87,2015-02-02 07:27:00,"Manhattan, NY",40.75325012,-74.00380707
88,2015-01-30 05:41:00,"Atlanta, GA",33.7485466,-84.39150238
89,2015-01-28 09:26:00,"Queens, NY",40.75977707,-73.81729889
90,2015-01-28 09:17:00,"Manhattan, NY",40.75325012,-74.00380707
91,2015-01-26 20:26:00,"Manhattan, NY",40.75325012,-74.00380707
92,2015-01-26 12:14:00,"Manhattan, NY",40.75325012,-74.00380707
93,2015-01-20 18:04:00,"Harrison, NY",40.96888351,-73.71277618
94,2015-01-20 11:36:00,"Manhattan, NY",40.75325012,-74.00380707
95,2015-01-05 02:47:00,"Minato, Tokyo",35.65805817,139.75138855
96,2015-01-04 20:40:00,"Chiyoda Ward, Tokyo",35.69400406,139.75360107
97,2015-01-04 20:07:00,"Chiyoda Ward, Tokyo",35.69400406,139.75360107
98,2015-01-04 18:00:00,"Minato, Tokyo",35.65805817,139.75138855
99,2015-01-03 19:59:00,"Niseko, HokkaidÅ",42.79999924,140.68299866
100,2015-01-01 21:40:00,"Sapporo City Chuo Ward, HokkaidÅ",43.05527878,141.34111023
101,2015-01-01 10:44:00,Taiwan,24.0,121.0
102,2015-01-01 06:58:00,Taiwan,24.0,121.0
103,2014-12-31 20:59:00,"Kuta, Bali",-8.72547817,115.17794037
104,2014-12-31 02:51:00,"Klungkung, Bali",-8.73958397,115.54142761
105,2014-12-29 17:48:00,"Ubud, Bali",-8.50822735,115.26309967
106,2014-12-28 00:26:00,"Kuta, Bali",-8.72547817,115.17794037
107,2014-12-27 19:50:00,"Ubud, Bali",-8.50822735,115.26309967
108,2014-12-26 10:13:00,"Kuta, Bali",-8.72547817,115.17794037
109,2014-12-25 16:36:00,"Kuta, Bali",-8.72547817,115.17794037
110,2014-12-23 06:03:00,"Minato, Tokyo",35.65805817,139.75138855
111,2014-12-23 00:35:00,"Shinjuku, Tokyo",35.69657516,139.70550537
112,2014-12-22 20:31:00,"Minato, Tokyo",35.65805817,139.75138855
113,2014-12-22 02:31:00,"Mauregard, Ile-de-France",49.0335083,2.58133793
114,2014-12-20 12:58:00,"Paris, Ile-de-France",48.85689545,2.35084891
115,2014-12-20 12:57:00,"Paris, Ile-de-France",48.85689545,2.35084891
116,2014-12-19 15:28:00,"Paris, Ile-de-France",48.85689545,2.35084891
117,2014-12-18 09:12:00,"Manhattan, NY",40.75325012,-74.00380707
118,2014-12-14 13:28:00,"Manhattan, NY",40.75325012,-74.00380707
119,2014-12-06 06:15:00,"Queens, NY",40.75977707,-73.81729889
120,2014-12-04 17:38:00,"Manhattan, NY",40.75325012,-74.00380707
121,2014-12-03 18:20:00,"Manhattan, NY",40.75325012,-74.00380707
122,2014-12-03 15:03:00,"Manhattan, NY",40.75325012,-74.00380707
123,2014-11-21 13:46:00,"Manhattan, NY",40.75325012,-74.00380707
124,2014-11-20 18:24:00,"Manhattan, NY",40.75325012,-74.00380707
125,2014-11-08 22:38:00,"Manhattan, NY",40.75325012,-74.00380707
126,2014-10-24 15:52:00,"Manhattan, NY",40.75325012,-74.00380707
127,2014-10-18 06:43:00,"Queens, NY",40.75977707,-73.81729889
128,2014-10-09 16:29:00,"College Park, GA",33.65339279,-84.44950104
129,2014-10-09 09:28:00,"Georgia Tech, Atlanta",33.77687836,-84.3976593
130,2014-10-09 07:39:00,"Atlanta, GA",33.7485466,-84.39150238
131,2014-10-01 13:58:00,"Manhattan, NY",40.75325012,-74.00380707
132,2014-09-28 00:49:00,"Manhattan, NY",40.75325012,-74.00380707
133,2014-09-22 13:59:00,"Manhattan, NY",40.75325012,-74.00380707
134,2014-09-22 13:28:00,"Manhattan, NY",40.75325012,-74.00380707
135,2014-09-22 06:59:00,"Manhattan, NY",40.75325012,-74.00380707
136,2014-09-07 19:15:00,"New York, NY",40.71304703,-74.00723267
137,2014-09-06 08:19:00,"Dublin City, Ireland",53.34409714,-6.2674861
138,2014-09-04 10:22:00,"Manhattan, NY",40.75325012,-74.00380707
139,2014-08-30 15:26:00,"South Deerfield, MA",42.47715378,-72.6079483
140,2014-08-29 15:19:00,"Manhattan, NY",40.75325012,-74.00380707
141,2014-08-24 01:55:00,"Manhattan, NY",40.75325012,-74.00380707
142,2014-08-23 10:52:00,"Manhattan, NY",40.75325012,-74.00380707
143,2014-07-27 11:35:00,"New York, NY",40.71304703,-74.00723267
144,2014-07-14 13:17:00,"Manhattan, NY",40.75325012,-74.00380707
145,2014-07-11 06:40:00,"Manhattan, NY",40.75325012,-74.00380707
146,2014-07-04 11:14:00,"New York, NY",40.71304703,-74.00723267
147,2014-07-02 15:31:00,"New York, NY",40.71304703,-74.00723267
148,2014-07-02 09:42:00,"New York, NY",40.71304703,-74.00723267
149,2014-07-02 08:50:00,"New York, NY",40.71304703,-74.00723267
150,2014-07-02 08:07:00,"New York, NY",40.71304703,-74.00723267
151,2014-06-30 09:20:00,"New York, NY",40.71304703,-74.00723267
152,2014-06-28 07:45:00,"New York, NY",40.71304703,-74.00723267
153,2014-06-27 13:43:00,"New York, NY",40.71304703,-74.00723267
154,2014-06-20 21:13:00,"New York, NY",40.71304703,-74.00723267
155,2014-06-20 20:55:00,"New York, NY",40.71304703,-74.00723267
156,2014-06-20 10:05:00,"New York, NY",40.71304703,-74.00723267
157,2014-06-20 09:48:00,"New York, NY",40.71304703,-74.00723267
158,2014-06-20 08:20:00,"New York, NY",40.71304703,-74.00723267
159,2014-05-29 11:16:00,"Philadelphia, PA",39.95106125,-75.1656189
160,2014-05-24 23:24:00,"New York, NY",40.71304703,-74.00723267
161,2014-05-23 06:31:00,"New York, NY",40.71304703,-74.00723267
162,2014-05-16 14:02:00,"Manhattan, NY",40.75325012,-74.00380707
163,2014-05-16 10:19:00,"Manhattan, NY",40.75325012,-74.00380707
164,2014-05-14 13:10:00,"Manhattan, NY",40.75325012,-74.00380707
165,2014-05-14 09:17:00,"Manhattan, NY",40.75325012,-74.00380707
166,2014-05-13 14:45:00,"Manhattan, NY",40.75325012,-74.00380707
167,2014-03-06 18:30:00,"Manhattan, NY",40.75325012,-74.00380707
168,2014-02-28 07:19:00,"Manhattan, NY",40.75325012,-74.00380707
169,2014-02-20 13:24:00,"Manhattan, NY",40.75325012,-74.00380707
170,2014-02-13 05:53:00,"Manhattan, NY",40.75325012,-74.00380707
171,2014-02-08 12:36:00,"East Hanover, NJ",40.82587433,-74.36077118
172,2014-02-05 14:05:00,"New York, NY",40.71304703,-74.00723267
173,2014-01-29 12:36:00,"Manhattan, NY",40.75325012,-74.00380707
174,2014-01-20 10:04:00,"Manhattan, NY",40.75325012,-74.00380707
175,2014-01-19 14:42:00,"New York, NY",40.71304703,-74.00723267
176,2014-01-07 14:18:00,"Manhattan, NY",40.75325012,-74.00380707
