,time,poi,latitude,longitude
0,2015-11-07 09:45:00,"Chicago, IL",41.8832283,-87.63240051
1,2015-10-17 13:25:00,"Chicago, IL",41.8832283,-87.63240051
2,2015-10-15 20:13:00,"Chicago, IL",41.8832283,-87.63240051
3,2015-10-15 13:56:00,"Los Angeles, CA",34.05223846,-118.24334717
4,2015-10-14 17:49:00,"Westlake Village, CA",34.14381027,-118.79964447
5,2015-10-12 17:13:00,"Los Angeles, CA",34.05223846,-118.24334717
6,2015-10-12 11:08:00,"Chicago, IL",41.8832283,-87.63240051
7,2015-10-02 12:21:00,"Chicago, IL",41.8832283,-87.63240051
8,2015-09-29 16:47:00,"Chicago, IL",41.8832283,-87.63240051
9,2015-09-24 09:51:00,"Chicago, IL",41.8832283,-87.63240051
10,2015-09-24 05:56:00,"Newark, NJ",40.73150635,-74.17438507
11,2015-09-23 15:58:00,"Chatham, NJ",40.74095917,-74.38375092
12,2015-09-20 14:11:00,"Manhattan, NY",40.75325012,-74.00380707
13,2015-09-20 09:14:00,"Manhattan, NY",40.75325012,-74.00380707
14,2015-09-18 13:56:00,"Queens, NY",40.75977707,-73.81729889
15,2015-09-18 11:47:00,"Queens, NY",40.75977707,-73.81729889
16,2015-09-18 07:26:00,"Chicago, IL",41.8832283,-87.63240051
17,2015-09-18 07:25:00,"Chicago, IL",41.8832283,-87.63240051
18,2015-09-16 21:19:00,"Chicago, IL",41.8832283,-87.63240051
19,2015-09-15 10:02:00,"Chicago, IL",41.8832283,-87.63240051
20,2015-09-15 05:02:00,"Queens, NY",40.75977707,-73.81729889
21,2015-09-14 10:29:00,"Queens, NY",40.75977707,-73.81729889
22,2015-09-14 04:16:00,"Grapevine, TX",32.9398613,-97.07836914
23,2015-09-13 18:00:00,"Arlington, TX",32.7355957,-97.10710907
24,2015-09-13 16:47:00,"Arlington, TX",32.7355957,-97.10710907
25,2015-09-13 14:54:00,"Arlington, TX",32.7355957,-97.10710907
26,2015-09-13 11:04:00,"Dallas, TX",32.77797699,-96.79621124
27,2015-09-12 19:00:00,"Dallas, TX",32.77797699,-96.79621124
28,2015-09-12 10:20:00,"University Park, TX",32.85157776,-96.79495239
29,2015-09-11 18:46:00,"Dallas, TX",32.77797699,-96.79621124
30,2015-09-11 17:59:00,"University Park, TX",32.85157776,-96.79495239
31,2015-09-11 15:20:00,"Grapevine, TX",32.9398613,-97.07836914
32,2015-09-11 10:26:00,"Paradise, NV",36.11553574,-115.15795135
33,2015-09-09 13:23:00,"Paradise, NV",36.11553574,-115.15795135
34,2015-09-08 21:18:00,"Paradise, NV",36.11553574,-115.15795135
35,2015-09-08 19:30:00,"Paradise, NV",36.11553574,-115.15795135
36,2015-09-08 15:17:00,"Grapevine, TX",32.9398613,-97.07836914
37,2015-09-08 11:35:00,"Kenner, LA",29.99227715,-90.24170685
38,2015-09-05 18:36:00,"New Orleans, LA",29.95176315,-90.07461548
39,2015-09-05 16:36:00,"New Orleans, LA",29.95176315,-90.07461548
40,2015-09-03 17:56:00,"New Orleans, LA",29.95176315,-90.07461548
41,2015-09-03 12:15:00,"Charlotte, NC",35.2237854,-80.84114075
42,2015-09-03 08:32:00,"Queens, NY",40.75977707,-73.81729889
43,2015-08-30 16:02:00,"Dover, NJ",40.88409424,-74.55944824
44,2015-08-30 12:42:00,"Dover, NJ",40.88409424,-74.55944824
45,2015-08-29 10:41:00,"Manhattan, NY",40.75325012,-74.00380707
46,2015-08-18 02:21:00,"Queens, NY",40.75977707,-73.81729889
47,2015-08-15 14:37:00,"Manhattan, NY",40.75325012,-74.00380707
48,2015-08-11 20:37:00,"Queens, NY",40.75977707,-73.81729889
49,2015-08-11 15:13:00,"California, USA",37.25466919,-119.61727905
50,2015-08-10 19:23:00,"California, USA",37.25466919,-119.61727905
51,2015-08-10 13:09:00,"Chicago, IL",41.8832283,-87.63240051
52,2015-08-07 10:02:00,"Chicago, IL",41.8832283,-87.63240051
53,2015-08-07 07:55:00,"Chicago, IL",41.8832283,-87.63240051
54,2015-08-07 03:11:00,"Queens, NY",40.75977707,-73.81729889
55,2015-08-01 17:39:00,"Manhattan, NY",40.75325012,-74.00380707
56,2015-07-30 09:57:00,"Manhattan, NY",40.75325012,-74.00380707
57,2015-07-25 16:23:00,"Manhattan, NY",40.75325012,-74.00380707
58,2015-07-23 18:15:00,"Queens, NY",40.75977707,-73.81729889
59,2015-07-23 11:04:00,"California, USA",37.25466919,-119.61727905
60,2015-07-22 20:29:00,"San Francisco, CA",37.78007889,-122.42015839
61,2015-07-22 19:59:00,"San Francisco, CA",37.78007889,-122.42015839
62,2015-07-21 20:49:00,"San Francisco, CA",37.78007889,-122.42015839
63,2015-07-21 18:02:00,"San Francisco, CA",37.78007889,-122.42015839
64,2015-07-21 14:07:00,"San Francisco, CA",37.78007889,-122.42015839
65,2015-07-20 11:45:00,"California, USA",37.25466919,-119.61727905
66,2015-07-20 08:13:00,"Portland, OR",45.51601791,-122.681427
67,2015-07-18 19:23:00,"Portland, OR",45.51601791,-122.681427
68,2015-07-18 15:32:00,"Portland, OR",45.51601791,-122.681427
69,2015-07-18 11:49:00,"Portland, OR",45.51601791,-122.681427
70,2015-07-18 11:18:00,"Portland, OR",45.51601791,-122.681427
71,2015-07-16 22:37:00,"Portland, OR",45.51601791,-122.681427
72,2015-07-16 21:49:00,"Portland, OR",45.51601791,-122.681427
73,2015-07-16 20:05:00,"Portland, OR",45.51601791,-122.681427
74,2015-07-16 15:04:00,"Portland, OR",45.51601791,-122.681427
75,2015-07-16 06:25:00,"Chicago, IL",41.8832283,-87.63240051
76,2015-07-16 02:31:00,"Queens, NY",40.75977707,-73.81729889
77,2015-07-12 09:28:00,"Manhattan, NY",40.75325012,-74.00380707
78,2015-07-11 20:13:00,"Queens, NY",40.75977707,-73.81729889
79,2015-07-11 18:37:00,"Philadelphia, PA",39.95106125,-75.1656189
80,2015-07-11 12:50:00,"Kenner, LA",29.99227715,-90.24170685
81,2015-07-10 20:35:00,"New Orleans, LA",29.95176315,-90.07461548
82,2015-07-10 11:39:00,"New Orleans, LA",29.95176315,-90.07461548
83,2015-07-09 18:54:00,"New Orleans, LA",29.95176315,-90.07461548
84,2015-07-09 12:58:00,"New Orleans, LA",29.95176315,-90.07461548
85,2015-07-08 20:27:00,"New Orleans, LA",29.95176315,-90.07461548
86,2015-07-08 11:08:00,"New Orleans, LA",29.95176315,-90.07461548
87,2015-07-08 09:48:00,"Kenner, LA",29.99227715,-90.24170685
88,2015-07-08 06:55:00,"Charlotte, NC",35.2237854,-80.84114075
89,2015-07-08 03:04:00,"Queens, NY",40.75977707,-73.81729889
90,2015-07-06 20:41:00,"Queens, NY",40.75977707,-73.81729889
91,2015-07-06 15:06:00,"Chicago, IL",41.8832283,-87.63240051
92,2015-07-05 19:55:00,"Chicago, IL",41.8832283,-87.63240051
93,2015-07-05 17:41:00,"Chicago, IL",41.8832283,-87.63240051
94,2015-07-05 15:42:00,"Chicago, IL",41.8832283,-87.63240051
95,2015-07-05 12:39:00,"Chicago, IL",41.8832283,-87.63240051
96,2015-07-05 09:02:00,"Milwaukee, WI",43.04107285,-87.90942383
97,2015-07-03 21:03:00,"Milwaukee, WI",43.04107285,-87.90942383
98,2015-07-03 09:54:00,"Milwaukee, WI",43.04107285,-87.90942383
99,2015-07-03 08:41:00,"Chicago, IL",41.8832283,-87.63240051
100,2015-07-03 03:33:00,"Queens, NY",40.75977707,-73.81729889
101,2015-07-01 21:05:00,"Queens, NY",40.75977707,-73.81729889
102,2015-07-01 11:51:00,"California, USA",37.25466919,-119.61727905
103,2015-06-30 21:03:00,"San Francisco, CA",37.78007889,-122.42015839
104,2015-06-28 18:25:00,"San Francisco, CA",37.78007889,-122.42015839
105,2015-06-28 15:14:00,"San Francisco, CA",37.78007889,-122.42015839
106,2015-06-28 12:53:00,"San Francisco, CA",37.78007889,-122.42015839
107,2015-06-28 11:15:00,"California, USA",37.25466919,-119.61727905
108,2015-06-28 03:07:00,"Queens, NY",40.75977707,-73.81729889
109,2015-06-26 15:21:00,"Manhattan, NY",40.75325012,-74.00380707
110,2015-06-26 13:56:00,"Manhattan, NY",40.75325012,-74.00380707
111,2015-06-26 13:22:00,"Manhattan, NY",40.75325012,-74.00380707
112,2015-06-26 00:34:00,"Queens, NY",40.75977707,-73.81729889
113,2015-06-25 12:22:00,"California, USA",37.25466919,-119.61727905
114,2015-06-24 17:28:00,"San Francisco, CA",37.78007889,-122.42015839
115,2015-06-23 20:26:00,"San Francisco, CA",37.78007889,-122.42015839
116,2015-06-22 18:32:00,"San Francisco, CA",37.78007889,-122.42015839
117,2015-06-21 12:20:00,"California, USA",37.25466919,-119.61727905
118,2015-06-21 10:57:00,"Sonoma, CA",38.29196167,-122.45800018
119,2015-06-20 14:42:00,"Sonoma, CA",38.29196167,-122.45800018
120,2015-06-20 12:49:00,"California, USA",37.25466919,-119.61727905
121,2015-06-20 11:30:00,"California, USA",37.25466919,-119.61727905
122,2015-06-20 00:23:00,"California, USA",37.25466919,-119.61727905
123,2015-06-19 14:21:00,"Queens, NY",40.75977707,-73.81729889
124,2015-06-18 17:38:00,"Queens, NY",40.75977707,-73.81729889
125,2015-06-18 10:23:00,"California, USA",37.25466919,-119.61727905
126,2015-06-14 13:19:00,"California, USA",37.25466919,-119.61727905
127,2015-06-14 05:08:00,"Queens, NY",40.75977707,-73.81729889
128,2015-06-11 18:08:00,"Queens, NY",40.75977707,-73.81729889
129,2015-06-11 11:46:00,"California, USA",37.25466919,-119.61727905
130,2015-06-08 20:07:00,"San Francisco, CA",37.78007889,-122.42015839
131,2015-06-07 21:02:00,"California, USA",37.25466919,-119.61727905
132,2015-06-07 12:01:00,"Queens, NY",40.75977707,-73.81729889
133,2015-06-06 14:23:00,"Brooklyn, NY",40.69252777,-73.99099731
134,2015-06-06 13:21:00,"Brooklyn, NY",40.69252777,-73.99099731
135,2015-06-05 20:37:00,"Queens, NY",40.75977707,-73.81729889
136,2015-06-05 12:17:00,"California, USA",37.25466919,-119.61727905
137,2015-06-02 19:58:00,"San Francisco, CA",37.78007889,-122.42015839
138,2015-05-31 20:38:00,"California, USA",37.25466919,-119.61727905
139,2015-05-31 15:25:00,"SeaTac, WA",47.44525909,-122.29453278
140,2015-05-31 11:52:00,"Seattle, WA",47.60322952,-122.33027649
141,2015-05-30 13:50:00,"Seattle, WA",47.60322952,-122.33027649
142,2015-05-30 13:09:00,"Seattle, WA",47.60322952,-122.33027649
143,2015-05-29 18:28:00,"Seattle, WA",47.60322952,-122.33027649
144,2015-05-28 22:20:00,"Seattle, WA",47.60322952,-122.33027649
145,2015-05-28 19:50:00,"Seattle, WA",47.60322952,-122.33027649
146,2015-05-28 19:46:00,"Seattle, WA",47.60322952,-122.33027649
147,2015-05-28 19:46:00,"Seattle, WA",47.60322952,-122.33027649
148,2015-05-28 19:14:00,"Seattle, WA",47.60322952,-122.33027649
149,2015-05-28 17:36:00,"Seattle, WA",47.60322952,-122.33027649
150,2015-05-28 14:28:00,"Seattle, WA",47.60322952,-122.33027649
151,2015-05-28 11:32:00,"SeaTac, WA",47.44525909,-122.29453278
152,2015-05-28 06:53:00,"California, USA",37.25466919,-119.61727905
153,2015-05-25 18:41:00,"California, USA",37.25466919,-119.61727905
154,2015-05-25 09:48:00,"Queens, NY",40.75977707,-73.81729889
155,2015-05-21 21:04:00,"Queens, NY",40.75977707,-73.81729889
156,2015-05-21 13:24:00,"California, USA",37.25466919,-119.61727905
157,2015-05-19 18:39:00,"San Francisco, CA",37.78007889,-122.42015839
158,2015-05-17 13:47:00,"California, USA",37.25466919,-119.61727905
159,2015-05-17 05:25:00,"Queens, NY",40.75977707,-73.81729889
160,2015-05-14 20:28:00,"Queens, NY",40.75977707,-73.81729889
161,2015-05-14 13:16:00,"California, USA",37.25466919,-119.61727905
162,2015-05-10 13:19:00,"California, USA",37.25466919,-119.61727905
163,2015-05-10 05:17:00,"Queens, NY",40.75977707,-73.81729889
164,2015-05-07 18:40:00,"California, USA",37.25466919,-119.61727905
165,2015-05-03 16:37:00,"San Francisco, CA",37.78007889,-122.42015839
166,2015-05-03 13:22:00,"California, USA",37.25466919,-119.61727905
167,2015-05-03 05:16:00,"Queens, NY",40.75977707,-73.81729889
168,2015-04-30 20:32:00,"Queens, NY",40.75977707,-73.81729889
169,2015-04-30 13:23:00,"California, USA",37.25466919,-119.61727905
170,2015-04-28 19:30:00,"San Francisco, CA",37.78007889,-122.42015839
171,2015-04-20 20:53:00,"San Francisco, CA",37.78007889,-122.42015839
172,2015-04-19 22:09:00,"San Francisco, CA",37.78007889,-122.42015839
173,2015-04-19 21:06:00,"San Francisco, CA",37.78007889,-122.42015839
174,2015-04-19 16:50:00,"San Francisco, CA",37.78007889,-122.42015839
175,2015-04-19 13:30:00,"California, USA",37.25466919,-119.61727905
176,2015-04-19 05:13:00,"Queens, NY",40.75977707,-73.81729889
177,2015-04-16 18:10:00,"Queens, NY",40.75977707,-73.81729889
178,2015-04-16 10:29:00,"California, USA",37.25466919,-119.61727905
179,2015-04-15 19:57:00,"San Francisco, CA",37.78007889,-122.42015839
180,2015-04-14 19:04:00,"San Francisco, CA",37.78007889,-122.42015839
181,2015-04-13 20:23:00,"San Francisco, CA",37.78007889,-122.42015839
182,2015-04-13 11:29:00,"California, USA",37.25466919,-119.61727905
183,2015-04-13 02:35:00,"Queens, NY",40.75977707,-73.81729889
184,2015-04-10 18:28:00,"Manhattan, NY",40.75325012,-74.00380707
185,2015-04-09 12:38:00,"Queens, NY",40.75977707,-73.81729889
186,2015-04-09 04:56:00,"California, USA",37.25466919,-119.61727905
187,2015-04-08 19:31:00,"San Francisco, CA",37.78007889,-122.42015839
188,2015-04-07 19:53:00,"San Francisco, CA",37.78007889,-122.42015839
189,2015-04-06 19:05:00,"San Francisco, CA",37.78007889,-122.42015839
190,2015-04-05 19:09:00,"California, USA",37.25466919,-119.61727905
191,2015-04-05 09:24:00,"Queens, NY",40.75977707,-73.81729889
192,2015-04-04 17:59:00,"Manhattan, NY",40.75325012,-74.00380707
193,2015-04-04 13:55:00,"Manhattan, NY",40.75325012,-74.00380707
194,2015-03-31 19:08:00,"Queens, NY",40.75977707,-73.81729889
195,2015-03-31 10:04:00,"Hillingdon, London",51.52663803,-0.44237199
196,2015-03-31 08:15:00,"Hillingdon, London",51.52663803,-0.44237199
197,2015-03-28 15:13:00,"Lambeth, London",51.48911285,-0.11067
198,2015-03-25 17:03:00,"London, England",51.50015259,-0.12623601
199,2015-03-25 12:58:00,"London, England",51.50015259,-0.12623601
200,2015-03-24 05:30:00,"Brighton, England",50.81952286,-0.13642
201,2015-03-21 07:56:00,"Brighton, England",50.81952286,-0.13642
202,2015-03-21 07:11:00,"Brighton, England",50.81952286,-0.13642
203,2015-03-21 06:25:00,"Brighton, England",50.81952286,-0.13642
204,2015-03-20 12:34:00,"Brighton, England",50.81952286,-0.13642
205,2015-03-20 10:42:00,"Brighton, England",50.81952286,-0.13642
206,2015-03-20 03:07:00,"Hillingdon, London",51.52663803,-0.44237199
207,2015-03-19 15:53:00,"Queens, NY",40.75977707,-73.81729889
208,2015-03-18 14:04:00,"Manhattan, NY",40.75325012,-74.00380707
209,2015-03-17 14:58:00,"Manhattan, NY",40.75325012,-74.00380707
210,2015-03-17 09:35:00,"Manhattan, NY",40.75325012,-74.00380707
211,2015-03-12 18:15:00,"Queens, NY",40.75977707,-73.81729889
212,2015-03-12 10:12:00,"California, USA",37.25466919,-119.61727905
213,2015-03-11 21:01:00,"San Francisco, CA",37.78007889,-122.42015839
214,2015-03-11 18:07:00,"San Francisco, CA",37.78007889,-122.42015839
215,2015-03-10 19:58:00,"San Francisco, CA",37.78007889,-122.42015839
216,2015-03-10 18:24:00,"San Francisco, CA",37.78007889,-122.42015839
217,2015-03-09 17:56:00,"San Francisco, CA",37.78007889,-122.42015839
218,2015-03-09 13:43:00,"California, USA",37.25466919,-119.61727905
219,2015-03-09 04:22:00,"Queens, NY",40.75977707,-73.81729889
220,2015-03-07 18:27:00,"Manhattan, NY",40.75325012,-74.00380707
221,2015-03-07 16:01:00,"Manhattan, NY",40.75325012,-74.00380707
222,2015-03-01 09:57:00,"Summit, NJ",40.71797943,-74.35874176
223,2015-02-28 16:09:00,"Hackettstown, NJ",40.85227585,-74.8275528
224,2015-02-28 07:31:00,"Manhattan, NY",40.75325012,-74.00380707
225,2015-02-26 16:16:00,"Manhattan, NY",40.75325012,-74.00380707
226,2015-02-24 21:10:00,"Newark, NJ",40.73150635,-74.17438507
227,2015-02-24 18:14:00,"Charlotte, NC",35.2237854,-80.84114075
228,2015-02-24 15:22:00,"Kenner, LA",29.99227715,-90.24170685
229,2015-02-23 18:49:00,"New Orleans, LA",29.95176315,-90.07461548
230,2015-02-23 10:10:00,"New Orleans, LA",29.95176315,-90.07461548
231,2015-02-22 14:58:00,"New Orleans, LA",29.95176315,-90.07461548
232,2015-02-22 10:17:00,"New Orleans, LA",29.95176315,-90.07461548
233,2015-02-21 18:28:00,"New Orleans, LA",29.95176315,-90.07461548
234,2015-02-21 15:26:00,"New Orleans, LA",29.95176315,-90.07461548
235,2015-02-21 12:37:00,"New Orleans, LA",29.95176315,-90.07461548
236,2015-02-21 11:24:00,"New Orleans, LA",29.95176315,-90.07461548
237,2015-02-21 08:19:00,"Kenner, LA",29.99227715,-90.24170685
238,2015-02-21 05:22:00,"Charlotte, NC",35.2237854,-80.84114075
239,2015-02-21 01:53:00,"Queens, NY",40.75977707,-73.81729889
240,2015-02-19 08:52:00,"Queens, NY",40.75977707,-73.81729889
241,2015-02-19 04:15:00,"Berkeley, MO",38.75003052,-90.33516693
242,2015-02-17 18:50:00,"St Louis, MO",38.6353569,-90.20098877
243,2015-02-17 14:50:00,"Berkeley, MO",38.75003052,-90.33516693
244,2015-02-17 06:56:00,"Queens, NY",40.75977707,-73.81729889
245,2015-01-28 15:41:00,"New Orleans, LA",29.95176315,-90.07461548
246,2015-01-28 13:17:00,"Queens, NY",40.75977707,-73.81729889
247,2015-01-28 10:29:00,"Charlotte, NC",35.2237854,-80.84114075
248,2015-01-28 08:09:00,"Kenner, LA",29.99227715,-90.24170685
249,2015-01-22 13:45:00,"Kenner, LA",29.99227715,-90.24170685
250,2015-01-22 10:24:00,"Grapevine, TX",32.9398613,-97.07836914
251,2015-01-22 05:30:00,"California, USA",37.25466919,-119.61727905
252,2015-01-21 18:20:00,"San Francisco, CA",37.78007889,-122.42015839
253,2015-01-20 20:31:00,"San Francisco, CA",37.78007889,-122.42015839
254,2015-01-20 18:33:00,"San Francisco, CA",37.78007889,-122.42015839
255,2015-01-19 18:57:00,"San Francisco, CA",37.78007889,-122.42015839
256,2015-01-19 14:46:00,"California, USA",37.25466919,-119.61727905
257,2015-01-19 04:36:00,"Queens, NY",40.75977707,-73.81729889
258,2015-01-15 11:23:00,"Manhattan, NY",40.75325012,-74.00380707
259,2014-12-31 18:29:00,"Manhattan, NY",40.75325012,-74.00380707
260,2014-12-29 10:08:00,"Manhattan, NY",40.75325012,-74.00380707
261,2014-12-28 14:50:00,"Manhattan, NY",40.75325012,-74.00380707
262,2014-12-26 07:47:00,"Manhattan, NY",40.75325012,-74.00380707
263,2014-12-25 13:23:00,"Summit, NJ",40.71797943,-74.35874176
264,2014-12-23 12:03:00,"Manhattan, NY",40.75325012,-74.00380707
265,2014-12-20 11:14:00,"Manhattan, NY",40.75325012,-74.00380707
266,2014-12-20 10:25:00,"Manhattan, NY",40.75325012,-74.00380707
267,2014-12-19 18:46:00,"Manhattan, NY",40.75325012,-74.00380707
268,2014-12-18 21:27:00,"Queens, NY",40.75977707,-73.81729889
269,2014-12-18 12:09:00,"California, USA",37.25466919,-119.61727905
270,2014-12-17 18:40:00,"San Francisco, CA",37.78007889,-122.42015839
271,2014-12-17 12:51:00,"San Francisco, CA",37.78007889,-122.42015839
272,2014-12-16 18:03:00,"San Francisco, CA",37.78007889,-122.42015839
273,2014-12-15 18:57:00,"San Francisco, CA",37.78007889,-122.42015839
274,2014-12-15 13:28:00,"California, USA",37.25466919,-119.61727905
275,2014-12-15 02:39:00,"Kenner, LA",29.99227715,-90.24170685
276,2014-12-13 12:48:00,"New Orleans, LA",29.95176315,-90.07461548
277,2014-12-12 19:54:00,"New Orleans, LA",29.95176315,-90.07461548
278,2014-12-12 16:31:00,"New Orleans, LA",29.95176315,-90.07461548
279,2014-12-12 10:50:00,"New Orleans, LA",29.95176315,-90.07461548
280,2014-12-11 21:59:00,"New Orleans, LA",29.95176315,-90.07461548
281,2014-12-11 20:16:00,"New Orleans, LA",29.95176315,-90.07461548
282,2014-12-11 15:17:00,"Charlotte, NC",35.2237854,-80.84114075
283,2014-12-11 10:16:00,"Queens, NY",40.75977707,-73.81729889
284,2014-12-05 16:33:00,"Manhattan, NY",40.75325012,-74.00380707
285,2014-11-30 13:35:00,"Manhattan, NY",40.75325012,-74.00380707
286,2014-11-26 18:34:00,"Manhattan, NY",40.75325012,-74.00380707
287,2014-11-23 09:07:00,"Atlantic City, NJ",39.36061096,-74.43187714
288,2014-11-22 10:19:00,"Atlantic City, NJ",39.36061096,-74.43187714
289,2014-11-16 15:22:00,"Manhattan, NY",40.75325012,-74.00380707
290,2014-11-12 14:27:00,"Manhattan, NY",40.75325012,-74.00380707
291,2014-11-10 08:53:00,"Manhattan, NY",40.75325012,-74.00380707
292,2014-11-08 18:56:00,"Manhattan, NY",40.75325012,-74.00380707
293,2014-11-06 15:30:00,"Manhattan, NY",40.75325012,-74.00380707
294,2014-11-03 16:26:00,"East Rutherford, NJ",40.83179855,-74.09789276
295,2014-11-01 18:02:00,"Queens, NY",40.75977707,-73.81729889
296,2014-11-01 10:09:00,"California, USA",37.25466919,-119.61727905
297,2014-10-31 12:39:00,"San Francisco, CA",37.78007889,-122.42015839
298,2014-10-30 16:13:00,"San Francisco, CA",37.78007889,-122.42015839
299,2014-10-29 17:02:00,"San Francisco, CA",37.78007889,-122.42015839
300,2014-10-28 21:24:00,"San Francisco, CA",37.78007889,-122.42015839
301,2014-10-28 21:24:00,"San Francisco, CA",37.78007889,-122.42015839
302,2014-10-27 18:25:00,"San Francisco, CA",37.78007889,-122.42015839
303,2014-10-27 10:26:00,"California, USA",37.25466919,-119.61727905
304,2014-10-27 02:26:00,"Miami, FL",25.77508354,-80.19470215
305,2014-10-25 10:07:00,"Fort Lauderdale, FL",26.12416267,-80.14358521
306,2014-10-24 10:42:00,"Fort Lauderdale, FL",26.12416267,-80.14358521
307,2014-10-24 08:07:00,"Miami, FL",25.77508354,-80.19470215
308,2014-10-24 03:02:00,"Queens, NY",40.75977707,-73.81729889
309,2014-10-23 17:01:00,"Manhattan, NY",40.75325012,-74.00380707
310,2014-10-20 12:48:00,"Queens, NY",40.75977707,-73.81729889
311,2014-10-20 10:42:00,"Charlotte, NC",35.2237854,-80.84114075
312,2014-10-20 06:50:00,"Grapevine, TX",32.9398613,-97.07836914
313,2014-10-19 18:47:00,"Dallas, TX",32.77797699,-96.79621124
314,2014-10-19 12:12:00,"Arlington, TX",32.7355957,-97.10710907
315,2014-10-19 11:18:00,"Arlington, TX",32.7355957,-97.10710907
316,2014-10-18 23:20:00,"University Park, TX",32.85157776,-96.79495239
317,2014-10-18 22:19:00,"Dallas, TX",32.77797699,-96.79621124
318,2014-10-18 19:01:00,"Dallas, TX",32.77797699,-96.79621124
319,2014-10-18 14:43:00,"Grapevine, TX",32.9398613,-97.07836914
320,2014-10-18 10:22:00,"Charlotte, NC",35.2237854,-80.84114075
321,2014-10-18 04:39:00,"Queens, NY",40.75977707,-73.81729889
322,2014-10-16 20:36:00,"Manhattan, NY",40.75325012,-74.00380707
323,2014-10-16 17:15:00,"Manhattan, NY",40.75325012,-74.00380707
324,2014-10-14 15:13:00,"Manhattan, NY",40.75325012,-74.00380707
325,2014-10-14 13:53:00,"Manhattan, NY",40.75325012,-74.00380707
326,2014-10-11 10:22:00,"Manhattan, NY",40.75325012,-74.00380707
327,2014-10-01 18:39:00,"Manhattan, NY",40.75325012,-74.00380707
328,2014-09-29 10:24:00,"Queens, NY",40.75977707,-73.81729889
329,2014-09-28 22:20:00,"Kloten, Zürich",47.45000076,8.58300018
330,2014-09-28 14:31:00,"Zurich, Switzerland",47.36700058,8.55000019
331,2014-09-26 09:06:00,"Zurich, Switzerland",47.36700058,8.55000019
332,2014-09-26 03:33:00,"Basle, Basel City",47.55961609,7.58061123
333,2014-09-25 13:41:00,"Basle, Basel City",47.55961609,7.58061123
334,2014-09-24 11:42:00,"Basle, Basel City",47.55961609,7.58061123
335,2014-09-23 12:59:00,"Basle, Basel City",47.55961609,7.58061123
336,2014-09-23 08:57:00,"Hillingdon, London",51.52663803,-0.44237199
337,2014-09-21 11:41:00,"London, England",51.50015259,-0.12623601
338,2014-09-19 09:33:00,"London, England",51.50015259,-0.12623601
339,2014-09-19 01:18:00,"Hillingdon, London",51.52663803,-0.44237199
340,2014-09-18 15:04:00,"Queens, NY",40.75977707,-73.81729889
341,2014-09-12 08:45:00,"Manhattan, NY",40.75325012,-74.00380707
342,2014-09-05 14:57:00,"Manhattan, NY",40.75325012,-74.00380707
343,2014-09-03 19:26:00,"Queens, NY",40.75977707,-73.81729889
344,2014-08-31 08:11:00,"Brighton, England",50.81952286,-0.13642
345,2014-08-28 15:56:00,"Lambeth, London",51.48911285,-0.11067
346,2014-08-28 12:40:00,"Lambeth, London",51.48911285,-0.11067
347,2014-08-28 05:53:00,"Camden Town, London",51.54133987,-0.14628001
348,2014-08-28 02:07:00,"Hillingdon, London",51.52663803,-0.44237199
349,2014-08-27 14:52:00,"Queens, NY",40.75977707,-73.81729889
350,2014-08-26 05:34:00,"Manhattan, NY",40.75325012,-74.00380707
351,2014-08-24 15:35:00,"Summit, NJ",40.71797943,-74.35874176
352,2014-08-21 15:49:00,"Manhattan, NY",40.75325012,-74.00380707
353,2014-08-15 20:40:00,"Queens, NY",40.75977707,-73.81729889
354,2014-08-15 13:59:00,"California, USA",37.25466919,-119.61727905
355,2014-08-15 11:55:00,"San Francisco, CA",37.78007889,-122.42015839
356,2014-08-14 16:58:00,"San Francisco, CA",37.78007889,-122.42015839
357,2014-08-13 19:52:00,"San Francisco, CA",37.78007889,-122.42015839
358,2014-08-13 18:28:00,"San Francisco, CA",37.78007889,-122.42015839
359,2014-08-12 18:52:00,"Yountville, CA",38.40115738,-122.36019135
360,2014-08-11 13:37:00,"California, USA",37.25466919,-119.61727905
361,2014-08-11 04:19:00,"New York, NY",40.71304703,-74.00723267
362,2014-08-04 04:20:00,"Eastchester, NY",40.95586395,-73.81380463
