,time,poi,latitude,longitude
0,2015-10-15 09:46:00,Hawk Hill,37.82849884,-122.49884796
1,2015-10-14 09:28:00,"Mission, San Francisco",37.76438904,-122.42702484
2,2015-10-12 14:50:00,San Francisco International Airport (SFO),37.62174225,-122.38312531
3,2015-10-11 14:17:00,Louisiana Museum of Modern Art,55.97013474,12.54088497
4,2015-10-09 04:24:00,"Copenhagen, Capital Region of Denmark",55.67575836,12.56902313
5,2015-10-09 04:20:00,"Copenhagen, Capital Region of Denmark",55.67575836,12.56902313
6,2015-10-02 10:55:00,"Positano, Campania",40.62987137,14.48627758
7,2015-10-02 10:01:00,Area Archeologica di Pompei,40.74918365,14.50073814
8,2015-10-02 02:10:00,"Positano, Campania",40.62987137,14.48627758
9,2015-10-01 11:15:00,Hotel Poseidon Positano,40.62987137,14.48627758
10,2015-09-24 21:12:00,"Mission, San Francisco",37.76438904,-122.42702484
11,2015-09-17 21:01:00,Lazy Bear,39.6243782,-75.66033936
12,2015-09-17 08:10:00,"SoMa, San Francisco",37.77597046,-122.39800262
13,2015-09-12 23:19:00,"San Francisco, CA",37.78007889,-122.42015839
14,2015-09-11 19:30:00,"San Francisco, CA",37.78007889,-122.42015839
15,2015-09-05 23:24:00,Menlo Grill Bistro & Bar,53.8476507,-0.4410587
16,2015-09-05 19:51:00,"Atherton, CA",37.46131897,-122.19843292
17,2015-09-05 13:32:00,"San Francisco, CA",37.78007889,-122.42015839
18,2015-09-02 09:26:00,"San Francisco, CA",37.78007889,-122.42015839
19,2015-08-31 20:14:00,"San Francisco, CA",37.78007889,-122.42015839
20,2015-08-30 16:43:00,Slow Club,38.30080032,-104.62651825
21,2015-08-29 21:04:00,Rockridge BART Station,37.84469986,-122.25140381
22,2015-08-26 06:40:00,"Yountville, CA",38.40115738,-122.36019135
23,2015-08-23 16:03:00,"Mission, San Francisco",37.76438904,-122.42702484
24,2015-08-22 13:14:00,San Francisco International Airport (SFO),37.62174225,-122.38312531
25,2015-08-17 22:05:00,"San Francisco, CA",37.78007889,-122.42015839
26,2015-08-17 06:53:00,"Oakland, CA",37.80482864,-122.2724762
27,2015-08-15 21:39:00,"Japantown, San Francisco",37.786129,-122.43002319
28,2015-08-10 18:33:00,"San Francisco, CA",37.78007889,-122.42015839
29,2015-08-03 22:52:00,"San Francisco, CA",37.78007889,-122.42015839
30,2015-08-02 17:37:00,"San Francisco, CA",37.78007889,-122.42015839
31,2015-07-25 11:26:00,"Beechwood, MI",42.79693985,-86.1258316
32,2015-07-23 15:46:00,"Forest Hills, MI",42.90888214,-85.49489594
33,2015-07-22 10:33:00,"San Francisco, CA",37.78007889,-122.42015839
34,2015-07-21 08:57:00,Mount Davidson Park,37.7383461,-122.45481873
35,2015-07-19 21:41:00,"San Francisco, CA",37.78007889,-122.42015839
36,2015-07-16 19:22:00,"Los Altos Hills, CA",37.37176895,-122.13977051
37,2015-07-12 18:35:00,Neptune's Net,40.21316147,-74.03535461
38,2015-07-07 20:33:00,Bergerac,44.85337448,0.48297301
39,2015-07-01 14:25:00,"SoMa, San Francisco",37.77597046,-122.39800262
40,2015-06-28 21:23:00,"Larkspur, CA",37.93417358,-122.5357132
41,2015-06-27 17:24:00,Pier 41,37.80916595,-122.41139221
42,2015-06-27 09:31:00,Twin Peaks Summit,40.71797943,-74.35874176
43,2015-06-26 18:34:00,"Oakland, CA",37.80482864,-122.2724762
44,2015-06-22 09:41:00,"San Francisco, CA",37.78007889,-122.42015839
45,2015-06-20 19:05:00,"Civic Center, San Francisco",37.78424835,-122.41773224
46,2015-06-11 09:06:00,"San Francisco, CA",37.78007889,-122.42015839
47,2015-06-05 19:10:00,"San Francisco, CA",37.78007889,-122.42015839
48,2015-05-31 08:51:00,"Twin Peaks, San Francisco",37.75164795,-122.44777679
49,2015-05-23 18:02:00,"San Francisco, CA",37.78007889,-122.42015839
50,2015-05-22 13:04:00,BrainWash Cafe & Laundromat,-20.87002945,-41.57169724
51,2015-05-07 09:49:00,"Lower Haight, San Francisco",37.77298355,-122.4307785
52,2015-05-04 11:30:00,"SoMa, San Francisco",37.77597046,-122.39800262
53,2015-04-25 19:51:00,"Mission, San Francisco",37.76438904,-122.42702484
54,2015-04-23 09:24:00,"Mission, San Francisco",37.76438904,-122.42702484
55,2015-04-18 15:17:00,"Mission, San Francisco",37.76438904,-122.42702484
56,2015-04-09 07:39:00,Tennessee Point,35.84299469,-86.34325409
57,2015-03-30 20:30:00,"Beechwood, MI",42.79693985,-86.1258316
58,2015-03-16 19:26:00,"SoMa, San Francisco",37.77597046,-122.39800262
59,2015-03-06 09:59:00,"San Francisco, CA",37.78007889,-122.42015839
60,2015-03-04 20:38:00,"Mission, San Francisco",37.76438904,-122.42702484
61,2015-03-02 09:31:00,Sightglass Coffee,35.47732925,-86.08087158
62,2015-03-01 18:09:00,"San Francisco, CA",37.78007889,-122.42015839
63,2015-02-28 19:03:00,"Mission, San Francisco",37.76438904,-122.42702484
64,2015-02-25 19:49:00,"San Francisco, CA",37.78007889,-122.42015839
65,2015-02-23 20:55:00,"San Francisco, CA",37.78007889,-122.42015839
66,2015-02-20 18:53:00,"Venice Beach, Los Angeles",33.99312592,-118.45619965
67,2015-02-16 20:05:00,"San Francisco, CA",37.78007889,-122.42015839
68,2015-02-05 23:13:00,"Mission Dolores, San Francisco",37.76422882,-122.42694855
69,2015-01-31 13:16:00,"San Francisco, CA",37.78007889,-122.42015839
70,2015-01-26 14:42:00,"San Francisco, CA",37.78007889,-122.42015839
71,2015-01-25 14:45:00,"San Francisco, CA",37.78007889,-122.42015839
72,2015-01-24 22:03:00,Lebanon,33.92221069,35.89535522
73,2015-01-23 19:31:00,"Mission, San Francisco",37.76438904,-122.42702484
74,2015-01-17 19:21:00,"Inner Sunset, San Francisco",37.75348663,-122.4936142
75,2015-01-15 23:42:00,"Downtown, San Francisco",37.79189682,-122.40258026
76,2015-01-10 11:40:00,"Mission, San Francisco",37.76438904,-122.42702484
77,2014-12-30 13:13:00,"Beechwood, MI",42.79693985,-86.1258316
78,2014-12-27 17:35:00,"Near North Side, Chicago",41.89897156,-87.63427734
79,2014-12-27 12:22:00,"Chicago, IL",41.8832283,-87.63240051
80,2014-12-25 13:47:00,"Beechwood, MI",42.79693985,-86.1258316
81,2014-12-25 13:24:00,"Beechwood, MI",42.79693985,-86.1258316
82,2014-12-24 17:36:00,"Beechwood, MI",42.79693985,-86.1258316
83,2014-12-22 11:01:00,"Cypress, CA",33.82424927,-118.04569244
84,2014-12-22 09:47:00,"Michigan, USA",44.87479782,-85.73097992
85,2014-12-16 09:25:00,"San Francisco, CA",37.78007889,-122.42015839
86,2014-12-14 23:22:00,"Mission, San Francisco",37.76438904,-122.42702484
87,2014-12-14 11:19:00,"Mission, San Francisco",37.76438904,-122.42702484
88,2014-12-13 18:00:00,"NoPa, San Francisco",37.78007889,-122.42015839
89,2014-12-13 15:31:00,"Mission, San Francisco",37.76438904,-122.42702484
90,2014-12-12 20:05:00,"The Embarcadero, San Francisco",37.78522873,-122.2447052
91,2014-12-09 13:46:00,"San Francisco, CA",37.78007889,-122.42015839
92,2014-12-08 19:21:00,"San Francisco, CA",37.78007889,-122.42015839
93,2014-12-08 19:20:00,"San Francisco, CA",37.78007889,-122.42015839
94,2014-12-06 21:55:00,"San Francisco, CA",37.78007889,-122.42015839
95,2014-11-30 20:17:00,"Tipton, CA",36.0591011,-119.31381226
96,2014-11-29 13:40:00,"Los Angeles, CA",34.05223846,-118.24334717
97,2014-11-28 19:20:00,"Los Angeles, CA",34.05223846,-118.24334717
98,2014-11-27 20:38:00,"Los Angeles, CA",34.05223846,-118.24334717
99,2014-11-26 13:11:00,"San Francisco, CA",37.78007889,-122.42015839
100,2014-11-24 10:41:00,"San Francisco, CA",37.78007889,-122.42015839
101,2014-11-22 19:42:00,"San Francisco, CA",37.78007889,-122.42015839
102,2014-11-19 15:02:00,"Civic Center, San Francisco",37.78424835,-122.41773224
103,2014-11-16 14:06:00,"Mill Valley, CA",37.90667343,-122.54754639
104,2014-11-14 23:48:00,"Japantown, San Francisco",37.786129,-122.43002319
105,2014-11-09 08:16:00,"California, USA",37.25466919,-119.61727905
106,2014-11-07 20:44:00,"San Francisco, CA",37.78007889,-122.42015839
107,2014-11-02 16:45:00,"San Francisco, CA",37.78007889,-122.42015839
108,2014-11-01 18:04:00,"San Francisco, CA",37.78007889,-122.42015839
109,2014-10-28 20:52:00,"San Francisco, CA",37.78007889,-122.42015839
110,2014-10-23 12:16:00,"San Francisco, CA",37.78007889,-122.42015839
111,2014-10-18 22:18:00,"San Francisco, CA",37.78007889,-122.42015839
112,2014-10-18 10:24:00,"Mission, San Francisco",37.76438904,-122.42702484
113,2014-10-13 09:10:00,"Mission, San Francisco",37.76438904,-122.42702484
114,2014-10-04 21:13:00,"San Francisco, CA",37.78007889,-122.42015839
115,2014-09-27 21:03:00,"San Francisco, CA",37.78007889,-122.42015839
116,2014-09-20 19:57:00,"San Francisco, CA",37.78007889,-122.42015839
117,2014-09-17 08:18:00,Reveille Coffee Co.,31.38588524,-85.92947388
118,2014-09-15 20:24:00,"San Francisco, CA",37.78007889,-122.42015839
119,2014-09-07 21:51:00,"San Francisco, CA",37.78007889,-122.42015839
120,2014-09-01 18:53:00,"Redwood City, CA",37.48049927,-122.21527863
121,2014-08-30 15:10:00,Cliff House,37.77680588,-122.51220703
122,2014-08-24 17:17:00,"San Francisco, CA",37.78007889,-122.42015839
123,2014-08-18 10:17:00,"Downtown, San Francisco",37.79189682,-122.40258026
124,2014-08-17 18:02:00,Trick Dog,56.63299942,-61.16600037
125,2014-08-16 15:11:00,"San Francisco, CA",37.78007889,-122.42015839
126,2014-08-15 18:47:00,"San Francisco, CA",37.78007889,-122.42015839
127,2014-08-09 20:26:00,Din Tai Fung Restaurant,14.88315392,100.35009003
128,2014-08-07 20:11:00,"San Francisco, CA",37.78007889,-122.42015839
129,2014-08-03 22:07:00,"San Francisco, CA",37.78007889,-122.42015839
130,2014-07-26 15:45:00,"Michigan, USA",44.87479782,-85.73097992
131,2014-07-24 18:54:00,Detroit Metropolitan Wayne County Airport,42.21304703,-83.3514328
132,2014-07-20 18:36:00,"San Francisco, CA",37.78007889,-122.42015839
133,2014-07-19 08:53:00,"San Francisco, CA",37.78007889,-122.42015839
134,2014-07-16 20:06:00,Two Sisters Bar and Books,44.10262299,-123.10536957
135,2014-07-13 21:16:00,"San Francisco, CA",37.78007889,-122.42015839
136,2014-07-12 23:03:00,AMC Metreon,37.78437424,-122.40342712
137,2014-07-12 12:59:00,"Alamo Square, San Francisco",37.77613831,-122.43421173
138,2014-07-07 08:37:00,"San Francisco, CA",37.78007889,-122.42015839
139,2014-07-05 19:46:00,"San Francisco, CA",37.78007889,-122.42015839
140,2014-07-05 09:06:00,"San Francisco, CA",37.78007889,-122.42015839
141,2014-07-04 22:04:00,"Alamo Square, San Francisco",37.77613831,-122.43421173
142,2014-07-04 19:56:00,"Alamo Square, San Francisco",37.77613831,-122.43421173
143,2014-07-03 22:32:00,"Presidio, San Francisco",37.79961395,-122.46720123
144,2014-06-30 19:19:00,"San Francisco, CA",37.78007889,-122.42015839
145,2014-06-29 18:42:00,"Central Richmond, San Francisco",37.78007889,-122.42015839
146,2014-06-18 20:04:00,"San Francisco, CA",37.78007889,-122.42015839
147,2014-06-13 22:06:00,Ace Hotel and Swim Club,30.52927589,-94.82537079
148,2014-06-13 20:24:00,Ace Hotel and Swim Club,30.52927589,-94.82537079
149,2014-06-13 19:03:00,"Upland, CA",34.09973526,-117.65029907
150,2014-06-09 11:13:00,"San Francisco, CA",37.78007889,-122.42015839
151,2014-06-09 00:09:00,"San Francisco, CA",37.78007889,-122.42015839
152,2014-06-08 11:55:00,"San Francisco, CA",37.78007889,-122.42015839
153,2014-06-01 14:50:00,"San Francisco, CA",37.78007889,-122.42015839
154,2014-05-29 20:31:00,"San Francisco, CA",37.78007889,-122.42015839
155,2014-05-26 19:00:00,"Arizona, USA",34.29322815,-111.66459656
156,2014-05-23 01:15:00,"Utah, USA",39.32378006,-111.67822266
157,2014-05-18 19:02:00,"San Francisco, CA",37.78007889,-122.42015839
158,2014-05-18 18:26:00,"San Francisco, CA",37.78007889,-122.42015839
159,2014-05-13 23:57:00,"San Francisco, CA",37.78007889,-122.42015839
160,2014-05-11 00:00:00,"San Francisco, CA",37.78007889,-122.42015839
161,2014-05-10 14:34:00,"San Francisco, CA",37.78007889,-122.42015839
162,2014-05-10 11:31:00,"Downtown, San Francisco",37.79189682,-122.40258026
163,2014-05-08 07:50:00,"Tamalpais-Homestead Valley, CA",37.88614273,-122.53742218
164,2014-04-27 23:33:00,"San Francisco, CA",37.78007889,-122.42015839
165,2014-04-26 21:27:00,Greek Theater U C Berkeley,37.87189865,-122.25849915
166,2014-04-24 22:51:00,"San Francisco, CA",37.78007889,-122.42015839
167,2014-04-24 12:28:00,"Financial District, San Francisco",37.79536438,-122.39801025
168,2014-04-20 15:04:00,"San Francisco, CA",37.78007889,-122.42015839
169,2014-04-13 17:11:00,Kinokuniya Book Stores-America,39.50356674,-99.01830292
170,2014-04-06 18:12:00,Dolores Park,37.75975037,-122.42711639
171,2014-04-05 13:48:00,"Mission Dolores, San Francisco",37.76422882,-122.42694855
172,2014-04-05 13:05:00,Universal Cafe,39.62207031,-87.45045471
173,2014-04-04 20:58:00,AMC Metreon,37.78437424,-122.40342712
174,2014-03-28 23:26:00,Comal,29.70988464,-98.11972809
175,2014-03-26 19:09:00,"Civic Center, San Francisco",37.78424835,-122.41773224
176,2014-03-16 15:14:00,"Lower Haight, San Francisco",37.77298355,-122.4307785
177,2014-03-16 13:06:00,"Mission Dolores, San Francisco",37.76422882,-122.42694855
178,2014-03-16 12:55:00,"Mission, San Francisco",37.76438904,-122.42702484
179,2014-03-15 01:22:00,"Mission Dolores, San Francisco",37.76422882,-122.42694855
180,2014-03-12 11:07:00,"SoMa, San Francisco",37.77597046,-122.39800262
181,2014-03-11 21:07:00,"SoMa, San Francisco",37.77597046,-122.39800262
182,2014-03-04 23:35:00,"Mission, San Francisco",37.76438904,-122.42702484
183,2014-03-02 13:04:00,"San Francisco, CA",37.78007889,-122.42015839
184,2014-03-02 13:01:00,"San Francisco, CA",37.78007889,-122.42015839
185,2014-03-02 00:01:00,"San Francisco, CA",37.78007889,-122.42015839
186,2014-02-28 19:20:00,"San Francisco, CA",37.78007889,-122.42015839
187,2014-02-23 11:38:00,"Mission, San Francisco",37.76438904,-122.42702484
188,2014-02-22 18:27:00,"Mission, San Francisco",37.76438904,-122.42702484
189,2014-02-20 23:25:00,"Tenderloin, San Francisco",37.78366089,-122.41513062
190,2014-02-18 21:31:00,"Mission, San Francisco",37.76438904,-122.42702484
191,2014-02-17 17:55:00,"Oakland, CA",37.80482864,-122.2724762
192,2014-02-17 14:33:00,"Mission, San Francisco",37.76438904,-122.42702484
193,2014-02-13 18:16:00,"The Embarcadero, San Francisco",37.78522873,-122.2447052
194,2014-02-13 13:27:00,"Alameda, CA",37.76533508,-122.24187469
195,2014-02-11 09:18:00,"Mission, San Francisco",37.76438904,-122.42702484
196,2014-02-09 18:23:00,"Chinatown, San Francisco",37.79669952,-122.40844727
197,2014-02-09 18:10:00,City Lights Bookstore,37.7976265,-122.40657806
198,2014-02-06 20:24:00,"Inner Richmond, San Francisco",37.77846527,-122.4781723
199,2014-02-04 19:57:00,"Mission, San Francisco",37.76438904,-122.42702484
200,2014-02-02 22:43:00,"Mission, San Francisco",37.76438904,-122.42702484
201,2014-02-01 20:52:00,"Inner Richmond, San Francisco",37.77846527,-122.4781723
202,2014-02-01 16:52:00,"Western Addition, San Francisco",37.78121567,-122.43398285
203,2014-02-01 16:04:00,"Nob Hill, San Francisco",37.79457474,-122.41812897
204,2014-02-01 10:55:00,"The Embarcadero, San Francisco",37.78522873,-122.2447052
205,2014-01-30 13:40:00,"SoMa, San Francisco",37.77597046,-122.39800262
206,2014-01-29 09:04:00,"Mission, San Francisco",37.76438904,-122.42702484
207,2014-01-26 22:22:00,"California, USA",37.25466919,-119.61727905
208,2014-01-24 18:32:00,"Chicago, IL",41.8832283,-87.63240051
209,2014-01-24 11:48:00,Chicago O’Hare International Airport,41.97905731,-87.90923309
210,2014-01-17 18:02:00,"SoMa, San Francisco",37.77597046,-122.39800262
211,2014-01-14 22:24:00,"Mission, San Francisco",37.76438904,-122.42702484
212,2014-01-03 21:30:00,"SoMa, San Francisco",37.77597046,-122.39800262
213,2014-01-03 11:06:00,"Civic Center, San Francisco",37.78424835,-122.41773224
214,2014-01-03 11:05:00,"Civic Center, San Francisco",37.78424835,-122.41773224
215,2014-01-01 01:21:00,"Colfax-Summit, CA",35.12774277,-118.41397095
216,2013-12-31 15:37:00,"Colfax-Summit, CA",35.12774277,-118.41397095
217,2013-12-29 11:33:00,"Michigan, USA",44.87479782,-85.73097992
218,2013-12-26 14:42:00,"Chicago, IL",41.8832283,-87.63240051
219,2013-12-25 20:17:00,"Chicago, IL",41.8832283,-87.63240051
220,2013-12-24 13:44:00,"Park, MI",42.80468369,-86.15739441
221,2013-12-23 23:14:00,"Park, MI",42.80468369,-86.15739441
222,2013-12-23 10:54:00,"Park, MI",42.80468369,-86.15739441
223,2013-12-22 08:50:00,"Park, MI",42.80468369,-86.15739441
224,2013-12-21 06:48:00,San Francisco International Airport,37.62174225,-122.38312531
225,2013-12-14 17:50:00,"Mission, San Francisco",37.76438904,-122.42702484
226,2013-12-14 16:06:00,"Noe Valley, San Francisco",37.74876785,-122.4360733
227,2013-12-12 12:11:00,"SoMa, San Francisco",37.77597046,-122.39800262
228,2013-12-11 07:27:00,"San Francisco, CA",37.78007889,-122.42015839
229,2013-12-10 13:54:00,"SoMa, San Francisco",37.77597046,-122.39800262
230,2013-12-08 19:05:00,"Mission, San Francisco",37.76438904,-122.42702484
231,2013-11-30 16:10:00,"Carmel, CA",36.55250931,-121.92443848
232,2013-11-28 16:08:00,"Menlo Park, CA",37.45322037,-122.18321991
233,2013-11-26 09:11:00,"Mission, San Francisco",37.76438904,-122.42702484
234,2013-11-22 16:50:00,"SoMa, San Francisco",37.77597046,-122.39800262
235,2013-11-17 08:55:00,"Outer Sunset, San Francisco",37.75348663,-122.4936142
236,2013-11-16 18:15:00,"The Haight, San Francisco",37.76928329,-122.44514465
237,2013-11-06 19:12:00,"Downtown, San Francisco",37.79189682,-122.40258026
238,2013-11-06 18:47:00,"Castro, San Francisco",37.76095963,-122.43389893
239,2013-11-03 00:02:00,"Mission, San Francisco",37.76438904,-122.42702484
240,2013-11-02 10:21:00,"Mission, San Francisco",37.76438904,-122.42702484
241,2013-10-31 20:05:00,"Mission Dolores, San Francisco",37.76422882,-122.42694855
242,2013-10-29 18:35:00,"SoMa, San Francisco",37.77597046,-122.39800262
243,2013-10-27 15:23:00,"Mission, San Francisco",37.76438904,-122.42702484
244,2013-10-26 20:21:00,"Civic Center, San Francisco",37.78424835,-122.41773224
245,2013-10-26 10:30:00,"Mission, San Francisco",37.76438904,-122.42702484
246,2013-10-26 09:41:00,"Mission, San Francisco",37.76438904,-122.42702484
247,2013-10-19 20:34:00,"Treasure Island, San Francisco",37.82430649,-122.37096405
248,2013-10-18 08:47:00,"Southwest Marin, CA",37.95167567,-122.32371522
249,2013-10-16 23:50:00,"Civic Center, San Francisco",37.78424835,-122.41773224
250,2013-10-16 07:53:00,"California, USA",37.25466919,-119.61727905
251,2013-10-13 23:08:00,"Twin Peaks, San Francisco",37.75164795,-122.44777679
252,2013-10-12 22:28:00,"Mission, San Francisco",37.76438904,-122.42702484
253,2013-10-12 17:12:00,"Mission, San Francisco",37.76438904,-122.42702484
254,2013-10-09 23:49:00,Independent,38.56538773,-98.53536987
255,2013-10-08 23:38:00,"Mission, San Francisco",37.76438904,-122.42702484
256,2013-10-06 20:59:00,"Mission, San Francisco",37.76438904,-122.42702484
257,2013-10-06 17:50:00,"Mission, San Francisco",37.76438904,-122.42702484
258,2013-10-06 15:17:00,"Mission, San Francisco",37.76438904,-122.42702484
259,2013-10-05 11:15:00,"Mission, San Francisco",37.76438904,-122.42702484
260,2013-10-01 19:36:00,"SoMa, San Francisco",37.77597046,-122.39800262
261,2013-09-29 12:42:00,Salsalito Taco Shop,28.44751549,-16.29460144
262,2013-09-26 23:19:00,"Mission, San Francisco",37.76438904,-122.42702484
263,2013-09-26 18:55:00,"Downtown, San Francisco",37.79189682,-122.40258026
264,2013-09-25 20:12:00,"Tenderloin, San Francisco",37.78366089,-122.41513062
265,2013-09-22 22:26:00,"Mission, San Francisco",37.76438904,-122.42702484
266,2013-09-22 21:47:00,San Francisco International Airport,37.62174225,-122.38312531
267,2013-09-22 13:15:00,"Ann Arbor, MI",42.28141785,-83.74847412
268,2013-09-21 18:14:00,"Ann Arbor, MI",42.28141785,-83.74847412
269,2013-09-20 18:26:00,"Ann Arbor, MI",42.28141785,-83.74847412
270,2013-09-20 14:28:00,"Ann Arbor, MI",42.28141785,-83.74847412
271,2013-09-19 20:54:00,"Mission, San Francisco",37.76438904,-122.42702484
272,2013-09-19 19:40:00,"Mission, San Francisco",37.76438904,-122.42702484
273,2013-09-14 21:45:00,"SoMa, San Francisco",37.77597046,-122.39800262
274,2013-09-12 21:20:00,"Civic Center, San Francisco",37.78424835,-122.41773224
275,2013-09-08 14:18:00,"South Beach, San Francisco",37.78691101,-122.38880157
276,2013-09-08 14:10:00,AT&T Park,37.77849197,-122.38970947
277,2013-09-08 11:53:00,"Mission, San Francisco",37.76438904,-122.42702484
278,2013-09-07 11:07:00,Coit Tower,37.80237579,-122.40582275
279,2013-09-07 11:00:00,"Telegraph Hill, San Francisco",37.80001831,-122.40505981
280,2013-09-06 22:52:00,"Mission, San Francisco",37.76438904,-122.42702484
281,2013-09-06 13:29:00,Twitter HQ Roof Deck,42.95054626,-74.88020325
282,2013-09-06 09:41:00,"Mission, San Francisco",37.76438904,-122.42702484
283,2013-09-04 23:10:00,"Golden Gate Park, San Francisco",37.7690506,-122.48227692
284,2013-09-03 19:31:00,"Mission Dolores, San Francisco",37.76422882,-122.42694855
285,2013-09-02 20:00:00,Ferry Building,9.46403,99.90447
286,2013-09-02 09:59:00,"Mission Bay, San Francisco",37.77189636,-122.39131927
287,2013-09-01 19:52:00,"Mission, San Francisco",37.76438904,-122.42702484
288,2013-08-30 16:03:00,"Downtown, San Francisco",37.79189682,-122.40258026
289,2013-08-30 09:10:00,Golden Gate Bridge,37.81217957,-122.47769165
290,2013-08-30 07:52:00,"Mission, San Francisco",37.76438904,-122.42702484
291,2013-08-30 07:22:00,"Mission, San Francisco",37.76438904,-122.42702484
292,2013-08-27 22:36:00,"San Mateo, CA",37.54714966,-122.31439972
293,2013-08-27 22:32:00,"San Mateo, CA",37.54714966,-122.31439972
294,2013-08-25 15:06:00,"Mission, San Francisco",37.76438904,-122.42702484
295,2013-08-25 09:36:00,"California, USA",37.25466919,-119.61727905
296,2013-08-25 00:14:00,"Mission, San Francisco",37.76438904,-122.42702484
297,2013-08-24 13:56:00,"Mission, San Francisco",37.76438904,-122.42702484
298,2013-08-21 11:59:00,"Downtown, San Francisco",37.79189682,-122.40258026
299,2013-08-19 09:21:00,"Mission, San Francisco",37.76438904,-122.42702484
300,2013-08-18 22:22:00,"Mission, San Francisco",37.76438904,-122.42702484
301,2013-08-17 20:40:00,"Presidio, San Francisco",37.79961395,-122.46720123
302,2013-08-15 22:50:00,Rockridge BART Station,37.84469986,-122.25140381
303,2013-08-14 09:24:00,"SoMa, San Francisco",37.77597046,-122.39800262
304,2013-08-11 12:03:00,"Mission, San Francisco",37.76438904,-122.42702484
305,2013-08-10 01:32:00,"Tenderloin, San Francisco",37.78366089,-122.41513062
306,2013-08-09 23:52:00,"Tenderloin, San Francisco",37.78366089,-122.41513062
307,2013-08-09 23:25:00,"Tenderloin, San Francisco",37.78366089,-122.41513062
308,2013-08-08 23:00:00,"Bernal Heights, San Francisco",37.74045563,-122.41640472
309,2013-08-08 13:01:00,"Civic Center, San Francisco",37.78424835,-122.41773224
310,2013-08-05 19:33:00,"SoMa, San Francisco",37.77597046,-122.39800262
311,2013-08-04 16:33:00,"Mission, San Francisco",37.76438904,-122.42702484
312,2013-08-03 22:23:00,"Mission, San Francisco",37.76438904,-122.42702484
313,2013-08-02 22:26:00,"Mission, San Francisco",37.76438904,-122.42702484
314,2013-07-31 22:21:00,"Civic Center, San Francisco",37.78424835,-122.41773224
315,2013-07-31 14:21:00,"Civic Center, San Francisco",37.78424835,-122.41773224
316,2013-07-29 19:03:00,"Central Sunset, San Francisco",37.75348663,-122.4936142
317,2013-07-28 20:22:00,"Mission, San Francisco",37.76438904,-122.42702484
318,2013-07-28 01:31:00,"Mission, San Francisco",37.76438904,-122.42702484
319,2013-07-27 15:35:00,"SoMa, San Francisco",37.77597046,-122.39800262
320,2013-07-27 14:23:00,"Mission, San Francisco",37.76438904,-122.42702484
321,2013-07-26 20:55:00,"Berkeley, CA",37.8690567,-122.27046204
322,2013-07-25 19:52:00,"Mission, San Francisco",37.76438904,-122.42702484
323,2013-07-22 20:36:00,"Mission, San Francisco",37.76438904,-122.42702484
324,2013-07-21 23:17:00,"Mission, San Francisco",37.76438904,-122.42702484
325,2013-07-21 13:26:00,"Potrero, San Francisco",37.75942993,-122.40140533
326,2013-07-21 10:38:00,"Mission, San Francisco",37.76438904,-122.42702484
327,2013-07-20 18:06:00,"Mission, San Francisco",37.76438904,-122.42702484
328,2013-07-16 11:33:00,"Civic Center, San Francisco",37.78424835,-122.41773224
329,2013-07-14 21:39:00,"Mission, San Francisco",37.76438904,-122.42702484
330,2013-07-14 15:38:00,Santa Clara Convention Center,37.3523941,-121.95307922
331,2013-07-14 14:44:00,"Santa Clara, CA",37.3523941,-121.95307922
332,2013-07-13 18:24:00,"Mission, San Francisco",37.76438904,-122.42702484
333,2013-07-11 16:59:00,"Downtown, San Francisco",37.79189682,-122.40258026
334,2013-07-03 16:37:00,"California, USA",37.25466919,-119.61727905
335,2013-07-02 17:45:00,"Civic Center, San Francisco",37.78424835,-122.41773224
336,2013-07-01 20:50:00,"Mission, San Francisco",37.76438904,-122.42702484
337,2013-06-30 13:49:00,"Mission Dolores, San Francisco",37.76422882,-122.42694855
338,2013-06-29 15:58:00,"Mission, San Francisco",37.76438904,-122.42702484
339,2013-06-28 13:24:00,"Civic Center, San Francisco",37.78424835,-122.41773224
340,2013-06-22 23:26:00,"Mission, San Francisco",37.76438904,-122.42702484
341,2013-06-22 14:39:00,"Castro, San Francisco",37.76095963,-122.43389893
342,2013-06-21 21:20:00,"Mission, San Francisco",37.76438904,-122.42702484
343,2013-06-18 19:49:00,"San Francisco, CA",37.78007889,-122.42015839
344,2013-06-17 22:31:00,Independent,38.56538773,-98.53536987
345,2013-06-17 09:06:00,"Mission, San Francisco",37.76438904,-122.42702484
346,2013-06-16 16:48:00,"Mission, San Francisco",37.76438904,-122.42702484
347,2013-06-15 23:18:00,"Mission, San Francisco",37.76438904,-122.42702484
348,2013-06-13 11:29:00,"Civic Center, San Francisco",37.78424835,-122.41773224
349,2013-06-12 12:35:00,"Lone Mountain, San Francisco",37.77919388,-122.45206451
350,2013-06-12 07:41:00,"Southwest Marin, CA",37.95167567,-122.32371522
351,2013-06-10 17:08:00,Apple Worldwide Developer Conference (WWDC),34.12779236,-95.41738129
352,2013-06-10 17:01:00,Apple Worldwide Developer Conference (WWDC),34.12779236,-95.41738129
353,2013-06-09 07:18:00,"Nevada, USA",39.35644913,-116.65539551
354,2013-06-07 19:09:00,"Oakland, CA",37.80482864,-122.2724762
355,2013-06-06 23:51:00,"Mission, San Francisco",37.76438904,-122.42702484
356,2013-06-05 00:44:00,"Mission, San Francisco",37.76438904,-122.42702484
357,2013-06-04 22:20:00,"Civic Center, San Francisco",37.78424835,-122.41773224
358,2013-06-02 12:46:00,"Mission, San Francisco",37.76438904,-122.42702484
359,2013-06-01 13:08:00,"Mission, San Francisco",37.76438904,-122.42702484
360,2013-05-27 16:57:00,"Mission, San Francisco",37.76438904,-122.42702484
361,2013-05-26 11:14:00,"Beverly Hills, CA",34.08029556,-118.40467834
362,2013-05-24 21:00:00,"Los Angeles, CA",34.05223846,-118.24334717
363,2013-05-24 19:02:00,"Beverly Hills, CA",34.08029556,-118.40467834
364,2013-05-23 19:42:00,"SoMa, San Francisco",37.77597046,-122.39800262
365,2013-05-22 10:09:00,"SoMa, San Francisco",37.77597046,-122.39800262
366,2013-05-20 14:24:00,"Financial District, San Francisco",37.79536438,-122.39801025
367,2013-05-19 10:25:00,"Portland, OR",45.51601791,-122.681427
368,2013-05-18 11:25:00,"Portland, OR",45.51601791,-122.681427
369,2013-05-17 17:49:00,"Portland, OR",45.51601791,-122.681427
370,2013-05-16 12:46:00,"Portland, OR",45.51601791,-122.681427
371,2013-05-16 09:01:00,Pine State Biscuits-Alberta,55.16930771,-114.51179504
372,2013-05-13 20:52:00,"SoMa, San Francisco",37.77597046,-122.39800262
373,2013-05-06 09:48:00,"Civic Center, San Francisco",37.78424835,-122.41773224
374,2013-05-05 13:26:00,Detroit Metropolitan Wayne County Airport,42.21304703,-83.3514328
375,2013-05-04 22:51:00,"Ann Arbor, MI",42.28141785,-83.74847412
376,2013-05-04 19:47:00,"Ann Arbor, MI",42.28141785,-83.74847412
377,2013-05-04 08:55:00,"Ann Arbor, MI",42.28141785,-83.74847412
378,2013-05-04 08:03:00,Michigan Stadium,42.24530411,-83.73114014
379,2013-05-03 18:47:00,Charlotte Douglas International Airport,35.21384048,-80.94833374
380,2013-05-03 07:32:00,"Mission, San Francisco",37.76438904,-122.42702484
381,2013-05-01 19:29:00,"The Embarcadero, San Francisco",37.78522873,-122.2447052
382,2013-05-01 00:13:00,"Mission, San Francisco",37.76438904,-122.42702484
383,2013-04-29 09:24:00,"Mission, San Francisco",37.76438904,-122.42702484
384,2013-04-29 09:14:00,"Mission, San Francisco",37.76438904,-122.42702484
385,2013-04-29 08:49:00,"Mission, San Francisco",37.76438904,-122.42702484
386,2013-04-28 20:54:00,"Mission, San Francisco",37.76438904,-122.42702484
387,2013-04-27 20:13:00,"Mission, San Francisco",37.76438904,-122.42702484
388,2013-04-27 15:59:00,"Mission, San Francisco",37.76438904,-122.42702484
389,2013-04-27 13:54:00,"Mission, San Francisco",37.76438904,-122.42702484
390,2013-04-23 20:04:00,"SoMa, San Francisco",37.77597046,-122.39800262
391,2013-04-23 01:33:00,"Mission, San Francisco",37.76438904,-122.42702484
392,2013-04-22 21:07:00,"Mission Dolores, San Francisco",37.76422882,-122.42694855
393,2013-04-22 21:04:00,"Mission Dolores, San Francisco",37.76422882,-122.42694855
394,2013-04-22 19:39:00,"Mission, San Francisco",37.76438904,-122.42702484
395,2013-04-21 15:52:00,"Mission, San Francisco",37.76438904,-122.42702484
396,2013-04-21 13:01:00,"Mission, San Francisco",37.76438904,-122.42702484
397,2013-04-20 17:31:00,Dolores Park,37.75975037,-122.42711639
398,2013-04-18 21:42:00,"Mission, San Francisco",37.76438904,-122.42702484
399,2013-04-18 03:24:00,"Mission, San Francisco",37.76438904,-122.42702484
400,2013-04-17 17:36:00,Los Angeles International Airport,33.94157028,-118.40877533
401,2013-04-17 03:49:00,"Narita-shi, Chiba",35.58037567,140.11346436
402,2013-04-16 23:22:00,"Minato, Tokyo",35.65805817,139.75138855
403,2013-04-16 08:59:00,"Shinjuku, Tokyo",35.69657516,139.70550537
404,2013-04-16 03:39:00,"Chiyoda Ward, Tokyo",35.69400406,139.75360107
405,2013-04-14 08:22:00,"Shinjuku, Tokyo",35.69657516,139.70550537
406,2013-04-14 00:59:00,"Kyoto City Yamashina Ward, Kyoto",34.97222137,135.81369019
407,2013-04-13 19:05:00,"Osaka-fu, Japan",34.59174347,135.44764709
408,2013-04-13 07:12:00,"Oyodo Town, Nara",34.68444061,135.80499268
409,2013-04-12 19:56:00,"Osaka City Naniwa Ward, Osaka-fu",34.65168381,135.49617004
410,2013-04-12 03:30:00,"Osaka City Naniwa Ward, Osaka-fu",34.65168381,135.49617004
411,2013-04-11 18:50:00,"Osaka City Chuo Ward, Osaka-fu",34.67922211,135.51889038
412,2013-04-11 18:18:00,"Kawachinagano-shi, Osaka-fu",34.46080017,135.56634521
413,2013-04-10 20:20:00,"Kyoto-shi Kita-ku, Kyoto",35.03193665,135.74804688
414,2013-04-09 23:39:00,"Kyoto-shi Fushimi-ku, Kyoto",34.93611145,135.76138306
415,2013-04-09 17:12:00,"Kyoto-shi Higashiyama-ku, Kyoto",34.99721909,135.77638245
416,2013-04-09 03:16:00,"Kyoto-shi Higashiyama-ku, Kyoto",34.99721909,135.77638245
417,2013-04-09 01:27:00,"Inazawa, Aichi",35.25204468,136.79194641
418,2013-04-08 08:52:00,"Minato, Tokyo",35.65805817,139.75138855
419,2013-04-08 05:40:00,"Minato, Tokyo",35.65805817,139.75138855
420,2013-04-08 04:59:00,"Minato, Tokyo",35.65805817,139.75138855
421,2013-04-07 07:53:00,"Minato, Tokyo",35.65805817,139.75138855
422,2013-04-07 04:41:00,"Shibuya, Tokyo",35.66230011,139.70652771
423,2013-04-06 22:24:00,"Bunkyo Ward, Tokyo",35.71699905,139.75
424,2013-04-06 18:45:00,"Minato, Tokyo",35.65805817,139.75138855
425,2013-04-06 14:59:00,"Minato, Tokyo",35.65805817,139.75138855
426,2013-04-06 14:59:00,"Minato, Tokyo",35.65805817,139.75138855
427,2013-04-06 03:50:00,"Minato, Tokyo",35.65805817,139.75138855
428,2013-04-05 18:50:00,"Minato, Tokyo",35.65805817,139.75138855
429,2013-04-05 01:15:00,"Minato, Tokyo",35.65805817,139.75138855
430,2013-04-04 19:24:00,"Chiyoda Ward, Tokyo",35.69400406,139.75360107
431,2013-04-04 06:18:00,"Narashino City, Chiba",35.58037567,140.11346436
432,2013-04-01 08:26:00,"Mission, San Francisco",37.76438904,-122.42702484
433,2013-03-31 21:39:00,"Mission, San Francisco",37.76438904,-122.42702484
434,2013-03-30 14:19:00,"Mission, San Francisco",37.76438904,-122.42702484
435,2013-03-28 12:27:00,"SoMa, San Francisco",37.77597046,-122.39800262
436,2013-03-25 15:38:00,"SoMa, San Francisco",37.77597046,-122.39800262
437,2013-03-20 09:44:00,"SoMa, San Francisco",37.77597046,-122.39800262
438,2013-03-18 09:03:00,"Castro, San Francisco",37.76095963,-122.43389893
439,2013-03-17 21:47:00,"Mission, San Francisco",37.76438904,-122.42702484
440,2013-03-15 23:13:00,"Mission, San Francisco",37.76438904,-122.42702484
441,2013-03-15 21:57:00,"Mission, San Francisco",37.76438904,-122.42702484
442,2013-03-14 07:58:00,Conzelman Road,37.823144,-122.52852087
443,2013-03-12 22:56:00,Hemlock Tavern,42.69064456,-71.12577523
444,2013-03-11 20:58:00,Great American Music Hall,37.78500748,-122.41881561
445,2013-03-10 17:12:00,"San Francisco, CA",37.78007889,-122.42015839
446,2013-03-09 23:31:00,"Mission, San Francisco",37.76438904,-122.42702484
