,time,poi,latitude,longitude
0,2015-11-05 15:57:00,"Las Pinas City, National Capital Region",14.45991516,120.99485779
1,2015-11-05 15:30:00,"Las Pinas City, National Capital Region",14.45991516,120.99485779
2,2015-11-05 15:20:00,"Las Pinas City, National Capital Region",14.45991516,120.99485779
3,2015-11-01 22:15:00,"Pomona, CA",34.05511856,-117.75004578
4,2015-11-01 21:10:00,"Pomona, CA",34.05511856,-117.75004578
5,2015-10-29 12:51:00,"Paradise, NV",36.11553574,-115.15795135
6,2015-10-29 10:24:00,"Paradise, NV",36.11553574,-115.15795135
7,2015-10-28 19:22:00,"Paradise, NV",36.11553574,-115.15795135
8,2015-10-28 15:56:00,"Paradise, NV",36.11553574,-115.15795135
9,2015-10-25 22:32:00,"Los Angeles, CA",34.05223846,-118.24334717
10,2015-10-25 02:22:00,"Los Angeles, CA",34.05223846,-118.24334717
11,2015-10-25 01:52:00,"Los Angeles, CA",34.05223846,-118.24334717
12,2015-10-25 00:26:00,"Los Angeles, CA",34.05223846,-118.24334717
13,2015-10-22 14:22:00,"San Francisco, CA",37.78007889,-122.42015839
14,2015-10-19 23:29:00,"Los Angeles, CA",34.05223846,-118.24334717
15,2015-10-17 11:32:00,"Beverly Hills, CA",34.08029556,-118.40467834
16,2015-10-14 23:56:00,"Los Angeles, CA",34.05223846,-118.24334717
17,2015-10-14 23:54:00,"Los Angeles, CA",34.05223846,-118.24334717
18,2015-10-13 20:56:00,"Los Angeles, CA",34.05223846,-118.24334717
19,2015-10-10 14:01:00,"Paradise, NV",36.11553574,-115.15795135
20,2015-10-01 01:27:00,"Los Angeles, CA",34.05223846,-118.24334717
21,2015-09-30 22:48:00,"Los Angeles, CA",34.05223846,-118.24334717
22,2015-09-28 01:19:00,"Los Angeles, CA",34.05223846,-118.24334717
23,2015-09-22 21:37:00,"Los Angeles, CA",34.05223846,-118.24334717
24,2015-09-19 09:55:00,"Los Angeles, CA",34.05223846,-118.24334717
25,2015-09-13 21:34:00,"San Francisco, CA",37.78007889,-122.42015839
26,2015-09-09 22:09:00,"Los Angeles, CA",34.05223846,-118.24334717
27,2015-09-09 21:16:00,"Los Angeles, CA",34.05223846,-118.24334717
28,2015-09-09 21:15:00,"Los Angeles, CA",34.05223846,-118.24334717
29,2015-09-09 14:16:00,"Los Angeles, CA",34.05223846,-118.24334717
30,2015-09-05 20:58:00,"Los Angeles, CA",34.05223846,-118.24334717
31,2015-09-05 17:03:00,"Los Angeles, CA",34.05223846,-118.24334717
32,2015-08-31 23:24:00,"Daly City, CA",37.69111252,-122.47222137
33,2015-08-31 20:13:00,"Colma, CA",37.68072891,-122.45287323
34,2015-08-28 08:46:00,"Sant Josep de sa Talaia, Illes Balears",38.92173386,1.29342997
35,2015-08-28 05:22:00,"Sant Josep de sa Talaia, Illes Balears",38.92173386,1.29342997
36,2015-08-28 05:15:00,"Sant Josep de sa Talaia, Illes Balears",38.92173386,1.29342997
37,2015-08-28 05:14:00,"Sant Josep de sa Talaia, Illes Balears",38.92173386,1.29342997
38,2015-08-25 08:00:00,"Los Angeles, CA",34.05223846,-118.24334717
39,2015-08-23 15:05:00,"Beverly Hills, CA",34.08029556,-118.40467834
40,2015-08-23 00:08:00,"Los Angeles, CA",34.05223846,-118.24334717
41,2015-08-22 13:03:00,"Los Angeles, CA",34.05223846,-118.24334717
42,2015-08-22 00:42:00,"Los Angeles, CA",34.05223846,-118.24334717
43,2015-08-20 23:20:00,"Los Angeles, CA",34.05223846,-118.24334717
44,2015-08-20 23:19:00,"Los Angeles, CA",34.05223846,-118.24334717
45,2015-08-18 23:48:00,"Los Angeles, CA",34.05223846,-118.24334717
46,2015-08-18 22:45:00,"California, USA",37.25466919,-119.61727905
47,2015-08-18 22:22:00,"California, USA",37.25466919,-119.61727905
48,2015-08-18 22:02:00,"California, USA",37.25466919,-119.61727905
49,2015-08-18 21:56:00,"California, USA",37.25466919,-119.61727905
50,2015-08-16 23:37:00,"Los Angeles, CA",34.05223846,-118.24334717
51,2015-08-13 18:29:00,"Los Angeles, CA",34.05223846,-118.24334717
52,2015-08-12 21:21:00,"Los Angeles, CA",34.05223846,-118.24334717
53,2015-08-12 21:12:00,"Los Angeles, CA",34.05223846,-118.24334717
54,2015-08-10 19:18:00,"Beverly Hills, CA",34.08029556,-118.40467834
55,2015-08-09 16:53:00,"Los Angeles, CA",34.05223846,-118.24334717
56,2015-08-07 00:20:00,"Cologne, North Rhine-Westphalia",50.94053268,6.9599061
57,2015-08-06 03:02:00,"Cologne, North Rhine-Westphalia",50.94053268,6.9599061
58,2015-08-05 02:33:00,"Cologne, North Rhine-Westphalia",50.94053268,6.9599061
59,2015-08-04 17:48:00,"Cologne, North Rhine-Westphalia",50.94053268,6.9599061
60,2015-08-03 15:31:00,"Lakewood, OH",41.47812653,-81.80484772
61,2015-08-03 14:48:00,"Los Angeles, CA",34.05223846,-118.24334717
62,2015-08-03 14:44:00,"Los Angeles, CA",34.05223846,-118.24334717
63,2015-08-02 14:40:00,"California, USA",37.25466919,-119.61727905
64,2015-07-31 16:46:00,"Green, OH",40.94779968,-81.47140503
65,2015-07-30 07:58:00,"Ohio, USA",40.41553497,-82.70935822
66,2015-07-30 07:37:00,"Ohio, USA",40.41553497,-82.70935822
67,2015-07-30 07:28:00,"Ohio, USA",40.41553497,-82.70935822
68,2015-07-30 07:24:00,"Ohio, USA",40.41553497,-82.70935822
69,2015-07-29 23:29:00,"Ohio, USA",40.41553497,-82.70935822
70,2015-07-26 21:37:00,"Los Angeles, CA",34.05223846,-118.24334717
71,2015-07-26 19:49:00,"Los Angeles, CA",34.05223846,-118.24334717
72,2015-07-26 13:04:00,"Los Angeles, CA",34.05223846,-118.24334717
73,2015-07-26 02:33:00,"Los Angeles, CA",34.05223846,-118.24334717
74,2015-07-24 23:52:00,"Los Angeles, CA",34.05223846,-118.24334717
75,2015-07-21 12:31:00,"Los Angeles, CA",34.05223846,-118.24334717
76,2015-07-20 21:27:00,"SeaTac, WA",47.44525909,-122.29453278
77,2015-07-18 21:51:00,"Los Angeles, CA",34.05223846,-118.24334717
78,2015-07-18 21:51:00,"Los Angeles, CA",34.05223846,-118.24334717
79,2015-07-18 09:08:00,"Los Angeles, CA",34.05223846,-118.24334717
80,2015-07-17 00:08:00,"Los Angeles, CA",34.05223846,-118.24334717
81,2015-07-15 14:31:00,"Paradise, NV",36.11553574,-115.15795135
82,2015-07-10 20:22:00,"Los Angeles, CA",34.05223846,-118.24334717
83,2015-07-10 13:06:00,"California, USA",37.25466919,-119.61727905
84,2015-07-10 11:49:00,"San Diego, CA",32.71575928,-117.16381836
85,2015-07-10 10:04:00,"San Diego, CA",32.71575928,-117.16381836
86,2015-07-09 21:29:00,"San Diego, CA",32.71575928,-117.16381836
87,2015-07-08 07:54:00,"Los Angeles, CA",34.05223846,-118.24334717
88,2015-07-05 19:12:00,"Beverly Hills, CA",34.08029556,-118.40467834
89,2015-07-05 16:43:00,"Los Angeles, CA",34.05223846,-118.24334717
90,2015-07-04 15:52:00,"Beverly Hills, CA",34.08029556,-118.40467834
91,2015-07-04 14:55:00,"Beverly Hills, CA",34.08029556,-118.40467834
92,2015-07-04 14:47:00,"Beverly Hills, CA",34.08029556,-118.40467834
93,2015-07-04 14:44:00,"Beverly Hills, CA",34.08029556,-118.40467834
94,2015-07-04 13:20:00,"Los Angeles, CA",34.05223846,-118.24334717
95,2015-07-04 10:00:00,"Los Angeles, CA",34.05223846,-118.24334717
96,2015-07-04 02:38:00,"Los Angeles, CA",34.05223846,-118.24334717
97,2015-07-04 01:48:00,"Los Angeles, CA",34.05223846,-118.24334717
98,2015-07-03 12:50:00,"Los Angeles, CA",34.05223846,-118.24334717
99,2015-07-01 19:19:00,"Los Angeles, CA",34.05223846,-118.24334717
100,2015-07-01 00:31:00,"Los Angeles, CA",34.05223846,-118.24334717
101,2015-06-29 22:26:00,"Los Angeles, CA",34.05223846,-118.24334717
102,2015-06-29 15:26:00,"Beverly Hills, CA",34.08029556,-118.40467834
103,2015-06-26 23:21:00,"Los Angeles, CA",34.05223846,-118.24334717
104,2015-06-26 14:00:00,"Los Angeles, CA",34.05223846,-118.24334717
105,2015-06-26 10:27:00,"Los Angeles, CA",34.05223846,-118.24334717
106,2015-06-26 10:23:00,"Los Angeles, CA",34.05223846,-118.24334717
107,2015-06-26 00:34:00,"Los Angeles, CA",34.05223846,-118.24334717
108,2015-06-23 00:13:00,"Los Angeles, CA",34.05223846,-118.24334717
109,2015-06-21 17:27:00,"Beverly Hills, CA",34.08029556,-118.40467834
110,2015-06-21 14:45:00,"Detroit, MI",42.33293915,-83.0478363
111,2015-06-18 21:30:00,"Beverly Hills, CA",34.08029556,-118.40467834
112,2015-06-16 20:23:00,"Los Angeles, CA",34.05223846,-118.24334717
113,2015-04-26 15:06:00,"Texas, USA",31.46384811,-99.33329773
114,2015-04-25 21:26:00,"Oklahoma City, OK",35.46849442,-97.52126312
115,2015-04-13 12:52:00,"Union Square, San Francisco",37.78849411,-122.40678406
116,2015-04-05 21:00:00,"Miami Beach, FL",25.79223633,-80.13484955
117,2015-04-05 21:01:00,"Miami Beach, FL",25.79223633,-80.13484955
118,2015-04-02 16:22:00,"Beverly Hills, CA",34.08029556,-118.40467834
119,2015-04-02 02:55:00,"Winchester, NV",36.137043,-115.12306976
120,2015-04-01 14:13:00,"Los Angeles, CA",34.05223846,-118.24334717
121,2015-03-29 00:13:00,"San Diego, CA",32.71575928,-117.16381836
122,2015-03-15 18:23:00,"Middleburg Heights, OH",41.37082291,-81.80789185
123,2015-02-09 08:45:00,"Westchester - LAX, Los Angeles",33.94157028,-118.40877533
124,2015-02-01 19:04:00,"San Francisco, CA",37.78007889,-122.42015839
125,2015-01-13 15:19:00,"St Helena, CA",38.50522995,-122.47034454
126,2015-01-06 21:07:00,"Pacific Heights, San Francisco",37.79335022,-122.43474579
127,2014-12-31 22:34:00,"Manhattan, NY",40.75325012,-74.00380707
128,2014-11-26 00:52:00,"Cleveland, OH",41.50554657,-81.6914978
129,2014-11-23 11:08:00,"Los Angeles, CA",34.05223846,-118.24334717
130,2014-11-16 13:03:00,"Green Bay, WI",44.51328659,-88.01325989
131,2014-10-29 20:49:00,"San Francisco, CA",37.78007889,-122.42015839
132,2014-09-19 11:02:00,"Inner Sunset, San Francisco",37.75348663,-122.4936142
133,2014-09-12 19:19:00,"Lakewood, OH",41.47812653,-81.80484772
134,2014-09-07 12:36:00,"Strongsville, OH",41.31425095,-81.8351593
135,2014-08-31 20:35:00,"San Francisco, CA",37.78007889,-122.42015839
136,2014-08-10 05:48:00,"Lakewood, OH",41.47812653,-81.80484772
137,2014-08-09 17:05:00,"Golden Gate, San Francisco",37.7699852,-122.47956848
138,2014-08-09 10:59:00,"Lakewood, OH",41.47812653,-81.80484772
139,2014-08-03 22:48:00,"Los Angeles, CA",34.05223846,-118.24334717
140,2014-07-14 21:48:00,"San Francisco, CA",37.78007889,-122.42015839
141,2014-07-11 11:47:00,"San Francisco, CA",37.78007889,-122.42015839
142,2014-07-09 11:01:00,"New York, NY",40.71304703,-74.00723267
143,2014-07-02 13:08:00,"San Francisco, CA",37.78007889,-122.42015839
144,2014-07-02 09:36:00,"San Francisco, CA",37.78007889,-122.42015839
145,2014-06-30 08:03:00,"Richardson, TX",32.96076202,-96.73352051
146,2014-06-30 07:53:00,"Plano, TX",33.01969528,-96.69758606
147,2014-06-30 06:44:00,"Grapevine, TX",32.9398613,-97.07836914
148,2014-06-25 17:44:00,"Los Angeles, CA",34.05223846,-118.24334717
149,2014-06-17 18:07:00,"Rio de Janeiro, Brasil",-22.90880013,-43.1967392
150,2014-06-16 17:07:00,"Rio de Janeiro, Brasil",-22.90880013,-43.1967392
151,2014-06-15 21:31:00,"Rio de Janeiro, Brasil",-22.90880013,-43.1967392
152,2014-06-15 19:48:00,"Rio de Janeiro, Brasil",-22.90880013,-43.1967392
153,2014-06-14 13:17:00,"California, USA",37.25466919,-119.61727905
154,2014-06-13 10:47:00,"San Francisco, CA",37.78007889,-122.42015839
155,2014-06-13 10:06:00,"California, USA",37.25466919,-119.61727905
156,2014-06-12 23:30:00,"Los Angeles, CA",34.05223846,-118.24334717
157,2014-06-11 10:44:00,"Los Angeles, CA",34.05223846,-118.24334717
158,2014-06-11 10:23:00,"Los Angeles, CA",34.05223846,-118.24334717
159,2014-06-10 18:46:00,"Los Angeles, CA",34.05223846,-118.24334717
160,2014-06-10 18:43:00,"Los Angeles, CA",34.05223846,-118.24334717
161,2014-06-09 13:05:00,"San Francisco, CA",37.78007889,-122.42015839
162,2014-06-09 12:27:00,"San Francisco, CA",37.78007889,-122.42015839
163,2014-06-09 08:15:00,"California, USA",37.25466919,-119.61727905
164,2014-06-08 14:32:00,"College Park, GA",33.65339279,-84.44950104
165,2014-06-04 12:24:00,"Florida, USA",28.59551239,-82.48734283
166,2014-06-02 12:02:00,"Eivissa, Illes Balears",38.90884018,1.432392
167,2014-06-02 11:49:00,"Spring Hill, Brisbane",-27.45944023,153.02610779
168,2014-06-02 11:36:00,"Sant Josep de sa Talaia, Islas Baleares",38.92173386,1.29342997
169,2014-06-01 20:10:00,"Sant Josep de sa Talaia, Islas Baleares",38.92173386,1.29342997
170,2014-06-01 18:07:00,"Sant Josep de sa Talaia, Islas Baleares",38.92173386,1.29342997
171,2014-06-01 04:20:00,"Sant Josep de sa Talaia, Islas Baleares",38.92173386,1.29342997
172,2014-05-31 15:01:00,"Sant Josep de sa Talaia, Islas Baleares",38.92173386,1.29342997
173,2014-05-30 11:29:00,"SoMa, San Francisco",37.77597046,-122.39800262
174,2014-05-30 11:25:00,"Sant Josep de sa Talaia, Islas Baleares",38.92173386,1.29342997
175,2014-05-28 07:32:00,"Kloten, Zürich",47.45000076,8.58300018
176,2014-05-27 10:15:00,"San Francisco, CA",37.78007889,-122.42015839
177,2014-05-22 22:18:00,"Redwood City, CA",37.48049927,-122.21527863
178,2014-05-21 19:51:00,"San Francisco, CA",37.78007889,-122.42015839
179,2014-05-19 09:46:00,"Lakewood, OH",41.47812653,-81.80484772
180,2014-05-18 21:16:00,"Lakewood, OH",41.47812653,-81.80484772
181,2014-05-17 21:09:00,"Strongsville, OH",41.31425095,-81.8351593
182,2014-05-17 20:34:00,"Strongsville, OH",41.31425095,-81.8351593
183,2014-05-17 20:34:00,"Strongsville, OH",41.31425095,-81.8351593
184,2014-05-15 23:01:00,"New York, NY",40.71304703,-74.00723267
185,2014-05-15 15:36:00,"New York, NY",40.71304703,-74.00723267
186,2014-05-15 13:00:00,"New York, NY",40.71304703,-74.00723267
187,2014-05-15 10:50:00,"New York, NY",40.71304703,-74.00723267
188,2014-05-14 23:26:00,"New York, NY",40.71304703,-74.00723267
189,2014-05-13 22:38:00,"California, USA",37.25466919,-119.61727905
190,2014-05-13 22:35:00,"Brisbane, CA",37.68267059,-122.40052032
191,2014-05-13 22:34:00,"Brisbane, CA",37.68267059,-122.40052032
192,2014-05-13 22:29:00,"San Francisco, CA",37.78007889,-122.42015839
193,2014-05-10 19:24:00,"San Francisco, CA",37.78007889,-122.42015839
194,2014-05-08 11:36:00,"Oakland, CA",37.80482864,-122.2724762
195,2014-05-07 21:04:00,"San Francisco, CA",37.78007889,-122.42015839
196,2014-05-05 21:46:00,"San Francisco, CA",37.78007889,-122.42015839
197,2014-05-05 20:46:00,"San Francisco, CA",37.78007889,-122.42015839
198,2014-05-04 14:28:00,"San Francisco, CA",37.78007889,-122.42015839
199,2014-05-03 17:07:00,"Paradise, NV",36.11553574,-115.15795135
200,2014-05-03 14:57:00,"Paradise, NV",36.11553574,-115.15795135
201,2014-05-02 12:12:00,"Henderson, NV",36.03409576,-114.98445129
202,2014-05-02 08:59:00,"Henderson, NV",36.03409576,-114.98445129
203,2014-04-30 23:25:00,"San Francisco, CA",37.78007889,-122.42015839
204,2014-04-30 23:13:00,"San Francisco, CA",37.78007889,-122.42015839
205,2014-04-30 00:01:00,"San Francisco, CA",37.78007889,-122.42015839
206,2014-04-29 20:17:00,"San Francisco, CA",37.78007889,-122.42015839
207,2014-04-29 19:31:00,"San Francisco, CA",37.78007889,-122.42015839
208,2014-04-27 21:30:00,"South San Francisco, CA",37.65568161,-122.41248322
209,2014-04-27 21:29:00,"Brisbane, CA",37.68267059,-122.40052032
210,2014-04-27 16:10:00,"Houston, TX",29.76080322,-95.36950684
211,2014-04-26 20:34:00,"Cologne, North Rhine-Westphalia",50.94053268,6.9599061
212,2014-04-24 01:06:00,"Stockholm, Sweden",59.33278656,18.06448746
213,2014-04-23 05:21:00,"Stockholm, Sweden",59.33278656,18.06448746
214,2014-04-21 14:07:00,"Stockholm, Sweden",59.33278656,18.06448746
215,2014-04-21 02:08:00,"Stockholm, Sweden",59.33278656,18.06448746
216,2014-04-20 09:02:00,"Nacka, Sverige",59.31006241,18.16381264
217,2014-04-19 16:08:00,"Stockholm, Sweden",59.33278656,18.06448746
218,2014-04-19 10:39:00,"Stockholm, Sweden",59.33278656,18.06448746
219,2014-04-18 20:17:00,"Stockholm, Sweden",59.33278656,18.06448746
220,2014-04-18 04:13:00,"Stockholm, Sweden",59.33278656,18.06448746
221,2014-04-16 19:00:00,United Arab Emirates,24.00024796,53.9994812
222,2014-04-15 16:47:00,United Arab Emirates,24.00024796,53.9994812
223,2014-04-15 15:37:00,United Arab Emirates,24.00024796,53.9994812
224,2014-04-15 15:17:00,United Arab Emirates,24.00024796,53.9994812
225,2014-04-15 15:10:00,United Arab Emirates,24.00024796,53.9994812
226,2014-04-15 09:46:00,United Arab Emirates,24.00024796,53.9994812
227,2014-04-14 14:38:00,United Arab Emirates,24.00024796,53.9994812
228,2014-04-14 10:29:00,United Arab Emirates,24.00024796,53.9994812
229,2014-04-13 21:56:00,"Sigtuna, Sverige",59.61733627,17.72396469
230,2014-04-12 23:51:00,"Strongsville, OH",41.31425095,-81.8351593
231,2014-04-11 12:03:00,"Lakewood, OH",41.47812653,-81.80484772
232,2014-04-11 00:52:00,"Anaheim, CA",33.83449173,-117.91564178
233,2014-04-10 14:31:00,"Anaheim, CA",33.83449173,-117.91564178
234,2014-04-10 14:02:00,"Anaheim, CA",33.83449173,-117.91564178
235,2014-04-10 11:19:00,"Anaheim, CA",33.83449173,-117.91564178
236,2014-04-10 11:15:00,"Anaheim, CA",33.83449173,-117.91564178
237,2014-04-10 09:35:00,"Anaheim, CA",33.83449173,-117.91564178
238,2014-04-09 17:21:00,"San Francisco, CA",37.78007889,-122.42015839
239,2014-04-09 09:19:00,"San Francisco, CA",37.78007889,-122.42015839
240,2014-04-09 08:43:00,"San Francisco, CA",37.78007889,-122.42015839
241,2014-04-09 00:19:00,"San Francisco, CA",37.78007889,-122.42015839
242,2014-04-08 19:34:00,"San Francisco, CA",37.78007889,-122.42015839
243,2014-04-08 19:34:00,"San Francisco, CA",37.78007889,-122.42015839
