,time,poi,latitude,longitude
0,2015-11-11 03:56:00,Vandolet Industries,28.68699646,77.06256104
1,2015-11-10 18:41:00,Vandolet Industries,28.68699646,77.06256104
2,2015-11-10 15:54:00,"Manhattan, NY",40.75325012,-74.00380707
3,2015-11-09 19:52:00,"Brooklyn, NY",40.69252777,-73.99099731
4,2015-11-09 19:49:00,"Brooklyn, NY",40.69252777,-73.99099731
5,2015-11-09 08:37:00,"Jersey City, NJ",40.71749496,-74.04411316
6,2015-11-08 18:06:00,"Brooklyn, NY",40.69252777,-73.99099731
7,2015-11-07 08:03:00,"Brooklyn, NY",40.69252777,-73.99099731
8,2015-11-07 07:38:00,Vandolet Industries,28.68699646,77.06256104
9,2015-10-31 20:28:00,"Brooklyn, NY",40.69252777,-73.99099731
10,2015-10-31 17:06:00,"Brooklyn, NY",40.69252777,-73.99099731
11,2015-10-31 14:47:00,"Brooklyn, NY",40.69252777,-73.99099731
12,2015-10-29 19:16:00,"Brooklyn, NY",40.69252777,-73.99099731
13,2015-10-22 08:50:00,"Jersey City, NJ",40.71749496,-74.04411316
14,2015-10-21 21:02:00,"Brooklyn, NY",40.69252777,-73.99099731
15,2015-10-21 05:31:00,"Brooklyn, NY",40.69252777,-73.99099731
16,2015-10-20 06:51:00,"Denville, NJ",40.88906479,-74.47859955
17,2015-10-17 10:43:00,"Austin, TX",30.26497841,-97.74659729
18,2015-10-17 06:18:00,"Texas, USA",31.46384811,-99.33329773
19,2015-10-15 23:47:00,"Austin, TX",30.26497841,-97.74659729
20,2015-10-15 15:35:00,"Brooklyn, NY",40.69252777,-73.99099731
21,2015-10-15 15:32:00,"Brooklyn, NY",40.69252777,-73.99099731
22,2015-10-15 15:21:00,"Brooklyn, NY",40.69252777,-73.99099731
23,2015-10-14 20:07:00,"Brooklyn, NY",40.69252777,-73.99099731
24,2015-10-13 20:19:00,"Brooklyn, NY",40.69252777,-73.99099731
25,2015-10-10 18:29:00,"Manhattan, NY",40.75325012,-74.00380707
26,2015-10-09 16:49:00,"Brooklyn, NY",40.69252777,-73.99099731
27,2015-10-09 16:22:00,"Brooklyn, NY",40.69252777,-73.99099731
28,2015-09-24 18:24:00,"Toronto, Ontario",43.65189362,-79.38171387
29,2015-09-24 18:22:00,"Toronto, Ontario",43.65189362,-79.38171387
30,2015-09-17 17:27:00,"Pittsburgh, PA",40.44216919,-79.99495697
31,2015-09-14 13:32:00,"Atlanta, GA",33.7485466,-84.39150238
32,2015-09-10 21:52:00,"Mickleton, NJ",39.78905106,-75.24252319
33,2015-09-09 21:28:00,"Brooklyn, NY",40.69252777,-73.99099731
34,2015-09-08 20:15:00,"Brooklyn, NY",40.69252777,-73.99099731
35,2015-09-08 20:05:00,"Brooklyn, NY",40.69252777,-73.99099731
36,2015-09-02 20:34:00,"Brooklyn, NY",40.69252777,-73.99099731
37,2015-09-01 19:36:00,"Brooklyn, NY",40.69252777,-73.99099731
38,2015-08-31 19:06:00,"Brooklyn, NY",40.69252777,-73.99099731
39,2015-08-31 17:03:00,"Manhattan, NY",40.75325012,-74.00380707
40,2015-08-19 16:11:00,"Brooklyn, NY",40.69252777,-73.99099731
41,2015-08-16 09:19:00,"Princeton, NJ",40.3519783,-74.66074371
42,2015-08-14 13:44:00,"Jersey City, NJ",40.71749496,-74.04411316
43,2015-08-12 14:42:00,"Jersey City, NJ",40.71749496,-74.04411316
44,2015-08-07 22:42:00,"Brooklyn, NY",40.69252777,-73.99099731
45,2015-08-06 21:02:00,"Brooklyn, NY",40.69252777,-73.99099731
46,2015-08-06 21:02:00,"Brooklyn, NY",40.69252777,-73.99099731
47,2015-08-06 17:41:00,"Manhattan, NY",40.75325012,-74.00380707
48,2015-08-05 19:23:00,"Brooklyn, NY",40.69252777,-73.99099731
49,2015-07-29 04:54:00,"Manhattan, NY",40.75325012,-74.00380707
50,2015-07-28 04:22:00,"Brooklyn, NY",40.69252777,-73.99099731
51,2015-07-27 16:53:00,"Brooklyn, NY",40.69252777,-73.99099731
52,2015-07-26 15:45:00,"Brooklyn, NY",40.69252777,-73.99099731
53,2015-07-24 12:08:00,"Gramercy, Manhattan",40.73793793,-73.9859314
54,2015-07-23 11:23:00,"Chicago, IL",41.8832283,-87.63240051
55,2015-07-22 21:34:00,"Fayetteville, NC",35.05441666,-78.88365936
56,2015-07-22 15:48:00,"Fayetteville, NC",35.05441666,-78.88365936
57,2015-07-21 17:36:00,"Queens, NY",40.75977707,-73.81729889
58,2015-07-21 02:30:00,"Pittsburgh, PA",40.44216919,-79.99495697
59,2015-07-19 07:42:00,"Brooklyn, NY",40.69252777,-73.99099731
60,2015-07-17 04:53:00,"Brooklyn, NY",40.69252777,-73.99099731
61,2015-07-15 09:35:00,"Jersey City, NJ",40.71749496,-74.04411316
62,2015-07-13 19:47:00,"Brooklyn, NY",40.69252777,-73.99099731
63,2015-07-13 10:48:00,"Jersey City, NJ",40.71749496,-74.04411316
64,2015-07-11 07:21:00,"Franksville, WI",42.75942993,-87.91243744
65,2015-07-11 05:59:00,"Mount Pleasant, WI",42.71778107,-87.88639069
66,2015-07-09 20:30:00,"Manhattan, NY",40.75325012,-74.00380707
67,2015-07-09 20:25:00,"Manhattan, NY",40.75325012,-74.00380707
68,2015-07-09 19:08:00,"Manhattan, NY",40.75325012,-74.00380707
69,2015-07-07 17:15:00,"Brooklyn, NY",40.69252777,-73.99099731
70,2015-07-03 02:07:00,"Lisbon, Portugal",38.70700836,-9.1356411
71,2015-07-02 13:52:00,"Lisbon, Portugal",38.70700836,-9.1356411
72,2015-07-02 05:41:00,"Porto, Portugal",41.15015411,-8.61031818
73,2015-07-01 11:14:00,"Santo Tirso, Portugal",41.34266663,-8.47746563
74,2015-06-30 13:08:00,"Santiago de Compostela, Galicia",42.88062286,-8.54660702
75,2015-06-25 14:47:00,"Salamanca, Castilla y León",40.96496582,-5.66309214
76,2015-06-23 12:07:00,"Madrid, Comunidad de Madrid",40.41669083,-3.70034599
77,2015-06-22 15:34:00,"Lester, PA",39.87077332,-75.28282166
78,2015-06-15 09:50:00,"Lakewood, CO",39.71099854,-105.08887482
79,2015-06-15 09:41:00,"Lakewood, CO",39.71099854,-105.08887482
80,2015-06-13 10:28:00,"Littleton, CO",39.61265182,-105.0161972
81,2015-06-12 12:30:00,"Littleton, CO",39.61265182,-105.0161972
82,2015-06-12 08:10:00,"Colorado, USA",38.99855042,-105.5478363
83,2015-06-12 02:33:00,"Queens, NY",40.75977707,-73.81729889
84,2015-06-10 11:28:00,"Manhattan, NY",40.75325012,-74.00380707
85,2015-06-10 06:07:00,"Brooklyn, NY",40.69252777,-73.99099731
86,2015-06-08 19:44:00,"Brooklyn, NY",40.69252777,-73.99099731
87,2015-06-03 22:27:00,"Brooklyn, NY",40.69252777,-73.99099731
88,2015-06-02 09:16:00,"Manhattan, NY",40.75325012,-74.00380707
89,2015-05-29 17:30:00,"Manhattan, NY",40.75325012,-74.00380707
90,2015-05-29 16:45:00,"Manhattan, NY",40.75325012,-74.00380707
91,2015-05-29 16:40:00,"Manhattan, NY",40.75325012,-74.00380707
92,2015-05-29 15:59:00,"Manhattan, NY",40.75325012,-74.00380707
93,2015-05-28 07:57:00,"Tarrytown, NY",41.07627487,-73.85832977
94,2015-05-28 07:53:00,"Tarrytown, NY",41.07627487,-73.85832977
95,2015-05-27 14:06:00,"Brooklyn, NY",40.69252777,-73.99099731
96,2015-05-26 19:32:00,"Brooklyn, NY",40.69252777,-73.99099731
97,2015-05-26 19:30:00,"Brooklyn, NY",40.69252777,-73.99099731
98,2015-05-26 10:40:00,"Manhattan, NY",40.75325012,-74.00380707
99,2015-05-26 10:33:00,"Manhattan, NY",40.75325012,-74.00380707
100,2015-05-25 18:28:00,"Brooklyn, NY",40.69252777,-73.99099731
101,2015-05-21 09:36:00,"Manhattan, NY",40.75325012,-74.00380707
102,2015-05-19 19:11:00,"Dedham, MA",42.24656677,-71.17429352
103,2015-05-19 17:31:00,"Boston, MA",42.35899353,-71.0586319
104,2015-05-19 11:42:00,"Quincy, MA",42.2514267,-71.00215149
105,2015-05-15 18:41:00,"Manhattan, NY",40.75325012,-74.00380707
106,2015-05-14 16:31:00,"Manhattan, NY",40.75325012,-74.00380707
107,2015-05-12 18:51:00,"Queens, NY",40.75977707,-73.81729889
108,2015-05-11 16:25:00,"Manhattan, NY",40.75325012,-74.00380707
109,2015-05-11 14:47:00,"Brooklyn, NY",40.69252777,-73.99099731
110,2015-05-06 05:28:00,"Brooklyn, NY",40.69252777,-73.99099731
111,2015-05-05 13:39:00,"Manhattan, NY",40.75325012,-74.00380707
112,2015-05-04 10:56:00,"Brooklyn, NY",40.69252777,-73.99099731
113,2015-05-04 10:54:00,"Brooklyn, NY",40.69252777,-73.99099731
114,2015-05-03 12:02:00,"Bronx, NY",40.8261528,-73.9202652
115,2015-05-02 09:54:00,"Brooklyn, NY",40.69252777,-73.99099731
116,2015-05-01 11:25:00,"Manhattan, NY",40.75325012,-74.00380707
117,2015-05-01 05:14:00,"Brooklyn, NY",40.69252777,-73.99099731
118,2015-04-30 10:16:00,"Manhattan, NY",40.75325012,-74.00380707
119,2015-04-29 17:59:00,"Brooklyn, NY",40.69252777,-73.99099731
120,2015-04-27 17:44:00,"Brooklyn, NY",40.69252777,-73.99099731
121,2015-04-27 13:04:00,"Manhattan, NY",40.75325012,-74.00380707
122,2015-04-25 08:58:00,"Brooklyn, NY",40.69252777,-73.99099731
123,2015-04-24 16:19:00,"Brooklyn, NY",40.69252777,-73.99099731
124,2015-04-24 15:45:00,"Brooklyn, NY",40.69252777,-73.99099731
125,2015-04-24 13:11:00,"Brooklyn, NY",40.69252777,-73.99099731
126,2015-04-23 06:28:00,"Philadelphia, PA",39.95106125,-75.1656189
127,2015-04-22 18:57:00,"Brooklyn, NY",40.69252777,-73.99099731
128,2015-04-22 10:44:00,"Manhattan, NY",40.75325012,-74.00380707
129,2015-04-21 20:39:00,"Brooklyn, NY",40.69252777,-73.99099731
130,2015-04-17 11:31:00,"Manhattan, NY",40.75325012,-74.00380707
131,2015-04-17 07:19:00,"Brooklyn, NY",40.69252777,-73.99099731
132,2015-04-15 17:38:00,"Manhattan, NY",40.75325012,-74.00380707
133,2015-04-15 15:22:00,"Manhattan, NY",40.75325012,-74.00380707
134,2015-04-14 20:42:00,"Brooklyn, NY",40.69252777,-73.99099731
135,2015-04-13 16:03:00,"Brooklyn, NY",40.69252777,-73.99099731
136,2015-04-08 11:39:00,"Islington, London",51.53483963,-0.103436
137,2015-04-08 01:21:00,"Camberwell, London",51.47415924,-0.093181
138,2015-04-07 12:29:00,"Camberwell, London",51.47415924,-0.093181
139,2015-04-07 09:52:00,"London, England",51.50015259,-0.12623601
140,2015-04-01 20:43:00,"Brooklyn, NY",40.69252777,-73.99099731
141,2015-03-31 05:49:00,"Brooklyn, NY",40.69252777,-73.99099731
142,2015-03-30 16:04:00,"Manhattan, NY",40.75325012,-74.00380707
143,2015-03-30 13:27:00,"Manhattan, NY",40.75325012,-74.00380707
144,2015-03-30 13:03:00,"Manhattan, NY",40.75325012,-74.00380707
145,2015-03-30 12:54:00,"Manhattan, NY",40.75325012,-74.00380707
146,2015-03-28 16:30:00,"Brooklyn, NY",40.69252777,-73.99099731
147,2015-03-27 22:59:00,"Brooklyn, NY",40.69252777,-73.99099731
148,2015-03-27 07:58:00,"Manhattan, NY",40.75325012,-74.00380707
149,2015-03-26 09:58:00,"Brooklyn, NY",40.69252777,-73.99099731
150,2015-03-24 19:26:00,"Brooklyn, NY",40.69252777,-73.99099731
151,2015-03-23 14:28:00,"Brooklyn, NY",40.69252777,-73.99099731
152,2015-03-23 13:22:00,"Brooklyn, NY",40.69252777,-73.99099731
153,2015-03-20 06:57:00,"Brooklyn, NY",40.69252777,-73.99099731
154,2015-03-19 14:35:00,"Brooklyn, NY",40.69252777,-73.99099731
155,2015-03-17 15:37:00,"Manhattan, NY",40.75325012,-74.00380707
156,2015-03-17 11:14:00,"Manhattan, NY",40.75325012,-74.00380707
157,2015-03-17 11:08:00,"Manhattan, NY",40.75325012,-74.00380707
158,2015-03-17 08:44:00,"Manhattan, NY",40.75325012,-74.00380707
159,2015-03-16 06:54:00,"Manhattan, NY",40.75325012,-74.00380707
160,2015-03-14 18:24:00,"Brooklyn, NY",40.69252777,-73.99099731
161,2015-03-14 14:35:00,"Brooklyn, NY",40.69252777,-73.99099731
162,2015-03-12 08:26:00,"Dar es Salaam, Tanzania",-6.81608391,39.28035736
163,2015-03-12 00:26:00,"Zanzibar North, Tanzania",-5.87486601,39.25588989
164,2015-03-12 00:20:00,"Zanzibar North, Tanzania",-5.87486601,39.25588989
165,2015-03-10 13:58:00,"Zanzibar North, Tanzania",-5.87486601,39.25588989
166,2015-03-10 13:54:00,"Zanzibar North, Tanzania",-5.87486601,39.25588989
167,2015-03-10 13:05:00,"Zanzibar North, Tanzania",-5.87486601,39.25588989
168,2015-03-09 13:17:00,"Zanzibar North, Tanzania",-5.87486601,39.25588989
169,2015-03-09 09:58:00,"Zanzibar North, Tanzania",-5.87486601,39.25588989
170,2015-02-22 08:38:00,"İstanbul, Türkiye",41.01300049,28.96380043
171,2015-02-21 18:27:00,"Queens, NY",40.75977707,-73.81729889
172,2015-02-20 11:00:00,"Brooklyn, NY",40.69252777,-73.99099731
173,2015-02-19 16:50:00,"Hoboken, NJ",40.74346542,-74.02906799
174,2015-02-19 07:39:00,"Manhattan, NY",40.75325012,-74.00380707
175,2015-02-18 20:02:00,"Brooklyn, NY",40.69252777,-73.99099731
176,2015-02-18 16:18:00,"Manhattan, NY",40.75325012,-74.00380707
177,2015-02-17 20:32:00,"Brooklyn, NY",40.69252777,-73.99099731
178,2015-02-17 10:52:00,"Manhattan, NY",40.75325012,-74.00380707
179,2015-02-16 20:10:00,"Brooklyn, NY",40.69252777,-73.99099731
180,2015-02-16 16:41:00,"Brooklyn, NY",40.69252777,-73.99099731
181,2015-02-16 11:26:00,"Brooklyn, NY",40.69252777,-73.99099731
182,2015-02-12 12:35:00,"Manhattan, NY",40.75325012,-74.00380707
183,2015-02-11 18:01:00,"Manhattan, NY",40.75325012,-74.00380707
184,2015-02-11 06:41:00,"New York, NY",40.71304703,-74.00723267
185,2015-02-09 16:35:00,"Brooklyn, NY",40.69252777,-73.99099731
186,2015-02-09 11:16:00,"Manhattan, NY",40.75325012,-74.00380707
187,2015-02-09 07:08:00,"Manhattan, NY",40.75325012,-74.00380707
188,2015-02-09 03:18:00,"Brooklyn, NY",40.69252777,-73.99099731
189,2015-02-07 19:17:00,"Brooklyn, NY",40.69252777,-73.99099731
190,2015-02-06 17:40:00,"Brooklyn, NY",40.69252777,-73.99099731
191,2015-02-06 05:29:00,"Brooklyn, NY",40.69252777,-73.99099731
192,2015-02-04 08:26:00,"Brooklyn, NY",40.69252777,-73.99099731
193,2015-02-03 10:46:00,"Manhattan, NY",40.75325012,-74.00380707
194,2015-02-02 19:32:00,"Brooklyn, NY",40.69252777,-73.99099731
195,2015-02-01 17:31:00,"Parsippany, NJ",40.8596344,-74.42334747
196,2015-01-29 04:02:00,"Brooklyn, NY",40.69252777,-73.99099731
197,2015-01-26 09:21:00,"Brooklyn, NY",40.69252777,-73.99099731
198,2015-01-25 17:49:00,"Queens, NY",40.75977707,-73.81729889
199,2015-01-18 09:02:00,"San Francisco, CA",37.78007889,-122.42015839
200,2015-01-15 09:48:00,"Manhattan, NY",40.75325012,-74.00380707
201,2015-01-15 07:47:00,"Manhattan, NY",40.75325012,-74.00380707
202,2015-01-11 17:28:00,"Brooklyn, NY",40.69252777,-73.99099731
203,2015-01-11 08:47:00,"Brooklyn, NY",40.69252777,-73.99099731
204,2015-01-09 07:19:00,"Manhattan, NY",40.75325012,-74.00380707
205,2015-01-07 20:58:00,"Queens, NY",40.75977707,-73.81729889
206,2015-01-07 17:42:00,"Brooklyn, NY",40.69252777,-73.99099731
207,2015-01-04 23:57:00,"Brooklyn, NY",40.69252777,-73.99099731
208,2014-12-24 08:50:00,"Vaughan, Ontario",43.85044479,-79.5113678
209,2014-12-24 06:56:00,"Vaughan, Ontario",43.85044479,-79.5113678
210,2014-12-23 18:01:00,"Vaughan, Ontario",43.85044479,-79.5113678
211,2014-12-18 20:19:00,"Brooklyn, NY",40.69252777,-73.99099731
212,2014-12-18 17:50:00,"Manhattan, NY",40.75325012,-74.00380707
213,2014-12-18 11:43:00,"Manhattan, NY",40.75325012,-74.00380707
214,2014-12-18 05:13:00,"Brooklyn, NY",40.69252777,-73.99099731
215,2014-12-17 20:25:00,"Brooklyn, NY",40.69252777,-73.99099731
216,2014-12-17 14:53:00,"Brooklyn, NY",40.69252777,-73.99099731
217,2014-12-15 20:09:00,"Brooklyn, NY",40.69252777,-73.99099731
218,2014-12-12 05:50:00,"Brooklyn, NY",40.69252777,-73.99099731
219,2014-12-11 17:09:00,"Brooklyn, NY",40.69252777,-73.99099731
220,2014-12-11 11:21:00,"Brooklyn, NY",40.69252777,-73.99099731
221,2014-12-10 20:21:00,"Manhattan, NY",40.75325012,-74.00380707
222,2014-12-09 01:48:00,"Brooklyn, NY",40.69252777,-73.99099731
223,2014-12-05 21:06:00,"Brooklyn, NY",40.69252777,-73.99099731
224,2014-12-05 06:45:00,"Brooklyn, NY",40.69252777,-73.99099731
225,2014-12-04 08:56:00,"Manhattan, NY",40.75325012,-74.00380707
226,2014-12-04 03:23:00,"Brooklyn, NY",40.69252777,-73.99099731
227,2014-12-04 03:18:00,"Brooklyn, NY",40.69252777,-73.99099731
228,2014-12-01 15:42:00,"Benito Juárez, Quintana Roo",21.19022942,-86.82003021
229,2014-12-01 05:29:00,"Solidaridad, Quintana Roo",20.62753677,-87.0754776
230,2014-11-26 16:32:00,"Solidaridad, Quintana Roo",20.62753677,-87.0754776
231,2014-11-25 23:51:00,"Solidaridad, Quintana Roo",20.62753677,-87.0754776
232,2014-11-25 23:46:00,"Solidaridad, Quintana Roo",20.62753677,-87.0754776
233,2014-11-24 02:15:00,"Brooklyn, NY",40.69252777,-73.99099731
234,2014-11-23 11:07:00,"Brooklyn, NY",40.69252777,-73.99099731
235,2014-11-23 08:54:00,"Brooklyn, NY",40.69252777,-73.99099731
236,2014-11-18 20:43:00,"Brooklyn, NY",40.69252777,-73.99099731
237,2014-11-18 18:12:00,"Brooklyn, NY",40.69252777,-73.99099731
238,2014-11-18 18:08:00,"Brooklyn, NY",40.69252777,-73.99099731
239,2014-11-18 11:26:00,"Manhattan, NY",40.75325012,-74.00380707
240,2014-11-18 05:19:00,"Manhattan, NY",40.75325012,-74.00380707
241,2014-11-17 21:16:00,"Brooklyn, NY",40.69252777,-73.99099731
242,2014-11-17 11:20:00,"Manhattan, NY",40.75325012,-74.00380707
243,2014-11-17 11:12:00,"Manhattan, NY",40.75325012,-74.00380707
244,2014-11-17 08:01:00,"Manhattan, NY",40.75325012,-74.00380707
245,2014-11-16 10:53:00,"Brooklyn, NY",40.69252777,-73.99099731
246,2014-11-12 05:23:00,"Manhattan, NY",40.75325012,-74.00380707
247,2014-11-10 20:45:00,"Brooklyn, NY",40.69252777,-73.99099731
248,2014-11-10 20:17:00,"Brooklyn, NY",40.69252777,-73.99099731
249,2014-11-10 19:40:00,"Brooklyn, NY",40.69252777,-73.99099731
250,2014-11-10 15:57:00,"Manhattan, NY",40.75325012,-74.00380707
251,2014-11-10 14:40:00,"Manhattan, NY",40.75325012,-74.00380707
252,2014-11-08 08:39:00,"Utica, NY",43.10204697,-75.22999573
253,2014-11-07 22:05:00,"Utica, NY",43.10204697,-75.22999573
254,2014-11-06 19:15:00,"Brooklyn, NY",40.69252777,-73.99099731
255,2014-11-06 15:38:00,"Brooklyn, NY",40.69252777,-73.99099731
256,2014-11-06 04:35:00,"Brooklyn, NY",40.69252777,-73.99099731
257,2014-11-06 04:14:00,"Brooklyn, NY",40.69252777,-73.99099731
258,2014-11-05 11:27:00,"Manhattan, NY",40.75325012,-74.00380707
259,2014-11-05 08:26:00,"Manhattan, NY",40.75325012,-74.00380707
260,2014-11-05 05:06:00,"SOHO, Manhattan",40.72415543,-74.00112152
261,2014-11-04 20:28:00,"Brooklyn, NY",40.69252777,-73.99099731
262,2014-11-04 15:46:00,"Brooklyn, NY",40.69252777,-73.99099731
263,2014-10-31 20:18:00,"Manhattan, NY",40.75325012,-74.00380707
264,2014-10-31 18:05:00,"Brooklyn, NY",40.69252777,-73.99099731
265,2014-10-31 15:59:00,"Brooklyn, NY",40.69252777,-73.99099731
266,2014-10-30 10:31:00,"Brooklyn, NY",40.69252777,-73.99099731
267,2014-10-29 13:17:00,"Manhattan, NY",40.75325012,-74.00380707
268,2014-10-28 22:34:00,"Turnersville, NJ",39.77003479,-75.05970764
269,2014-10-23 18:06:00,"Paradise, NV",36.11553574,-115.15795135
270,2014-10-23 09:59:00,"Las Vegas, NV",36.16909027,-115.14057922
271,2014-10-23 09:53:00,"Las Vegas, NV",36.16909027,-115.14057922
272,2014-10-22 21:30:00,"Paradise, NV",36.11553574,-115.15795135
273,2014-10-22 16:45:00,"Paradise, NV",36.11553574,-115.15795135
274,2014-10-22 13:19:00,"Paradise, NV",36.11553574,-115.15795135
275,2014-10-22 12:50:00,"Paradise, NV",36.11553574,-115.15795135
276,2014-10-22 12:35:00,"Paradise, NV",36.11553574,-115.15795135
277,2014-10-22 08:30:00,"Paradise, NV",36.11553574,-115.15795135
278,2014-10-21 10:32:00,"Paradise, NV",36.11553574,-115.15795135
279,2014-10-19 18:02:00,"Brooklyn, NY",40.69252777,-73.99099731
280,2014-10-19 08:15:00,"Brooklyn, NY",40.69252777,-73.99099731
281,2014-10-18 11:37:00,"Darmstadt, Hessen",49.87237167,8.6509819
282,2014-10-17 13:23:00,Iceland,64.98397827,-18.57899284
283,2014-10-16 10:21:00,"Copenhagen, Capital Region of Denmark",55.67575836,12.56902313
284,2014-10-13 17:18:00,"Bergen, Norway",60.38804626,5.33185816
285,2014-10-10 18:11:00,"Aalborg, Nordjylland",57.04722595,9.92010403
286,2014-10-10 17:53:00,"Aalborg, Nordjylland",57.04722595,9.92010403
287,2014-10-10 10:14:00,"Aalborg, Nordjylland",57.04722595,9.92010403
288,2014-10-08 17:28:00,"Queens, NY",40.75977707,-73.81729889
289,2014-10-07 15:37:00,"Oklahoma City, OK",35.46849442,-97.52126312
290,2014-10-07 15:29:00,"Oklahoma City, OK",35.46849442,-97.52126312
291,2014-10-06 20:37:00,"Oklahoma City, OK",35.46849442,-97.52126312
292,2014-10-06 17:24:00,"Oklahoma City, OK",35.46849442,-97.52126312
293,2014-10-06 02:06:00,"Queens, NY",40.75977707,-73.81729889
294,2014-09-30 16:35:00,"Brooklyn, NY",40.69252777,-73.99099731
295,2014-09-29 12:57:00,"Brooklyn, NY",40.69252777,-73.99099731
296,2014-09-29 10:58:00,"Brooklyn, NY",40.69252777,-73.99099731
297,2014-09-29 08:40:00,"Brooklyn, NY",40.69252777,-73.99099731
298,2014-09-28 19:39:00,"Brooklyn, NY",40.69252777,-73.99099731
299,2014-09-27 10:05:00,"Brooklyn, NY",40.69252777,-73.99099731
300,2014-09-26 10:03:00,"New York, NY",40.71304703,-74.00723267
301,2014-09-25 23:22:00,"Brooklyn, NY",40.69252777,-73.99099731
302,2014-09-25 15:51:00,"Brooklyn, NY",40.69252777,-73.99099731
303,2014-09-25 11:58:00,"Manhattan, NY",40.75325012,-74.00380707
304,2014-09-25 05:47:00,"Manhattan, NY",40.75325012,-74.00380707
305,2014-09-24 16:00:00,"New York, NY",40.71304703,-74.00723267
306,2014-09-23 19:53:00,"Halifax, Nova Scotia",44.64624405,-63.57356644
307,2014-09-23 18:07:00,"Halifax, Nova Scotia",44.64624405,-63.57356644
308,2014-09-23 09:40:00,"Halifax, Nova Scotia",44.64624405,-63.57356644
309,2014-09-23 07:23:00,"Digby, Nova Scotia",44.62320709,-65.76705933
310,2014-09-22 20:32:00,"Halifax, Nova Scotia",44.64624405,-63.57356644
311,2014-09-21 10:11:00,"Halifax, Nova Scotia",44.64624405,-63.57356644
312,2014-09-20 08:17:00,"Queens, NY",40.75977707,-73.81729889
313,2014-09-20 07:57:00,"Queens, NY",40.75977707,-73.81729889
314,2014-09-20 07:45:00,"Queens, NY",40.75977707,-73.81729889
315,2014-09-20 07:36:00,"Queens, NY",40.75977707,-73.81729889
316,2014-09-18 10:20:00,"New York, NY",40.71304703,-74.00723267
317,2014-09-17 10:59:00,"Manhattan, NY",40.75325012,-74.00380707
318,2014-09-17 07:21:00,"Manhattan, NY",40.75325012,-74.00380707
319,2014-09-16 09:01:00,"New York, NY",40.71304703,-74.00723267
320,2014-09-15 20:33:00,"New York, NY",40.71304703,-74.00723267
321,2014-09-11 10:43:00,"Manhattan, NY",40.75325012,-74.00380707
322,2014-09-11 08:55:00,"Manhattan, NY",40.75325012,-74.00380707
323,2014-09-10 18:07:00,"Ronkonkoma, NY",40.82168961,-73.13221741
324,2014-09-10 14:27:00,"Severn, MD",39.13722992,-76.69168091
325,2014-09-08 09:26:00,"New York, NY",40.71304703,-74.00723267
326,2014-09-07 13:27:00,"Brooklyn, NY",40.69252777,-73.99099731
327,2014-09-06 07:43:00,"Manhattan, NY",40.75325012,-74.00380707
328,2014-09-05 19:57:00,"Manhattan, NY",40.75325012,-74.00380707
329,2014-09-05 16:19:00,"Boston, MA",42.35899353,-71.0586319
330,2014-09-05 05:18:00,"Newton, MA",42.33802795,-71.21157837
331,2014-09-05 02:02:00,"Newton, MA",42.33802795,-71.21157837
332,2014-09-04 08:16:00,"Providence, RI",41.82446289,-71.41275024
333,2014-08-29 18:08:00,"Queens, NY",40.75977707,-73.81729889
334,2014-08-27 05:11:00,"Queens, NY",40.75977707,-73.81729889
335,2014-08-26 05:13:00,"Brooklyn, NY",40.69252777,-73.99099731
336,2014-08-24 08:01:00,"Paramus, NJ",40.95191574,-74.07527161
337,2014-08-21 15:45:00,"Manhattan, NY",40.75325012,-74.00380707
338,2014-08-20 06:49:00,"Brooklyn, NY",40.69252777,-73.99099731
339,2014-08-19 21:35:00,"Brooklyn, NY",40.69252777,-73.99099731
340,2014-08-19 21:32:00,"Brooklyn, NY",40.69252777,-73.99099731
341,2014-08-19 20:29:00,"Queens, NY",40.75977707,-73.81729889
342,2014-08-17 19:40:00,"Secaucus, NJ",40.77820587,-74.06785583
343,2014-08-17 07:26:00,"Markham, Ontario",43.87417221,-79.25873566
344,2014-08-14 18:17:00,"Toronto, Ontario",43.65189362,-79.38171387
345,2014-08-14 06:14:00,"New York, NY",40.71304703,-74.00723267
346,2014-08-12 20:37:00,"Clinton Hill, Brooklyn",40.68982315,-73.96521759
347,2014-08-11 10:57:00,"New York, NY",40.71304703,-74.00723267
348,2014-08-10 10:05:00,"New York, NY",40.71304703,-74.00723267
349,2014-08-09 12:37:00,"New York, USA",42.93923187,-75.62004852
350,2014-08-08 09:49:00,"New York, NY",40.71304703,-74.00723267
351,2014-08-07 15:36:00,"New York, NY",40.71304703,-74.00723267
352,2014-08-06 18:37:00,"New York, NY",40.71304703,-74.00723267
353,2014-08-06 08:53:00,"Hillsboro, TN",35.41244507,-85.97036743
354,2014-08-06 08:33:00,"New York, NY",40.71304703,-74.00723267
355,2014-08-06 08:20:00,"New York, NY",40.71304703,-74.00723267
356,2014-08-06 07:48:00,"New York, NY",40.71304703,-74.00723267
357,2014-08-01 17:54:00,"Hoboken, NJ",40.74346542,-74.02906799
358,2014-07-31 18:13:00,"New York, NY",40.71304703,-74.00723267
359,2014-07-31 15:40:00,"New York, NY",40.71304703,-74.00723267
360,2014-07-31 11:34:00,"New York, NY",40.71304703,-74.00723267
361,2014-07-30 19:55:00,"New York, NY",40.71304703,-74.00723267
362,2014-07-30 19:43:00,"New York, NY",40.71304703,-74.00723267
363,2014-07-30 14:49:00,"Hillsboro, TN",35.41244507,-85.97036743
364,2014-07-29 15:40:00,"New York, NY",40.71304703,-74.00723267
365,2014-07-29 05:48:00,"New York, NY",40.71304703,-74.00723267
366,2014-07-28 19:59:00,"New York, NY",40.71304703,-74.00723267
367,2014-07-27 21:24:00,"New York, NY",40.71304703,-74.00723267
368,2014-07-27 19:39:00,"New York, NY",40.71304703,-74.00723267
369,2014-07-26 17:14:00,"New York, NY",40.71304703,-74.00723267
370,2014-07-26 08:29:00,"Pennsylvania, USA",40.896698,-77.83889771
371,2014-07-25 10:53:00,"Washington, DC",38.89206314,-77.01991272
372,2014-07-25 10:50:00,"Washington, DC",38.89206314,-77.01991272
373,2014-07-25 10:42:00,"Washington, DC",38.89206314,-77.01991272
374,2014-07-23 08:28:00,"Alexandria, VA",38.80466461,-77.04361725
375,2014-07-23 07:24:00,"Alexandria, VA",38.80466461,-77.04361725
376,2014-07-22 05:03:00,"Alexandria, VA",38.80466461,-77.04361725
377,2014-07-20 22:38:00,"New York, NY",40.71304703,-74.00723267
378,2014-07-20 21:49:00,"New York, NY",40.71304703,-74.00723267
379,2014-07-19 13:47:00,"New York, NY",40.71304703,-74.00723267
380,2014-07-19 07:08:00,"New York, NY",40.71304703,-74.00723267
381,2014-07-18 17:26:00,"New York, NY",40.71304703,-74.00723267
382,2014-07-18 17:23:00,"New York, NY",40.71304703,-74.00723267
383,2014-07-18 06:31:00,"New York, NY",40.71304703,-74.00723267
384,2014-07-16 19:36:00,"New York, NY",40.71304703,-74.00723267
385,2014-07-16 11:02:00,"New York, NY",40.71304703,-74.00723267
386,2014-07-16 08:38:00,"New York, NY",40.71304703,-74.00723267
387,2014-07-12 12:21:00,"Yonkers, NY",40.93079376,-73.89829254
388,2014-07-10 14:21:00,"New York, NY",40.71304703,-74.00723267
389,2014-07-10 14:20:00,"Stuyvesant Town, Manhattan",40.75325012,-74.00380707
390,2014-07-09 16:17:00,"New York, NY",40.71304703,-74.00723267
391,2014-07-09 06:59:00,"New York, NY",40.71304703,-74.00723267
392,2014-07-08 12:51:00,"New York, NY",40.71304703,-74.00723267
393,2014-07-08 06:26:00,"New York, NY",40.71304703,-74.00723267
394,2014-07-04 12:37:00,"Syracuse, NY",43.04794312,-76.14744568
395,2014-07-04 06:02:00,"Wenonah, NJ",39.79098892,-75.15864563
396,2014-07-03 13:14:00,"New Jersey, USA",40.13909531,-74.6785202
397,2014-07-03 09:55:00,"Woodbury, NJ",39.83815765,-75.1531601
398,2014-07-03 09:28:00,"Woodbury, NJ",39.83815765,-75.1531601
399,2014-07-02 20:20:00,"New York, NY",40.71304703,-74.00723267
400,2014-07-02 09:23:00,"New York, NY",40.71304703,-74.00723267
401,2014-06-27 10:56:00,"New York, NY",40.71304703,-74.00723267
402,2014-06-26 16:30:00,"New York, NY",40.71304703,-74.00723267
403,2014-06-22 13:20:00,"Delaware, USA",39.00876236,-75.46864319
404,2014-06-20 17:28:00,"Delaware, USA",39.00876236,-75.46864319
405,2014-06-20 16:07:00,"Dover, DE",39.15882874,-75.52114105
406,2014-06-20 15:18:00,"Delaware, USA",39.00876236,-75.46864319
407,2014-06-19 15:37:00,"Clinton, Manhattan",40.75325012,-74.00380707
408,2014-06-19 03:16:00,"New York, NY",40.71304703,-74.00723267
409,2014-06-18 09:46:00,"New York, NY",40.71304703,-74.00723267
410,2014-06-18 09:43:00,"New York, NY",40.71304703,-74.00723267
411,2014-06-15 19:56:00,"New York, NY",40.71304703,-74.00723267
412,2014-06-15 17:43:00,"New York, NY",40.71304703,-74.00723267
413,2014-06-14 12:52:00,"Watkins Glen, NY",42.38055801,-76.87345123
414,2014-06-13 11:04:00,"Elmira, NY",42.08982468,-76.80825806
415,2014-06-13 05:09:00,"Kearny, NJ",40.75935364,-74.15177155
416,2014-06-12 05:55:00,"New York, NY",40.71304703,-74.00723267
417,2014-06-09 18:34:00,"New York, NY",40.71304703,-74.00723267
418,2014-06-09 17:32:00,"New York, NY",40.71304703,-74.00723267
419,2014-06-08 14:11:00,"New York, NY",40.71304703,-74.00723267
420,2014-06-06 06:41:00,"New York, NY",40.71304703,-74.00723267
421,2014-06-05 06:42:00,"New York, NY",40.71304703,-74.00723267
422,2014-06-04 13:53:00,"New York, NY",40.71304703,-74.00723267
423,2014-06-03 06:05:00,"New York, NY",40.71304703,-74.00723267
424,2014-06-02 14:27:00,"New York, NY",40.71304703,-74.00723267
425,2014-06-02 10:28:00,"New York, NY",40.71304703,-74.00723267
426,2014-05-30 08:14:00,"Miguel Hidalgo, Distrito Federal",19.40666771,-99.1911087
427,2014-05-29 23:51:00,"Miguel Hidalgo, Distrito Federal",19.40666771,-99.1911087
428,2014-05-29 17:22:00,"Miguel Hidalgo, Distrito Federal",19.40666771,-99.1911087
429,2014-05-28 13:42:00,"Miguel Hidalgo, Distrito Federal",19.40666771,-99.1911087
430,2014-05-28 11:49:00,"Venustiano Carranza, Distrito Federal",19.41666794,-99.1138916
431,2014-05-27 21:04:00,"New York, NY",40.71304703,-74.00723267
432,2014-05-23 14:08:00,"New York, NY",40.71304703,-74.00723267
433,2014-05-21 21:24:00,"Washington, DC",38.89206314,-77.01991272
434,2014-05-21 14:06:00,"Washington, DC",38.89206314,-77.01991272
435,2014-05-21 05:23:00,"Newark, NJ",40.73150635,-74.17438507
436,2014-05-19 15:39:00,"New York, NY",40.71304703,-74.00723267
437,2014-05-18 07:35:00,"New York, NY",40.71304703,-74.00723267
438,2014-05-16 20:47:00,"Woodbury, NJ",39.83815765,-75.1531601
439,2014-05-15 22:48:00,"Woodbury, NJ",39.83815765,-75.1531601
440,2014-05-15 07:15:00,"New York, NY",40.71304703,-74.00723267
441,2014-05-14 17:45:00,"New York, NY",40.71304703,-74.00723267
442,2014-05-14 17:42:00,"New York, NY",40.71304703,-74.00723267
443,2014-05-14 17:40:00,"New York, NY",40.71304703,-74.00723267
444,2014-05-14 06:07:00,"Baltimore, MD",39.29044342,-76.61233521
445,2014-05-13 12:57:00,"Baltimore, MD",39.29044342,-76.61233521
446,2014-05-12 10:47:00,"New York, NY",40.71304703,-74.00723267
447,2014-05-12 06:09:00,"New York, NY",40.71304703,-74.00723267
448,2014-05-10 07:37:00,"New York, NY",40.71304703,-74.00723267
449,2014-05-08 18:34:00,"New York, NY",40.71304703,-74.00723267
450,2014-05-07 07:50:00,"New York, NY",40.71304703,-74.00723267
451,2014-05-07 07:45:00,"New York, NY",40.71304703,-74.00723267
452,2014-05-07 02:01:00,"New York, NY",40.71304703,-74.00723267
453,2014-05-06 14:37:00,"New York, NY",40.71304703,-74.00723267
454,2014-05-05 06:36:00,"New York, NY",40.71304703,-74.00723267
455,2014-05-03 16:13:00,"Incheon, Republic of Korea",37.47809219,126.64028931
456,2014-05-03 06:06:00,"Incheon, Republic of Korea",37.47809219,126.64028931
457,2014-05-02 21:51:00,"Ota, Tokyo",35.57629776,139.7230072
458,2014-05-01 19:51:00,"Taito Ward, Tokyo",35.71250153,139.77999878
459,2014-04-30 02:12:00,"Shibuya, Tokyo",35.66230011,139.70652771
460,2014-04-30 02:08:00,"Shibuya, Tokyo",35.66230011,139.70652771
461,2014-04-29 19:48:00,"Odawara-shi, Kanagawa",35.26023865,139.16822815
462,2014-04-26 04:52:00,"Kyoto-shi Shimogyo-ku, Kyoto",34.98749161,135.75546265
463,2014-04-25 06:56:00,"Kyoto-shi Shimogyo-ku, Kyoto",34.98749161,135.75546265
464,2014-04-25 05:32:00,"Kyoto-shi Nakagyo, Kyoto",35.00999832,135.75138855
465,2014-04-23 16:32:00,"Osaka City Tennoji Ward, Osaka-fu",34.69388962,135.50221252
466,2014-04-22 23:31:00,"Osaka City Chuo Ward, Osaka-fu",34.67922211,135.51889038
467,2014-04-22 16:38:00,"Minato, Tokyo",35.65805817,139.75138855
468,2014-04-22 15:56:00,"Minato, Tokyo",35.65805817,139.75138855
469,2014-04-22 03:55:00,"Bunkyo Ward, Tokyo",35.71699905,139.75
470,2014-04-21 15:44:00,"Shibuya, Tokyo",35.66230011,139.70652771
471,2014-04-20 13:01:00,"Shibuya, Tokyo",35.66230011,139.70652771
472,2014-04-20 12:53:00,"Shibuya, Tokyo",35.66230011,139.70652771
473,2014-04-18 12:56:00,"New York, NY",40.71304703,-74.00723267
474,2014-04-17 16:15:00,"New York, NY",40.71304703,-74.00723267
475,2014-04-17 14:59:00,"New York, NY",40.71304703,-74.00723267
476,2014-04-16 18:38:00,"New York, NY",40.71304703,-74.00723267
477,2014-04-15 20:12:00,"New York, NY",40.71304703,-74.00723267
478,2014-04-15 20:10:00,"New York, NY",40.71304703,-74.00723267
479,2014-04-15 17:01:00,"New York, NY",40.71304703,-74.00723267
480,2014-04-15 16:15:00,"New York, NY",40.71304703,-74.00723267
481,2014-04-15 14:18:00,"New York, NY",40.71304703,-74.00723267
482,2014-04-13 14:39:00,"New York, NY",40.71304703,-74.00723267
483,2014-04-12 08:23:00,"New York, NY",40.71304703,-74.00723267
484,2014-04-10 17:08:00,"New York, NY",40.71304703,-74.00723267
485,2014-04-08 16:41:00,"Boston, MA",42.35899353,-71.0586319
486,2014-04-08 05:24:00,"Wrentham, MA",42.06394958,-71.33152008
487,2014-04-07 18:11:00,"Franklin, MA",42.08243561,-71.39671326
488,2014-04-03 17:47:00,"New York, NY",40.71304703,-74.00723267
489,2014-04-03 11:42:00,"Arlington, VA",38.89076233,-77.08475494
490,2014-04-03 07:00:00,"Arlington, VA",38.89076233,-77.08475494
491,2014-03-29 10:50:00,"New York, NY",40.71304703,-74.00723267
492,2014-03-29 09:39:00,"New York, NY",40.71304703,-74.00723267
493,2014-03-28 07:01:00,"East Greenwich, NJ",39.78905106,-75.24252319
494,2014-03-26 19:42:00,"New York, NY",40.71304703,-74.00723267
