,time,poi,latitude,longitude
0,2015-11-16 09:23:00,"Redlands, CA",34.05556107,-117.18260193
1,2015-11-15 14:18:00,"Redlands, CA",34.05556107,-117.18260193
2,2015-11-14 09:11:00,"Redlands, CA",34.05556107,-117.18260193
3,2015-11-14 08:36:00,"Redlands, CA",34.05556107,-117.18260193
4,2015-11-13 19:18:00,"Redlands, CA",34.05556107,-117.18260193
5,2015-11-10 07:00:00,"Redlands, CA",34.05556107,-117.18260193
6,2015-11-02 21:03:00,"Redlands, CA",34.05556107,-117.18260193
7,2015-10-30 13:40:00,"Lynwood, CA",33.92806244,-118.19916534
8,2015-10-27 08:04:00,"Abu Dhabi, United Arab Emirates",24.45707321,54.37706375
9,2015-10-25 21:22:00,"Abu Dhabi, United Arab Emirates",24.45707321,54.37706375
10,2015-10-25 21:12:00,"Abu Dhabi, United Arab Emirates",24.45707321,54.37706375
11,2015-10-25 08:04:00,"Abu Dhabi, United Arab Emirates",24.45707321,54.37706375
12,2015-10-24 20:50:00,"Abu Dhabi, United Arab Emirates",24.45707321,54.37706375
13,2015-10-24 01:50:00,"Abu Dhabi, United Arab Emirates",24.45707321,54.37706375
14,2015-10-22 21:51:00,"Abu Dhabi, United Arab Emirates",24.45707321,54.37706375
15,2015-10-22 21:44:00,"Abu Dhabi, United Arab Emirates",24.45707321,54.37706375
16,2015-10-13 21:41:00,"Redlands, CA",34.05556107,-117.18260193
17,2015-10-13 18:52:00,"Redlands, CA",34.05556107,-117.18260193
18,2015-10-13 18:39:00,"Redlands, CA",34.05556107,-117.18260193
19,2015-10-10 09:00:00,"Redlands, CA",34.05556107,-117.18260193
20,2015-10-04 08:01:00,"Redlands, CA",34.05556107,-117.18260193
21,2015-10-03 20:22:00,"Irvine, CA",33.68590927,-117.82472229
22,2015-09-27 20:48:00,"Redlands, CA",34.05556107,-117.18260193
23,2015-09-24 22:23:00,"Redlands, CA",34.05556107,-117.18260193
24,2015-09-23 06:05:00,"Arlington, VA",38.89076233,-77.08475494
25,2015-09-23 06:03:00,"Arlington, VA",38.89076233,-77.08475494
26,2015-09-22 16:41:00,"Arlington, VA",38.89076233,-77.08475494
27,2015-09-22 15:29:00,"Arlington, VA",38.89076233,-77.08475494
28,2015-09-20 12:11:00,"Salt Lake City, UT",40.75847626,-111.88814545
29,2015-09-20 12:02:00,"Salt Lake City, UT",40.75847626,-111.88814545
30,2015-09-20 09:42:00,"Ontario, CA",34.06335068,-117.65239716
31,2015-09-19 21:09:00,"Redlands, CA",34.05556107,-117.18260193
32,2015-09-19 13:01:00,"Redlands, CA",34.05556107,-117.18260193
33,2015-09-17 22:12:00,"Redlands, CA",34.05556107,-117.18260193
34,2015-09-16 17:25:00,"Redlands, CA",34.05556107,-117.18260193
35,2015-09-08 22:24:00,"Redlands, CA",34.05556107,-117.18260193
36,2015-09-04 19:13:00,"Redlands, CA",34.05556107,-117.18260193
37,2015-08-21 12:12:00,"Rotterdam, South Holland",51.9229126,4.47058487
38,2015-08-21 12:05:00,"Rotterdam, South Holland",51.9229126,4.47058487
39,2015-08-16 13:18:00,"Los Angeles, CA",34.05223846,-118.24334717
40,2015-08-14 21:44:00,"Redlands, CA",34.05556107,-117.18260193
41,2015-08-10 23:06:00,"Santa Rosa, CA",38.43969727,-122.71564484
42,2015-08-09 19:01:00,"Ashland, OR",42.19041824,-122.70327759
43,2015-08-09 18:23:00,"Ashland, OR",42.19041824,-122.70327759
44,2015-08-09 18:13:00,"Ashland, OR",42.19041824,-122.70327759
45,2015-08-08 09:58:00,"Oregon, USA",43.93868637,-120.5581131
46,2015-08-06 23:06:00,"Oregon, USA",43.93868637,-120.5581131
47,2015-08-05 12:22:00,"Oregon, USA",43.93868637,-120.5581131
48,2015-08-05 09:31:00,"Oregon, USA",43.93868637,-120.5581131
49,2015-08-03 13:47:00,"Oregon, USA",43.93868637,-120.5581131
50,2015-07-27 18:52:00,"Redlands, CA",34.05556107,-117.18260193
51,2015-07-25 14:54:00,"San Diego, CA",32.71575928,-117.16381836
52,2015-07-25 12:08:00,"San Diego, CA",32.71575928,-117.16381836
53,2015-07-25 12:07:00,"San Diego, CA",32.71575928,-117.16381836
54,2015-07-24 17:13:00,Filippi's Pizza Grotto,42.56130981,-76.40660858
55,2015-07-24 16:33:00,"San Diego, CA",32.71575928,-117.16381836
56,2015-07-11 15:49:00,"Laguna Beach, CA",33.54584503,-117.78173065
57,2015-07-11 15:41:00,"Laguna Beach, CA",33.54584503,-117.78173065
58,2015-07-11 15:00:00,"Laguna Beach, CA",33.54584503,-117.78173065
59,2015-07-11 14:56:00,"Laguna Beach, CA",33.54584503,-117.78173065
60,2015-03-11 14:26:00,"Tokyo, Japan",35.68696213,139.74946594
61,2015-02-11 17:27:00,"Washington, DC",38.89206314,-77.01991272
62,2015-02-01 15:27:00,Hong Kong,22.42118263,114.16609955
63,2015-01-29 20:31:00,Hong Kong,22.42118263,114.16609955
64,2015-01-27 03:10:00,"Wan Chai District, Hong Kong",22.27473068,114.17771149
65,2015-01-21 19:32:00,"Redlands, CA",34.05556107,-117.18260193
66,2015-01-10 12:09:00,"Los Angeles, CA",34.05223846,-118.24334717
67,2015-01-04 17:55:00,"Redlands, CA",34.05556107,-117.18260193
68,2014-12-31 10:57:00,"Redlands, CA",34.05556107,-117.18260193
69,2014-12-29 15:07:00,"Redlands, CA",34.05556107,-117.18260193
70,2014-11-27 06:56:00,"Kabale, Uganda",-1.25606406,29.99053764
71,2014-11-19 09:03:00,"Redlands, CA",34.05556107,-117.18260193
72,2014-11-15 20:31:00,"Redlands, CA",34.05556107,-117.18260193
73,2014-11-02 13:17:00,"Redlands, CA",34.05556107,-117.18260193
74,2014-10-29 13:58:00,"Los Angeles, CA",34.05223846,-118.24334717
75,2014-10-20 09:36:00,"Rotterdam, South Holland",51.9229126,4.47058487
76,2014-10-13 10:32:00,"Rotterdam, South Holland",51.9229126,4.47058487
77,2014-10-12 13:10:00,"Los Angeles, CA",34.05223846,-118.24334717
78,2014-10-08 22:15:00,"Redlands, CA",34.05556107,-117.18260193
79,2014-10-08 17:42:00,"Redlands, CA",34.05556107,-117.18260193
80,2014-10-03 19:13:00,"Redlands, CA",34.05556107,-117.18260193
81,2014-10-03 18:56:00,"Redlands, CA",34.05556107,-117.18260193
82,2014-10-03 18:51:00,"Redlands, CA",34.05556107,-117.18260193
83,2014-10-03 18:48:00,"Redlands, CA",34.05556107,-117.18260193
84,2014-10-03 18:29:00,"Redlands, CA",34.05556107,-117.18260193
85,2014-10-03 09:54:00,"Redlands, CA",34.05556107,-117.18260193
86,2014-10-02 18:37:00,"Redlands, CA",34.05556107,-117.18260193
87,2014-09-29 18:15:00,"Redlands, CA",34.05556107,-117.18260193
88,2014-09-28 20:02:00,"Redlands, CA",34.05556107,-117.18260193
89,2014-09-20 18:56:00,"Redlands, CA",34.05556107,-117.18260193
90,2014-09-20 18:23:00,"Redlands, CA",34.05556107,-117.18260193
91,2014-09-20 10:55:00,"Redlands, CA",34.05556107,-117.18260193
92,2014-09-19 18:18:00,"Redlands, CA",34.05556107,-117.18260193
93,2014-09-18 23:04:00,"Redlands, CA",34.05556107,-117.18260193
94,2014-09-13 23:27:00,"Redlands, CA",34.05556107,-117.18260193
95,2014-09-13 10:31:00,"Redlands, CA",34.05556107,-117.18260193
96,2014-09-12 18:49:00,"Redlands, CA",34.05556107,-117.18260193
97,2014-09-11 20:26:00,"Redlands, CA",34.05556107,-117.18260193
98,2014-09-10 18:55:00,"Redlands, CA",34.05556107,-117.18260193
99,2014-09-09 12:16:00,"Redlands, CA",34.05556107,-117.18260193
100,2014-09-05 18:10:00,"Redlands, CA",34.05556107,-117.18260193
101,2014-08-30 00:26:00,"Haarlemmermeer, Noord-Holland",52.30538559,4.69297981
102,2014-08-30 00:26:00,"Haarlemmermeer, Noord-Holland",52.30538559,4.69297981
103,2014-08-29 09:13:00,"Rotterdam, South Holland",51.9229126,4.47058487
104,2014-08-27 13:02:00,"Rotterdam, South Holland",51.9229126,4.47058487
105,2014-08-27 09:12:00,"Rotterdam, South Holland",51.9229126,4.47058487
106,2014-08-26 12:10:00,"Rotterdam, South Holland",51.9229126,4.47058487
107,2014-08-24 11:17:00,"Stichtse Vecht, Utrecht",52.15000153,5.03299999
108,2014-08-24 11:08:00,"Amsterdam, North Holland",52.37316513,4.89065981
109,2014-08-24 10:40:00,"Zaanstad, Noord-Holland",52.46329498,4.77341604
110,2014-08-24 07:59:00,"Heemskerk, Noord-Holland",52.51195145,4.6743598
111,2014-08-23 11:10:00,"Rotterdam, South Holland",51.9229126,4.47058487
112,2014-08-23 02:23:00,"Rotterdam, South Holland",51.9229126,4.47058487
113,2014-08-22 14:53:00,"Rotterdam, South Holland",51.9229126,4.47058487
114,2014-08-22 14:26:00,"Rotterdam, South Holland",51.9229126,4.47058487
115,2014-08-22 14:23:00,"Rotterdam, South Holland",51.9229126,4.47058487
116,2014-08-22 14:05:00,"Rotterdam, South Holland",51.9229126,4.47058487
117,2014-08-22 13:23:00,"Rotterdam, South Holland",51.9229126,4.47058487
118,2014-08-22 09:47:00,"Rotterdam, South Holland",51.9229126,4.47058487
119,2014-08-22 09:11:00,"Rotterdam, South Holland",51.9229126,4.47058487
120,2014-08-21 12:02:00,"Rotterdam, South Holland",51.9229126,4.47058487
121,2014-08-21 11:14:00,"Rotterdam, South Holland",51.9229126,4.47058487
122,2014-08-17 22:42:00,"Rotterdam, South Holland",51.9229126,4.47058487
123,2014-08-17 09:25:00,"Rotterdam, South Holland",51.9229126,4.47058487
124,2014-08-16 11:23:00,"Rotterdam, South Holland",51.9229126,4.47058487
125,2014-08-16 10:32:00,"Rotterdam, South Holland",51.9229126,4.47058487
126,2014-08-16 10:31:00,"Rotterdam, South Holland",51.9229126,4.47058487
127,2014-08-16 10:26:00,"Rotterdam, South Holland",51.9229126,4.47058487
128,2014-08-16 10:24:00,"Rotterdam, South Holland",51.9229126,4.47058487
129,2014-08-16 10:04:00,"Rotterdam, South Holland",51.9229126,4.47058487
130,2014-08-16 01:42:00,"Rotterdam, South Holland",51.9229126,4.47058487
131,2014-08-15 08:56:00,"Rotterdam, South Holland",51.9229126,4.47058487
132,2014-08-12 08:52:00,"Rotterdam, South Holland",51.9229126,4.47058487
133,2014-08-11 22:19:00,"Rotterdam, South Holland",51.9229126,4.47058487
134,2014-08-11 09:10:00,"Rotterdam, South Holland",51.9229126,4.47058487
135,2014-08-10 10:47:00,"Rotterdam, South Holland",51.9229126,4.47058487
136,2014-08-10 08:37:00,"Rotterdam, South Holland",51.9229126,4.47058487
137,2014-08-09 10:49:00,"Schiedam, Zuid-Holland",51.91789627,4.40025282
138,2014-08-08 10:13:00,"Rotterdam, South Holland",51.9229126,4.47058487
139,2014-08-08 08:01:00,"Rotterdam, South Holland",51.9229126,4.47058487
140,2014-08-05 12:12:00,"Rotterdam, South Holland",51.9229126,4.47058487
141,2014-08-05 12:08:00,"Rotterdam, South Holland",51.9229126,4.47058487
142,2014-08-03 13:13:00,"Rotterdam, South Holland",51.9229126,4.47058487
143,2014-08-03 11:19:00,"Rotterdam, South Holland",51.9229126,4.47058487
144,2014-08-03 11:03:00,"Rotterdam, South Holland",51.9229126,4.47058487
145,2014-08-02 12:21:00,"Rotterdam, South Holland",51.9229126,4.47058487
146,2014-08-01 13:40:00,"Rotterdam, South Holland",51.9229126,4.47058487
147,2014-07-30 08:53:00,"Haarlemmermeer, Noord-Holland",52.30538559,4.69297981
148,2014-07-28 04:33:00,"Lingewaal, Gelderland",51.88299942,5.1170001
149,2014-07-27 09:33:00,"Rheden, Gelderland",52.00636673,6.03407478
150,2014-07-27 03:13:00,"Rheden, Gelderland",52.00636673,6.03407478
151,2014-07-24 14:32:00,"Amsterdam, North Holland",52.37316513,4.89065981
152,2014-07-24 14:07:00,"Amsterdam, North Holland",52.37316513,4.89065981
153,2014-07-24 12:13:00,"Amsterdam, North Holland",52.37316513,4.89065981
154,2014-07-24 09:01:00,"Castricum, Noord-Holland",52.54653931,4.66232777
155,2014-07-24 07:37:00,"Amsterdam, North Holland",52.37316513,4.89065981
156,2014-07-23 05:09:00,"Amsterdam, North Holland",52.37316513,4.89065981
157,2014-07-22 09:45:00,"Amsterdam, North Holland",52.37316513,4.89065981
158,2014-07-22 08:33:00,"Amsterdam, North Holland",52.37316513,4.89065981
159,2014-07-22 07:53:00,"Amsterdam, North Holland",52.37316513,4.89065981
160,2014-07-22 06:05:00,"Amsterdam, North Holland",52.37316513,4.89065981
161,2014-07-22 05:26:00,"Amsterdam, North Holland",52.37316513,4.89065981
162,2014-07-22 02:57:00,"Amsterdam, North Holland",52.37316513,4.89065981
163,2014-07-15 20:42:00,"San Diego, CA",32.71575928,-117.16381836
164,2014-07-09 13:28:00,"Redlands, CA",34.05556107,-117.18260193
165,2014-06-26 09:11:00,"Ashland, OR",42.19041824,-122.70327759
166,2014-06-25 18:07:00,"Ashland, OR",42.19041824,-122.70327759
167,2014-06-25 11:41:00,"Ashland, OR",42.19041824,-122.70327759
168,2014-06-20 18:04:00,"Redlands, CA",34.05556107,-117.18260193
169,2014-06-17 21:14:00,"Mentone, CA",34.0663147,-117.12158203
170,2014-06-17 17:55:00,"Redlands, CA",34.05556107,-117.18260193
171,2014-06-15 18:04:00,"Laguna Beach, CA",33.54584503,-117.78173065
172,2014-05-08 22:05:00,"Tremblay-en-France, Ile-de-France",48.95000076,2.57220006
173,2014-05-08 08:48:00,Kingdom of Saudi Arabia,24.12628174,44.54819489
174,2014-05-08 06:49:00,Kingdom of Saudi Arabia,24.12628174,44.54819489
175,2014-05-07 06:37:00,Kingdom of Saudi Arabia,24.12628174,44.54819489
176,2014-05-03 13:29:00,Kingdom of Saudi Arabia,24.12628174,44.54819489
177,2014-05-03 06:04:00,"Fiumicino, Lazio",41.77153015,12.23000145
178,2014-04-25 21:27:00,"Los Angeles, CA",34.05223846,-118.24334717
179,2014-04-25 06:47:00,"Québec, Canada",46.81418228,-71.20742798
