,time,poi,latitude,longitude
0,2015-11-08 12:11:00,"Austin, TX",30.26497841,-97.74659729
1,2015-10-24 03:00:00,"Austin, TX",30.26497841,-97.74659729
2,2015-10-18 04:20:00,"Austin, TX",30.26497841,-97.74659729
3,2015-10-13 18:51:00,"Austin, TX",30.26497841,-97.74659729
4,2015-10-13 18:28:00,"Austin, TX",30.26497841,-97.74659729
5,2015-10-06 06:07:00,"Brooklyn, NY",40.69252777,-73.99099731
6,2015-10-06 07:01:00,"Austin, TX",30.26497841,-97.74659729
7,2015-09-29 08:14:00,"Bryan, TX",30.67050743,-96.37051392
8,2015-09-24 11:29:00,"Bryan, TX",30.67050743,-96.37051392
9,2015-09-24 10:01:00,"Bryan, TX",30.67050743,-96.37051392
10,2015-09-24 09:21:00,"Bryan, TX",30.67050743,-96.37051392
11,2015-09-23 10:54:00,"Bryan, TX",30.67050743,-96.37051392
12,2015-09-17 21:11:00,"Dallas, TX",32.77797699,-96.79621124
13,2015-09-10 12:27:00,"Austin, TX",30.26497841,-97.74659729
14,2015-05-25 15:17:00,"Austin, TX",30.26497841,-97.74659729
15,2015-05-23 11:22:00,"Austin, TX",30.26497841,-97.74659729
16,2015-04-29 08:15:00,"Richmond, VA",37.54076004,-77.43392944
17,2015-04-22 08:46:00,"Austin, TX",30.26497841,-97.74659729
18,2015-04-11 20:31:00,"Austin, TX",30.26497841,-97.74659729
19,2015-03-28 14:54:00,"Austin, TX",30.26497841,-97.74659729
20,2015-03-21 14:10:00,"Austin, TX",30.26497841,-97.74659729
21,2014-12-31 19:36:00,"Austin, TX",30.26497841,-97.74659729
22,2014-12-16 09:48:00,"Austin, TX",30.26497841,-97.74659729
23,2014-11-20 13:25:00,"Austin, TX",30.26497841,-97.74659729
24,2014-11-19 19:22:00,"Austin, TX",30.26497841,-97.74659729
25,2014-10-06 11:50:00,"Chicago, IL",41.8832283,-87.63240051
26,2014-10-06 11:50:00,"Chicago, IL",41.8832283,-87.63240051
27,2014-08-31 11:00:00,"Austin, TX",30.26497841,-97.74659729
28,2014-08-20 08:23:00,"Chicago, IL",41.8832283,-87.63240051
29,2014-06-24 18:56:00,"Chicago, IL",41.8832283,-87.63240051
30,2014-06-17 13:09:00,"Chicago, IL",41.8832283,-87.63240051
31,2014-06-01 14:37:00,"Chicago, IL",41.8832283,-87.63240051
32,2014-03-15 15:54:00,"Chicago, IL",41.8832283,-87.63240051
33,2014-03-15 10:37:00,"Chicago, IL",41.8832283,-87.63240051
34,2014-03-15 10:05:00,"Chicago, IL",41.8832283,-87.63240051
35,2014-03-15 10:05:00,"Chicago, IL",41.8832283,-87.63240051
36,2014-03-14 18:25:00,"Chicago, IL",41.8832283,-87.63240051
37,2014-01-20 19:44:00,"Manhattan, NY",40.75325012,-74.00380707
38,2014-01-05 16:12:00,"Queens, NY",40.75977707,-73.81729889
39,2013-10-03 07:07:00,"Manhattan, NY",40.75325012,-74.00380707
40,2013-08-01 11:27:00,"Bethel, NY",41.6613884,-74.86975861
41,2013-07-28 16:14:00,"Shandaken, NY",42.1193428,-74.39328766
42,2013-07-20 09:25:00,"Manhattan, NY",40.75325012,-74.00380707
43,2013-06-21 14:38:00,"New York, NY",40.71304703,-74.00723267
44,2013-06-21 11:58:00,"Manhattan, NY",40.75325012,-74.00380707
45,2013-06-21 07:38:00,"Manhattan, NY",40.75325012,-74.00380707
46,2013-06-19 16:16:00,"Manhattan, NY",40.75325012,-74.00380707
47,2013-06-19 10:21:00,"Manhattan, NY",40.75325012,-74.00380707
48,2013-06-16 13:33:00,Hudson River Park's Pier 54,40.73265457,-74.01074219
49,2013-05-23 16:51:00,"Manhattan, NY",40.75325012,-74.00380707
50,2013-05-16 17:13:00,City Winery,51.51332855,-0.088947
51,2013-05-06 07:21:00,"Manhattan, NY",40.75325012,-74.00380707
52,2013-05-05 11:35:00,"Manhattan, NY",40.75325012,-74.00380707
53,2013-04-16 16:41:00,"Manhattan, NY",40.75325012,-74.00380707
54,2013-03-30 11:06:00,Buy Buy Baby,58.48134995,41.53801727
55,2013-03-09 14:35:00,"Manhattan, NY",40.75325012,-74.00380707
56,2013-03-09 13:49:00,by Robert James,30.54157448,-90.31164551
57,2013-03-02 11:34:00,"Manhattan, NY",40.75325012,-74.00380707
58,2013-02-13 10:22:00,"Manhattan, NY",40.75325012,-74.00380707
59,2013-02-08 06:55:00,"Manhattan, NY",40.75325012,-74.00380707
60,2013-01-12 15:22:00,Chelsea Clearview Cinema,51.48747253,-0.16868301
61,2012-11-28 16:54:00,"Manhattan, NY",40.75325012,-74.00380707
62,2012-11-24 09:49:00,Chelsea Hotel (The),40.74443817,-73.99667358
63,2012-11-24 09:33:00,"Manhattan, NY",40.75325012,-74.00380707
64,2012-11-13 04:27:00,"Manhattan, NY",40.75325012,-74.00380707
65,2012-11-12 16:59:00,Miami Ad School,25.78027344,-80.14050293
66,2012-11-11 09:09:00,"New York, NY",40.71304703,-74.00723267
67,2012-11-08 16:56:00,Capitol Theatre-NY,43.2123909,-75.4598999
68,2012-11-01 17:18:00,600th floor Empire State Building,40.74843597,-73.98580933
69,2012-11-01 13:14:00,"Manhattan, NY",40.75325012,-74.00380707
70,2012-11-01 13:11:00,"Manhattan, NY",40.75325012,-74.00380707
71,2012-10-31 05:02:00,"Manhattan, NY",40.75325012,-74.00380707
72,2012-10-30 15:13:00,Park Union Square Theatres,42.34383672,-71.07257527
73,2012-10-26 15:51:00,Eat N Meet Grill,40.29773331,-75.94165039
74,2012-10-18 17:10:00,"Manhattan, NY",40.75325012,-74.00380707
75,2012-10-14 09:52:00,"Manhattan, NY",40.75325012,-74.00380707
76,2012-10-14 09:40:00,"Manhattan, NY",40.75325012,-74.00380707
77,2012-10-13 18:33:00,"Manhattan, NY",40.75325012,-74.00380707
78,2012-10-10 04:34:00,"Manhattan, NY",40.75325012,-74.00380707
79,2012-10-07 13:20:00,Rogue,63.47312164,-132.54620361
80,2012-10-07 08:43:00,"Queens, NY",40.75977707,-73.81729889
81,2012-10-05 16:17:00,"Manhattan, NY",40.75325012,-74.00380707
82,2012-10-01 07:00:00,Hudson River Park Pier 64,40.75083542,-74.00862885
83,2012-09-23 09:57:00,"Manhattan, NY",40.75325012,-74.00380707
84,2012-09-18 18:05:00,"Manhattan, NY",40.75325012,-74.00380707
85,2012-09-09 17:17:00,"Manhattan, NY",40.75325012,-74.00380707
86,2012-09-06 17:42:00,"Manhattan, NY",40.75325012,-74.00380707
87,2012-09-01 21:40:00,Midnight Cowboy Oriental Massage,33.52246475,-2.66171598
88,2012-08-31 18:17:00,Hotel San José,37.33479309,-121.88814545
89,2012-08-31 17:37:00,"Austin, TX",30.26497841,-97.74659729
90,2012-08-30 18:22:00,"Austin, TX",30.26497841,-97.74659729
91,2012-08-28 04:34:00,"Newark, NJ",40.73150635,-74.17438507
92,2012-08-26 10:05:00,Philadelphia Museum of Arts,21.30407715,-157.84873962
93,2012-08-24 16:00:00,"Philadelphia, PA",39.95106125,-75.1656189
94,2012-08-24 12:41:00,Penn Station,40.74946213,-73.99289703
95,2012-08-18 19:51:00,Hill Country,29.58731842,-98.3731308
96,2012-08-16 19:35:00,"Manhattan, NY",40.75325012,-74.00380707
97,2012-08-16 17:58:00,City Winery,51.51332855,-0.088947
98,2012-08-11 10:49:00,Paragon Sports,35.07190244,-90.00015786
99,2012-08-07 17:13:00,"Manhattan, NY",40.75325012,-74.00380707
100,2012-08-05 16:51:00,City Winery,51.51332855,-0.088947
101,2012-08-02 16:45:00,"Manhattan, NY",40.75325012,-74.00380707
102,2012-07-31 17:47:00,"Manhattan, NY",40.75325012,-74.00380707
103,2012-07-29 06:43:00,Good Stuff Diner,53.98989487,10.22236538
104,2012-07-18 17:22:00,"Manhattan, NY",40.75325012,-74.00380707
105,2012-07-16 15:32:00,"New York, NY",40.71304703,-74.00723267
106,2012-07-16 04:59:00,"Chicago, IL",41.8832283,-87.63240051
107,2012-07-16 02:39:00,"Queens, NY",40.75977707,-73.81729889
108,2012-07-15 16:29:00,"Manhattan, NY",40.75325012,-74.00380707
109,2012-07-14 15:07:00,"Manhattan, NY",40.75325012,-74.00380707
110,2012-07-13 14:31:00,"Manhattan, NY",40.75325012,-74.00380707
111,2012-07-13 08:24:00,"Manhattan, NY",40.75325012,-74.00380707
112,2012-07-12 23:24:00,"Manhattan, NY",40.75325012,-74.00380707
113,2012-07-12 22:30:00,"Manhattan, NY",40.75325012,-74.00380707
114,2012-07-12 21:26:00,"Manhattan, NY",40.75325012,-74.00380707
115,2012-07-12 09:46:00,The Spotted Pig,37.1327858,-86.17015839
116,2012-07-11 17:51:00,"Manhattan, NY",40.75325012,-74.00380707
117,2012-07-08 17:23:00,"Manhattan, NY",40.75325012,-74.00380707
118,2012-07-08 14:48:00,"Manhattan, NY",40.75325012,-74.00380707
119,2012-07-07 19:20:00,"New York, NY",40.71304703,-74.00723267
120,2012-07-07 17:51:00,"New York, NY",40.71304703,-74.00723267
121,2012-07-07 10:57:00,"Manhattan, NY",40.75325012,-74.00380707
122,2012-07-06 17:14:00,"Manhattan, NY",40.75325012,-74.00380707
123,2012-07-05 06:24:00,"Manhattan, NY",40.75325012,-74.00380707
124,2012-07-04 20:09:00,"Manhattan, NY",40.75325012,-74.00380707
125,2012-07-04 19:57:00,"Manhattan, NY",40.75325012,-74.00380707
126,2012-07-04 19:01:00,"Manhattan, NY",40.75325012,-74.00380707
127,2012-07-04 12:00:00,"Manhattan, NY",40.75325012,-74.00380707
128,2012-07-04 11:06:00,Apple Store,46.22180557,15.31035423
129,2012-07-03 19:28:00,"Manhattan, NY",40.75325012,-74.00380707
130,2012-07-03 19:18:00,"Manhattan, NY",40.75325012,-74.00380707
131,2012-07-03 16:28:00,"Manhattan, NY",40.75325012,-74.00380707
132,2012-07-02 07:44:00,"North Adams, MA",42.70054245,-73.10870361
133,2012-07-01 17:52:00,"North Adams, MA",42.70054245,-73.10870361
134,2012-07-01 12:39:00,"Williamstown, MA",42.71234894,-73.20380402
135,2012-07-01 07:51:00,"North Adams, MA",42.70054245,-73.10870361
136,2012-06-30 17:57:00,"North Adams, MA",42.70054245,-73.10870361
137,2012-06-30 16:06:00,"North Adams, MA",42.70054245,-73.10870361
138,2012-06-30 13:38:00,"North Adams, MA",42.70054245,-73.10870361
139,2012-06-29 22:18:00,Ace Hotel,30.52927589,-94.82537079
140,2012-06-29 20:59:00,Breslin Lobby Bar at  the Ace Hotel,20.62035561,-105.2314682
141,2012-06-29 17:43:00,"Manhattan, NY",40.75325012,-74.00380707
142,2012-06-29 15:00:00,"Manhattan, NY",40.75325012,-74.00380707
143,2012-06-29 08:02:00,"Manhattan, NY",40.75325012,-74.00380707
144,2012-06-23 17:58:00,"New York, NY",40.71304703,-74.00723267
145,2012-06-23 16:48:00,"New York, NY",40.71304703,-74.00723267
146,2012-06-23 10:25:00,Breslin Lobby Bar at  the Ace Hotel,20.62035561,-105.2314682
147,2012-06-23 09:02:00,Park Union Square Theatres,42.34383672,-71.07257527
148,2012-06-23 09:01:00,"Manhattan, NY",40.75325012,-74.00380707
149,2012-06-23 07:27:00,"Manhattan, NY",40.75325012,-74.00380707
150,2012-06-23 06:57:00,Martin Greenfield Clothiers,39.78519821,-85.76927185
151,2012-06-22 16:40:00,Chelsea Hotel (The),40.74443817,-73.99667358
152,2012-06-21 06:21:00,Park Avenue Podiatry Associates PC,43.14645004,-77.58179474
153,2012-06-20 16:18:00,"Manhattan, NY",40.75325012,-74.00380707
154,2012-06-20 15:07:00,"Manhattan, NY",40.75325012,-74.00380707
155,2012-06-18 18:56:00,"Manhattan, NY",40.75325012,-74.00380707
156,2012-06-17 04:10:00,"Manhattan, NY",40.75325012,-74.00380707
157,2012-06-11 12:19:00,Chelsea Hotel (The),40.74443817,-73.99667358
158,2012-06-11 10:49:00,"Manhattan, NY",40.75325012,-74.00380707
159,2012-06-10 18:01:00,"Manhattan, NY",40.75325012,-74.00380707
160,2012-06-10 17:32:00,"Queens, NY",40.75977707,-73.81729889
161,2012-06-10 13:00:00,"Grapevine, TX",32.9398613,-97.07836914
162,2012-06-10 10:10:00,"Albuquerque, NM",35.08424759,-106.64923859
163,2012-06-09 07:23:00,Eldorado Hotel & Spa,52.2397604,-3.3799738
164,2012-06-08 20:36:00,Epazote Restaurant,22.82595444,-100.90226746
165,2012-06-08 17:28:00,"Santa Fe, NM",35.69213486,-105.93959045
166,2012-06-08 16:24:00,Eldorado Hotel & Spa,52.2397604,-3.3799738
167,2012-06-08 16:13:00,"Santa Fe, NM",35.69213486,-105.93959045
168,2012-06-08 16:12:00,Ten Thousand Waves,35.567173,-75.46842194
169,2012-06-08 11:08:00,Loretto Chapel,35.68538666,-105.93763733
170,2012-06-08 10:57:00,St Francis Of Assisi Cathedral,51.3928616,0.4752063
171,2012-06-08 10:42:00,Cafe Pasqual's,46.74953079,9.44229221
172,2012-06-07 20:15:00,Cowgirl BBQ,-12.37462616,130.85279846
173,2012-06-07 19:48:00,"Santa Fe, NM",35.69213486,-105.93959045
174,2012-06-07 17:58:00,The Shed,-28.42437172,152.49839783
175,2012-06-07 17:04:00,"Santa Fe, NM",35.69213486,-105.93959045
176,2012-06-07 14:51:00,Tuscanos Brazilian Grill,-1.43139398,-48.45585251
177,2012-06-07 13:55:00,"Albuquerque, NM",35.08424759,-106.64923859
178,2012-06-04 19:28:00,Miami Ad School,25.78027344,-80.14050293
179,2012-06-03 17:31:00,Washington Square Park,40.73088074,-73.99758148
180,2012-06-03 16:54:00,Hundred Acres,50.90069962,-1.15646601
181,2012-06-03 15:34:00,"Manhattan, NY",40.75325012,-74.00380707
182,2012-06-01 15:43:00,"Manhattan, NY",40.75325012,-74.00380707
183,2012-06-01 07:08:00,"Manhattan, NY",40.75325012,-74.00380707
184,2012-05-31 05:22:00,Park Avenue Podiatry Associates PC,43.14645004,-77.58179474
185,2012-05-30 17:22:00,"Manhattan, NY",40.75325012,-74.00380707
186,2012-05-30 17:06:00,"Manhattan, NY",40.75325012,-74.00380707
187,2012-05-28 16:37:00,"Manhattan, NY",40.75325012,-74.00380707
188,2012-05-28 12:50:00,"Manhattan, NY",40.75325012,-74.00380707
189,2012-05-28 12:34:00,"Manhattan, NY",40.75325012,-74.00380707
190,2012-05-28 12:22:00,"Manhattan, NY",40.75325012,-74.00380707
191,2012-05-27 10:03:00,"Setauket-East Setauket, NY",40.93000031,-73.10193634
192,2012-05-26 10:49:00,"Manhattan, NY",40.75325012,-74.00380707
193,2012-05-26 09:51:00,Washington Square Park,40.73088074,-73.99758148
194,2012-05-25 14:02:00,"Manhattan, NY",40.75325012,-74.00380707
195,2012-05-25 12:08:00,"Manhattan, NY",40.75325012,-74.00380707
196,2012-05-25 10:30:00,Terakawa Ramen,60.30338287,15.18062496
197,2012-05-24 06:44:00,David Gage String Instruments,8.4222002,-82.44059753
198,2012-05-23 19:19:00,"Manhattan, NY",40.75325012,-74.00380707
199,2012-05-20 13:27:00,Salsa Y Salsa Mexican Kitchen,23.93359184,-102.50969696
200,2012-05-20 10:22:00,"Queens, NY",40.75977707,-73.81729889
201,2012-05-20 06:44:00,"Florida, USA",28.59551239,-82.48734283
202,2012-05-19 20:48:00,"Miami, FL",25.77508354,-80.19470215
203,2012-05-19 17:08:00,"Miami, FL",25.77508354,-80.19470215
204,2012-05-19 15:06:00,Wish Restaurant,50.83192444,-0.197078
205,2012-05-19 12:21:00,"Miami Beach, FL",25.79223633,-80.13484955
206,2012-05-19 08:21:00,Delano,35.76663589,-119.25222015
207,2012-05-18 18:43:00,Avalon Hotel,57.70416641,11.96861076
208,2012-05-18 14:04:00,Puerto Sagua Restaurant,22.80608368,-80.07581329
209,2012-05-18 12:49:00,"Florida, USA",28.59551239,-82.48734283
210,2012-05-15 04:00:00,Aereopuerto Internacional Luis Muñoz Marín,18.43920898,-65.99970245
211,2012-05-14 15:26:00,"San Juan Antiguo, Puerto Rico",18.46630287,-66.10523224
212,2012-05-14 08:46:00,"San Juan Antiguo, Puerto Rico",18.46630287,-66.10523224
213,2012-05-14 07:08:00,Cyril E King International Airport,18.33670044,-64.97158813
214,2012-05-05 03:34:00,"Newark, NJ",40.73150635,-74.17438507
215,2012-05-04 18:50:00,Public,-34.98031616,138.62117004
216,2012-05-03 05:27:00,Park Avenue Podiatry Associates PC,43.14645004,-77.58179474
217,2012-05-01 19:31:00,"Manhattan, NY",40.75325012,-74.00380707
218,2012-05-01 19:09:00,Dos Toros Taqueria,43.0965538,24.27832603
219,2012-05-01 17:34:00,Park Union Square Theatres,42.34383672,-71.07257527
220,2012-04-30 17:43:00,Miami Ad School,25.78027344,-80.14050293
221,2012-04-29 09:15:00,"Manhattan, NY",40.75325012,-74.00380707
222,2012-04-29 08:17:00,"Manhattan, NY",40.75325012,-74.00380707
223,2012-04-28 18:22:00,"Manhattan, NY",40.75325012,-74.00380707
224,2012-04-28 17:51:00,"Manhattan, NY",40.75325012,-74.00380707
225,2012-04-28 17:33:00,"Manhattan, NY",40.75325012,-74.00380707
226,2012-04-28 11:18:00,Terakawa Ramen,60.30338287,15.18062496
227,2012-04-28 10:42:00,"Manhattan, NY",40.75325012,-74.00380707
228,2012-04-28 10:42:00,"Manhattan, NY",40.75325012,-74.00380707
229,2012-04-28 10:42:00,"Manhattan, NY",40.75325012,-74.00380707
230,2012-04-28 07:53:00,"Manhattan, NY",40.75325012,-74.00380707
231,2012-04-28 07:23:00,Heart of Chelsea Animal Hospital,51.48747253,-0.16868301
232,2012-04-27 21:15:00,Rye House,51.76940155,0.0057
233,2012-04-27 17:59:00,Bocca Di Bacco,42.62481689,9.45302105
234,2012-04-27 06:50:00,Hudson River Park Pier 64,40.75083542,-74.00862885
235,2012-04-26 06:07:00,Good Stuff Diner,53.98989487,10.22236538
236,2012-04-23 18:20:00,Miami Ad School,25.78027344,-80.14050293
237,2012-04-23 03:59:00,"Manhattan, NY",40.75325012,-74.00380707
238,2012-04-21 20:19:00,"Manhattan, NY",40.75325012,-74.00380707
239,2012-04-21 17:48:00,"Manhattan, NY",40.75325012,-74.00380707
240,2012-04-21 16:21:00,"Manhattan, NY",40.75325012,-74.00380707
241,2012-04-21 11:17:00,Ditch Plains Restaurant,41.04415131,-71.92188263
242,2012-04-21 10:49:00,"Manhattan, NY",40.75325012,-74.00380707
243,2012-04-21 08:18:00,Good Stuff Diner,53.98989487,10.22236538
244,2012-04-20 12:45:00,"Manhattan, NY",40.75325012,-74.00380707
245,2012-04-19 19:46:00,"Manhattan, NY",40.75325012,-74.00380707
246,2012-04-19 18:52:00,Bowery Hotel,40.72074509,-73.99169922
247,2012-04-19 07:00:00,Hudson River Park Pier 64,40.75083542,-74.00862885
248,2012-04-18 10:44:00,"Manhattan, NY",40.75325012,-74.00380707
249,2012-04-15 12:09:00,"Manhattan, NY",40.75325012,-74.00380707
250,2012-04-13 18:19:00,"Manhattan, NY",40.75325012,-74.00380707
251,2012-04-12 06:34:00,"Manhattan, NY",40.75325012,-74.00380707
252,2012-04-11 10:48:00,"Plano, TX",33.01969528,-96.69758606
253,2012-04-11 10:00:00,"Grapevine, TX",32.9398613,-97.07836914
254,2012-04-11 06:47:00,"Chicago, IL",41.8832283,-87.63240051
255,2012-04-10 16:22:00,Pump Room,52.977556,-0.0218603
256,2012-04-10 15:00:00,"Chicago, IL",41.8832283,-87.63240051
257,2012-04-08 04:52:00,"Manhattan, NY",40.75325012,-74.00380707
258,2012-04-07 11:36:00,"Manhattan, NY",40.75325012,-74.00380707
259,2012-04-06 19:19:00,"Manhattan, NY",40.75325012,-74.00380707
260,2012-04-06 18:17:00,"Manhattan, NY",40.75325012,-74.00380707
261,2012-04-06 04:42:00,"Manhattan, NY",40.75325012,-74.00380707
262,2012-04-05 15:39:00,"Manhattan, NY",40.75325012,-74.00380707
263,2012-04-04 16:31:00,Bobo,3.39398694,31.21851921
264,2012-03-26 16:07:00,Little Owl,29.86040892,-81.34887151
265,2012-03-25 18:28:00,"Manhattan, NY",40.75325012,-74.00380707
266,2012-03-24 21:17:00,"Manhattan, NY",40.75325012,-74.00380707
267,2012-03-24 12:35:00,La Bottega,44.84872055,11.00901413
268,2012-03-22 17:42:00,"Manhattan, NY",40.75325012,-74.00380707
269,2012-03-20 06:37:00,"Manhattan, NY",40.75325012,-74.00380707
270,2012-03-17 05:00:00,"Manhattan, NY",40.75325012,-74.00380707
271,2012-03-14 18:20:00,Qi,34.54899979,114.78299713
272,2012-03-13 18:16:00,Park Union Square Theatres,42.34383672,-71.07257527
273,2012-03-12 13:03:00,Hudson River Park Pier 64,40.75083542,-74.00862885
274,2012-03-10 11:52:00,"Manhattan, NY",40.75325012,-74.00380707
275,2012-03-07 19:00:00,"Manhattan, NY",40.75325012,-74.00380707
276,2012-03-06 15:59:00,"Chicago, IL",41.8832283,-87.63240051
277,2012-03-06 03:45:00,"Queens, NY",40.75977707,-73.81729889
278,2012-02-27 17:42:00,Miami Ad School,25.78027344,-80.14050293
279,2012-02-25 17:54:00,"Manhattan, NY",40.75325012,-74.00380707
280,2012-02-17 19:17:00,"Manhattan, NY",40.75325012,-74.00380707
281,2012-02-17 18:28:00,"Manhattan, NY",40.75325012,-74.00380707
282,2012-02-14 20:33:00,"Chicago, IL",41.8832283,-87.63240051
283,2012-02-14 20:16:00,"Baltimore, MD",39.29044342,-76.61233521
284,2012-02-14 19:46:00,Ristorante We,-20.91627312,167.264328
285,2012-02-14 03:19:00,"Newark, NJ",40.73150635,-74.17438507
286,2012-02-11 15:36:00,"Stowe, VT",44.46533585,-72.68430328
287,2012-02-11 09:40:00,"Montgomery, VT",44.89950562,-72.6325531
288,2012-02-10 12:21:00,"Guilford, VT",42.81678391,-72.57069397
289,2012-02-08 17:58:00,Mas,46.20783234,12.77140713
290,2012-02-05 17:29:00,"Manhattan, NY",40.75325012,-74.00380707
291,2012-02-02 19:53:00,Hill Country,29.58731842,-98.3731308
292,2012-02-01 18:08:00,"Manhattan, NY",40.75325012,-74.00380707
293,2012-01-28 07:33:00,"Manhattan, NY",40.75325012,-74.00380707
294,2012-01-25 03:59:00,"Manhattan, NY",40.75325012,-74.00380707
295,2012-01-24 18:20:00,The Village Pour House,35.56561279,-97.5470047
296,2012-01-24 07:45:00,"Manhattan, NY",40.75325012,-74.00380707
297,2012-01-24 04:13:00,"Manhattan, NY",40.75325012,-74.00380707
298,2012-01-24 04:13:00,Flatiron Grp,40.74111176,-73.98972321
299,2012-01-23 18:54:00,Miami Ad School,25.78027344,-80.14050293
300,2012-01-23 04:25:00,"Manhattan, NY",40.75325012,-74.00380707
