,time,poi,latitude,longitude
0,2015-11-24 19:56:00,"Manhattan, NY",40.75325012,-74.00380707
1,2015-11-24 17:24:00,"Manhattan, NY",40.75325012,-74.00380707
2,2015-11-24 07:33:00,"Cambridge, MA",42.36524963,-71.10501862
3,2015-11-23 18:40:00,"Manhattan, NY",40.75325012,-74.00380707
4,2015-11-03 15:45:00,"Cambridge, MA",42.36524963,-71.10501862
5,2015-10-30 07:36:00,"Cambridge, MA",42.36524963,-71.10501862
6,2015-10-29 21:58:00,"Manhattan, NY",40.75325012,-74.00380707
7,2015-10-29 10:54:00,"Manhattan, NY",40.75325012,-74.00380707
8,2015-10-29 10:53:00,"Manhattan, NY",40.75325012,-74.00380707
9,2015-10-28 15:31:00,"Cambridge, MA",42.36524963,-71.10501862
10,2015-10-26 15:20:00,"Cambridge, MA",42.36524963,-71.10501862
11,2015-10-26 15:20:00,"Cambridge, MA",42.36524963,-71.10501862
12,2015-10-26 15:19:00,"Cambridge, MA",42.36524963,-71.10501862
13,2015-10-26 07:28:00,"Manhattan, NY",40.75325012,-74.00380707
14,2015-10-18 16:56:00,"Pennsylvania, USA",40.896698,-77.83889771
15,2015-10-15 09:51:00,"Manhattan, NY",40.75325012,-74.00380707
16,2015-10-15 09:50:00,"Manhattan, NY",40.75325012,-74.00380707
17,2015-10-07 04:21:00,"Manhattan, NY",40.75325012,-74.00380707
18,2015-09-29 08:53:00,"Manhattan, NY",40.75325012,-74.00380707
19,2015-09-27 16:18:00,"Manhattan, NY",40.75325012,-74.00380707
20,2015-09-27 09:43:00,"Brooklyn, NY",40.69252777,-73.99099731
21,2015-09-23 22:07:00,"Manhattan, NY",40.75325012,-74.00380707
22,2015-09-22 09:08:00,"Cambridge, MA",42.36524963,-71.10501862
23,2015-09-21 11:40:00,"Cambridge, MA",42.36524963,-71.10501862
24,2015-09-21 10:29:00,"Cambridge, MA",42.36524963,-71.10501862
25,2015-09-21 06:17:00,"Manhattan, NY",40.75325012,-74.00380707
26,2015-09-21 06:16:00,"Manhattan, NY",40.75325012,-74.00380707
27,2015-09-13 12:39:00,"Manhattan, NY",40.75325012,-74.00380707
28,2015-08-29 06:59:00,"Washington, USA",38.89206314,-77.01991272
29,2015-08-28 04:44:00,Delta Airlines,49.09020996,-123.06526947
30,2015-08-24 14:08:00,"Cambridge, MA",42.36524963,-71.10501862
31,2015-08-23 08:49:00,"Brooklyn, NY",40.69252777,-73.99099731
32,2015-08-16 20:33:00,"Manhattan, NY",40.75325012,-74.00380707
33,2015-08-04 15:31:00,"Manhattan, NY",40.75325012,-74.00380707
34,2015-07-30 09:38:00,"Midtown South, Manhattan",40.7478981,-73.98917389
35,2015-07-23 11:14:00,"Manhattan, NY",40.75325012,-74.00380707
36,2015-07-21 10:16:00,"Manhattan, NY",40.75325012,-74.00380707
37,2015-06-11 07:07:00,"Manhattan, NY",40.75325012,-74.00380707
38,2015-06-01 10:00:00,"Manhattan, NY",40.75325012,-74.00380707
39,2015-05-19 19:27:00,"Manhattan, NY",40.75325012,-74.00380707
40,2015-05-17 21:51:00,"New York, USA",42.93923187,-75.62004852
41,2015-04-28 19:55:00,"Arizona, USA",34.29322815,-111.66459656
42,2015-04-21 07:32:00,"Manhattan, NY",40.75325012,-74.00380707
43,2015-04-11 12:20:00,"Manhattan, NY",40.75325012,-74.00380707
44,2015-04-08 21:30:00,"Manhattan, NY",40.75325012,-74.00380707
45,2015-04-02 14:48:00,"Manhattan, NY",40.75325012,-74.00380707
46,2015-03-26 21:53:00,"Manhattan, NY",40.75325012,-74.00380707
47,2015-03-13 22:01:00,"Manhattan, NY",40.75325012,-74.00380707
48,2015-02-24 05:22:00,"Hondarribia, Euskadi",43.36252975,-1.79149795
49,2015-02-16 16:25:00,"Zarautz, Euskadi",43.28036499,-2.17158794
50,2015-02-08 23:06:00,Israel,30.81242561,34.859478
51,2015-02-08 05:56:00,Israel,30.81242561,34.859478
52,2014-12-21 12:24:00,"Minnesota, USA",46.34914398,-94.19830322
53,2014-11-12 16:45:00,"Brooklyn, NY",40.69252777,-73.99099731
54,2014-10-21 10:13:00,"Manhattan, NY",40.75325012,-74.00380707
55,2014-10-11 10:34:00,"Manhattan, NY",40.75325012,-74.00380707
56,2014-08-27 10:00:00,"New York, NY",40.71304703,-74.00723267
57,2014-08-10 15:33:00,"New York, NY",40.71304703,-74.00723267
58,2014-08-06 07:30:00,"New York, NY",40.71304703,-74.00723267
59,2014-07-21 06:03:00,"Manhattan, NY",40.75325012,-74.00380707
60,2014-07-07 06:02:00,"Brühl, Nordrhein-Westfalen",50.82613754,6.90154886
61,2014-07-03 01:32:00,"Berlin, Deutschland",52.52342987,13.41143608
62,2014-06-30 02:26:00,"Berlin, Deutschland",52.52342987,13.41143608
63,2014-06-27 07:39:00,"Manhattan, NY",40.75325012,-74.00380707
64,2014-06-26 07:17:00,"New York, NY",40.71304703,-74.00723267
65,2014-06-19 12:41:00,"New York, USA",42.93923187,-75.62004852
66,2014-06-17 21:32:00,"Manhattan, NY",40.75325012,-74.00380707
67,2014-06-11 19:55:00,"Los Angeles, CA",34.05223846,-118.24334717
68,2014-06-04 10:52:00,"New York, NY",40.71304703,-74.00723267
69,2014-06-03 14:14:00,"Manhattan, NY",40.75325012,-74.00380707
70,2014-06-03 13:19:00,"Manhattan, NY",40.75325012,-74.00380707
71,2014-05-04 05:19:00,"New York, USA",42.93923187,-75.62004852
72,2014-05-02 14:36:00,"New York, NY",40.71304703,-74.00723267
73,2014-05-02 10:49:00,"Chestnut Ridge, NY",41.08422852,-74.05622864
74,2014-04-28 20:27:00,"New York, NY",40.71304703,-74.00723267
75,2014-04-20 05:38:00,"Rome, Lazio",41.89055634,12.49426746
76,2014-04-19 13:14:00,"Rome, Lazio",41.89055634,12.49426746
77,2014-04-18 13:14:00,"Rome, Lazio",41.89055634,12.49426746
78,2014-04-16 12:43:00,"Rome, Lazio",41.89055634,12.49426746
79,2014-04-15 05:10:00,"Manhattan, NY",40.75325012,-74.00380707
80,2014-04-13 00:38:00,Israel,30.81242561,34.859478
81,2014-04-06 16:00:00,Israel,30.81242561,34.859478
82,2014-03-31 10:45:00,"Manhattan, NY",40.75325012,-74.00380707
83,2014-03-26 13:54:00,"Manhattan, NY",40.75325012,-74.00380707
84,2014-03-24 12:50:00,"Manhattan, NY",40.75325012,-74.00380707
85,2014-03-16 17:11:00,"Manhattan, NY",40.75325012,-74.00380707
86,2014-03-06 08:16:00,"Manhattan, NY",40.75325012,-74.00380707
87,2014-03-04 07:23:00,"Manhattan, NY",40.75325012,-74.00380707
88,2014-03-02 09:00:00,"Manhattan, NY",40.75325012,-74.00380707
89,2014-03-01 15:31:00,"Manhattan, NY",40.75325012,-74.00380707
90,2014-02-27 03:30:00,"Manhattan, NY",40.75325012,-74.00380707
91,2014-02-19 14:43:00,"Hackney, London",51.54578781,-0.055418
92,2014-02-19 14:37:00,"Hackney, London",51.54578781,-0.055418
93,2014-02-13 12:57:00,"Manhattan, NY",40.75325012,-74.00380707
94,2014-02-12 21:29:00,"Manhattan, NY",40.75325012,-74.00380707
95,2014-02-12 21:28:00,"Manhattan, NY",40.75325012,-74.00380707
96,2014-02-03 09:18:00,"Manhattan, NY",40.75325012,-74.00380707
97,2014-02-02 12:44:00,"Manhattan, NY",40.75325012,-74.00380707
98,2014-01-23 21:52:00,"Portland, OR",45.51601791,-122.681427
99,2014-01-07 16:22:00,"Winchester, NV",36.137043,-115.12306976
100,2014-01-02 11:30:00,"Manhattan, NY",40.75325012,-74.00380707
101,2013-12-25 16:51:00,"Green Lake, MN",45.34028625,-92.90104675
102,2013-12-23 21:57:00,"Green Lake, MN",45.34028625,-92.90104675
103,2013-11-19 13:44:00,"Manhattan, NY",40.75325012,-74.00380707
104,2013-11-13 15:38:00,"Manhattan, NY",40.75325012,-74.00380707
105,2013-11-13 13:58:00,"Manhattan, NY",40.75325012,-74.00380707
106,2013-11-11 10:21:00,"Manhattan, NY",40.75325012,-74.00380707
107,2013-11-04 15:13:00,"Manhattan, NY",40.75325012,-74.00380707
108,2013-10-06 07:41:00,"Manhattan, NY",40.75325012,-74.00380707
109,2013-09-29 16:58:00,"Florida, MA",42.6932106,-73.05418396
110,2013-09-28 10:06:00,"North Adams, MA",42.70054245,-73.10870361
111,2013-09-25 14:09:00,"Manhattan, NY",40.75325012,-74.00380707
112,2013-09-23 20:26:00,"Manhattan, NY",40.75325012,-74.00380707
113,2013-09-23 18:56:00,"Manhattan, NY",40.75325012,-74.00380707
114,2013-09-20 15:07:00,"Manhattan, NY",40.75325012,-74.00380707
115,2013-08-29 19:50:00,"Manhattan, NY",40.75325012,-74.00380707
116,2013-08-03 12:03:00,"Begur, Catalunya",41.95373535,3.20813608
117,2013-08-02 19:03:00,"Madremanya, Catalunya",41.99014282,2.95551705
118,2013-07-20 10:15:00,"Manhattan, NY",40.75325012,-74.00380707
119,2013-07-09 20:11:00,"Manhattan, NY",40.75325012,-74.00380707
120,2013-07-06 15:23:00,"Green Lake, MN",45.34028625,-92.90104675
121,2013-07-04 00:22:00,"Green Lake, MN",45.34028625,-92.90104675
122,2013-06-30 08:11:00,"Manhattan, NY",40.75325012,-74.00380707
123,2013-06-29 21:40:00,"Manhattan, NY",40.75325012,-74.00380707
124,2013-06-27 09:58:00,"Manhattan, NY",40.75325012,-74.00380707
125,2013-06-26 07:10:00,"Manhattan, NY",40.75325012,-74.00380707
126,2013-06-25 22:57:00,"Manhattan, NY",40.75325012,-74.00380707
127,2013-06-23 15:05:00,"New Orleans, LA",29.95176315,-90.07461548
128,2013-06-23 09:56:00,"New Orleans, LA",29.95176315,-90.07461548
129,2013-06-22 11:47:00,"New Orleans, LA",29.95176315,-90.07461548
130,2013-06-13 22:00:00,"Manhattan, NY",40.75325012,-74.00380707
131,2013-06-12 17:50:00,"Manhattan, NY",40.75325012,-74.00380707
132,2013-06-12 17:24:00,"Manhattan, NY",40.75325012,-74.00380707
133,2013-06-09 06:53:00,"Manhattan, NY",40.75325012,-74.00380707
134,2013-06-07 14:37:00,"Manhattan, NY",40.75325012,-74.00380707
135,2013-05-31 07:54:00,"Manhattan, NY",40.75325012,-74.00380707
136,2013-05-27 14:30:00,"Medusa, NY",42.4362793,-74.13330841
137,2013-05-06 16:12:00,"Manhattan, NY",40.75325012,-74.00380707
138,2013-05-04 09:51:00,"New York, NY",40.71304703,-74.00723267
139,2013-05-04 07:03:00,"New York, NY",40.71304703,-74.00723267
140,2013-05-02 16:21:00,Jean Georges,48.5464434,7.77198965
141,2013-05-01 07:07:00,"Manhattan, NY",40.75325012,-74.00380707
142,2013-04-25 16:11:00,"Manhattan, NY",40.75325012,-74.00380707
143,2013-04-24 11:50:00,"Manhattan, NY",40.75325012,-74.00380707
144,2013-04-20 23:08:00,"Manhattan, NY",40.75325012,-74.00380707
145,2013-04-20 23:04:00,"Manhattan, NY",40.75325012,-74.00380707
146,2013-04-18 04:39:00,"Le Mesnil-Amelot, Ile-de-France",49.01745224,2.59352303
147,2013-03-29 15:54:00,"Queens, NY",40.75977707,-73.81729889
148,2013-03-21 08:55:00,"Manhattan, NY",40.75325012,-74.00380707
149,2013-03-17 22:31:00,"California, USA",37.25466919,-119.61727905
150,2013-03-16 12:37:00,"San Francisco, CA",37.78007889,-122.42015839
151,2013-03-11 12:40:00,"Manhattan, NY",40.75325012,-74.00380707
152,2013-03-10 11:22:00,"Manhattan, NY",40.75325012,-74.00380707
153,2013-03-05 15:50:00,"Manhattan, NY",40.75325012,-74.00380707
154,2013-03-04 12:53:00,"Manhattan, NY",40.75325012,-74.00380707
155,2013-03-03 18:05:00,"Manhattan, NY",40.75325012,-74.00380707
156,2013-03-03 17:37:00,"Manhattan, NY",40.75325012,-74.00380707
157,2013-02-28 08:52:00,"Queens, NY",40.75977707,-73.81729889
158,2013-02-24 17:09:00,"Manhattan, NY",40.75325012,-74.00380707
159,2013-02-23 13:34:00,Brickman H & Sons (Paints),24.03512192,84.80573273
160,2013-02-22 19:40:00,"Manhattan, NY",40.75325012,-74.00380707
161,2013-02-20 18:07:00,"Manhattan, NY",40.75325012,-74.00380707
162,2013-02-16 11:25:00,"Manhattan, NY",40.75325012,-74.00380707
163,2013-02-14 17:48:00,"Mission Dolores, San Francisco",37.76422882,-122.42694855
164,2013-02-12 16:35:00,"Manhattan, NY",40.75325012,-74.00380707
165,2013-02-05 14:38:00,"Manhattan, NY",40.75325012,-74.00380707
166,2013-02-03 15:26:00,"California, USA",37.25466919,-119.61727905
167,2013-02-03 14:41:00,"California, USA",37.25466919,-119.61727905
168,2013-02-03 14:08:00,"Coachella Valley, CA",33.76668549,-116.35917664
169,2013-02-03 08:45:00,"Palm Springs, CA",33.83030319,-116.54684448
170,2013-02-02 14:44:00,"California, USA",37.25466919,-119.61727905
171,2013-02-02 11:30:00,"San Dimas, CA",34.10667801,-117.80274963
172,2013-01-22 19:18:00,"Munich, Bavaria",48.13912582,11.58021927
173,2013-01-22 00:30:00,"Munich, Bavaria",48.13912582,11.58021927
174,2013-01-22 00:11:00,"Munich, Bavaria",48.13912582,11.58021927
175,2013-01-22 00:03:00,Hotel Garni An der Oper,40.11748505,44.73405838
176,2013-01-19 15:06:00,"Georgia, USA",32.64828873,-83.44437408
177,2013-01-19 13:41:00,"Georgia, USA",32.64828873,-83.44437408
178,2013-01-18 17:51:00,"Mission Dolores, San Francisco",37.76422882,-122.42694855
179,2013-01-16 15:49:00,"Manhattan, NY",40.75325012,-74.00380707
180,2013-01-07 09:50:00,"Winchester, NV",36.137043,-115.12306976
181,2013-01-04 05:09:00,"Manhattan, NY",40.75325012,-74.00380707
182,2012-12-23 11:08:00,"Marshall, MN",44.44460678,-95.78540802
183,2012-12-18 19:19:00,"Manhattan, NY",40.75325012,-74.00380707
184,2012-11-30 16:21:00,"Manhattan, NY",40.75325012,-74.00380707
185,2012-11-23 11:20:00,"Secaucus, NJ",40.77820587,-74.06785583
186,2012-11-22 21:27:00,"Florida, USA",28.59551239,-82.48734283
187,2012-11-21 11:08:00,Swagat Indian Restauarant,60.98639679,-149.52632141
188,2012-11-15 20:01:00,BLT Fish Bistro Laurent Tourondel,43.52213669,1.74326801
189,2012-11-09 14:36:00,"Manhattan, NY",40.75325012,-74.00380707
190,2012-11-07 19:25:00,"Manhattan, NY",40.75325012,-74.00380707
191,2012-11-07 15:49:00,"Manhattan, NY",40.75325012,-74.00380707
192,2012-11-06 20:28:00,"New York, NY",40.71304703,-74.00723267
193,2012-11-06 20:24:00,"New York, NY",40.71304703,-74.00723267
194,2012-11-01 20:31:00,"Manhattan, NY",40.75325012,-74.00380707
195,2012-10-29 21:32:00,"Manhattan, NY",40.75325012,-74.00380707
196,2012-10-29 18:31:00,"Manhattan, NY",40.75325012,-74.00380707
197,2012-10-29 18:24:00,"Manhattan, NY",40.75325012,-74.00380707
198,2012-10-29 18:01:00,"Manhattan, NY",40.75325012,-74.00380707
199,2012-10-26 18:14:00,"Manhattan, NY",40.75325012,-74.00380707
200,2012-10-23 10:22:00,"Manhattan, NY",40.75325012,-74.00380707
201,2012-10-21 02:45:00,"Dublin City, Ireland",53.34409714,-6.2674861
202,2012-10-16 08:32:00,"Manhattan, NY",40.75325012,-74.00380707
203,2012-10-14 19:18:00,"Manhattan, NY",40.75325012,-74.00380707
204,2012-10-11 20:40:00,West End Architectural Salvage,51.51180267,-0.144272
205,2012-10-11 18:11:00,"Des Moines, IA",41.58882141,-93.62030792
206,2012-10-11 10:18:00,"Des Moines, IA",41.58882141,-93.62030792
207,2012-10-09 13:57:00,"Manhattan, NY",40.75325012,-74.00380707
208,2012-10-09 12:15:00,"Manhattan, NY",40.75325012,-74.00380707
209,2012-10-08 17:39:00,"Queens, NY",40.75977707,-73.81729889
210,2012-10-08 10:01:00,"Queens, NY",40.75977707,-73.81729889
211,2012-10-06 08:43:00,"Manhattan, NY",40.75325012,-74.00380707
212,2012-10-01 10:33:00,"Manhattan, NY",40.75325012,-74.00380707
213,2012-09-30 12:15:00,"Manhattan, NY",40.75325012,-74.00380707
214,2012-09-30 09:10:00,"Manhattan, NY",40.75325012,-74.00380707
215,2012-09-28 07:57:00,"Queens, NY",40.75977707,-73.81729889
216,2012-09-28 07:55:00,"Queens, NY",40.75977707,-73.81729889
217,2012-09-28 07:54:00,"Queens, NY",40.75977707,-73.81729889
218,2012-09-26 07:07:00,"Manhattan, NY",40.75325012,-74.00380707
219,2012-09-25 08:05:00,"Manhattan, NY",40.75325012,-74.00380707
220,2012-09-07 08:22:00,"Manhattan, NY",40.75325012,-74.00380707
221,2012-09-06 18:34:00,"Queens, NY",40.75977707,-73.81729889
222,2012-09-06 14:21:00,"Manhattan, NY",40.75325012,-74.00380707
223,2012-09-06 11:47:00,"Queens, NY",40.75977707,-73.81729889
224,2012-09-06 11:41:00,"Manhattan, NY",40.75325012,-74.00380707
225,2012-09-06 08:25:00,"Manhattan, NY",40.75325012,-74.00380707
226,2012-09-04 21:56:00,"Manhattan, NY",40.75325012,-74.00380707
227,2012-08-31 09:38:00,"Manhattan, NY",40.75325012,-74.00380707
228,2012-08-23 18:10:00,"Manhattan, NY",40.75325012,-74.00380707
229,2012-08-23 11:59:00,"San Francisco, CA",37.78007889,-122.42015839
230,2012-08-21 10:55:00,"Manhattan, NY",40.75325012,-74.00380707
231,2012-08-09 08:37:00,"Cotswold, England",52.04040909,-1.85579503
232,2012-08-08 23:23:00,Ye Olde Bell Hotel,16.3471241,47.89152527
233,2012-08-06 12:27:00,"Newham, London",51.52831268,0.03301
234,2012-08-06 11:25:00,"Newham, London",51.52831268,0.03301
235,2012-08-06 03:14:00,"Islington, London",51.53483963,-0.103436
236,2012-08-05 08:24:00,"Greenwich, London",51.47879028,-0.010677
237,2012-08-05 07:25:00,"Greenwich, London",51.47879028,-0.010677
238,2012-08-04 10:45:00,"Southwark, London",51.50182343,-0.097924
239,2012-08-03 14:09:00,"Queens, NY",40.75977707,-73.81729889
240,2012-07-30 17:22:00,"New York, NY",40.71304703,-74.00723267
241,2012-07-30 17:17:00,"New York, NY",40.71304703,-74.00723267
242,2012-07-27 16:29:00,"Manhattan, NY",40.75325012,-74.00380707
243,2012-07-26 16:40:00,"Manhattan, NY",40.75325012,-74.00380707
244,2012-07-20 18:51:00,"Manhattan, NY",40.75325012,-74.00380707
245,2012-07-12 07:41:00,Eastwood Inn,53.01774216,-1.30816102
246,2012-07-10 18:01:00,"Minnesota, USA",46.34914398,-94.19830322
247,2012-07-08 08:56:00,"Nimrod, MN",46.6391449,-94.88098907
248,2012-07-06 13:06:00,"Spicer, MN",45.23110962,-94.93852234
249,2012-07-03 12:53:00,"Bloomington, MN",44.8262558,-93.3038559
250,2012-07-03 12:11:00,REI,32.94951248,76.48291016
251,2012-07-03 11:10:00,"Fort Snelling, MN",44.8927803,-93.18055725
252,2012-07-03 07:29:00,"Queens, NY",40.75977707,-73.81729889
253,2012-06-28 20:47:00,Bowery Hotel,40.72074509,-73.99169922
254,2012-06-27 10:51:00,"Manhattan, NY",40.75325012,-74.00380707
255,2012-06-26 21:43:00,"Manhattan, NY",40.75325012,-74.00380707
256,2012-06-26 18:42:00,"Manhattan, NY",40.75325012,-74.00380707
257,2012-06-25 17:02:00,"Manhattan, NY",40.75325012,-74.00380707
258,2012-06-19 19:07:00,"Manhattan, NY",40.75325012,-74.00380707
259,2012-06-16 11:03:00,"Manhattan, NY",40.75325012,-74.00380707
260,2012-06-14 08:36:00,"Manhattan, NY",40.75325012,-74.00380707
261,2012-06-14 07:24:00,"Manhattan, NY",40.75325012,-74.00380707
262,2012-06-12 10:53:00,"Manhattan, NY",40.75325012,-74.00380707
263,2012-06-09 13:39:00,"Valdagno, Veneto",45.65019989,11.3009243
264,2012-06-09 14:39:00,"San Diego, CA",32.71575928,-117.16381836
265,2012-06-08 17:59:00,"California, USA",37.25466919,-119.61727905
266,2012-06-08 14:32:00,"San Diego, CA",32.71575928,-117.16381836
267,2012-06-08 07:47:00,"San Diego, CA",32.71575928,-117.16381836
268,2012-06-06 07:22:00,"Manhattan, NY",40.75325012,-74.00380707
269,2012-06-05 09:39:00,"Queens, NY",40.75977707,-73.81729889
270,2012-06-04 08:39:00,"Manhattan, NY",40.75325012,-74.00380707
271,2012-06-04 07:14:00,"Manhattan, NY",40.75325012,-74.00380707
272,2012-06-02 22:06:00,"Manhattan, NY",40.75325012,-74.00380707
273,2012-05-31 09:11:00,"Monticello, NY",41.6545372,-74.68491364
