,time,poi,latitude,longitude
0,2015-12-05 12:10:00,"Anaheim, CA",33.83449173,-117.91564178
1,2015-11-29 12:46:00,"Daly City, CA",37.69111252,-122.47222137
2,2015-11-21 21:24:00,"San Francisco, CA",37.78007889,-122.42015839
3,2015-11-20 17:24:00,"San Francisco, CA",37.78007889,-122.42015839
4,2015-11-18 08:20:00,"San Francisco, CA",37.78007889,-122.42015839
5,2015-11-16 09:07:00,"San Francisco, CA",37.78007889,-122.42015839
6,2015-11-14 19:25:00,"Buena Park, CA",33.86277008,-118.0025177
7,2015-11-08 21:08:00,"Paradise, NV",36.11553574,-115.15795135
8,2015-11-08 18:37:00,"Paradise, NV",36.11553574,-115.15795135
9,2015-11-07 11:29:00,"Paradise, NV",36.11553574,-115.15795135
10,2015-11-06 17:54:00,"California, USA",37.25466919,-119.61727905
11,2015-11-06 17:20:00,"California, USA",37.25466919,-119.61727905
12,2015-11-04 19:09:00,"San Francisco, CA",37.78007889,-122.42015839
13,2015-11-03 17:21:00,"San Francisco, CA",37.78007889,-122.42015839
14,2015-11-03 11:24:00,"San Francisco, CA",37.78007889,-122.42015839
15,2015-11-02 08:09:00,"California, USA",37.25466919,-119.61727905
16,2015-11-01 12:28:00,"Anaheim, CA",33.83449173,-117.91564178
17,2015-10-31 20:32:00,"Hawthorne, CA",33.9164238,-118.35028076
18,2015-10-31 18:06:00,"Hawthorne, CA",33.9164238,-118.35028076
19,2015-10-29 07:15:00,"Northbrook, IL",42.12916946,-87.84082794
20,2015-10-25 18:27:00,"San Francisco, CA",37.78007889,-122.42015839
21,2015-10-23 20:25:00,"Berkeley, CA",37.8690567,-122.27046204
22,2015-10-22 20:31:00,"San Francisco, CA",37.78007889,-122.42015839
23,2015-10-22 19:30:00,"San Francisco, CA",37.78007889,-122.42015839
24,2015-10-22 05:59:00,"San Francisco, CA",37.78007889,-122.42015839
25,2015-10-20 02:33:00,"Hillingdon, London",51.52663803,-0.44237199
26,2015-10-20 02:27:00,"Hillingdon, London",51.52663803,-0.44237199
27,2015-10-19 11:13:00,"London, England",51.50015259,-0.12623601
28,2015-10-16 06:36:00,"Barcelona, Catalonia",41.38791656,2.16991901
29,2015-10-16 01:43:00,"Barcelona, Catalonia",41.38791656,2.16991901
30,2015-10-14 15:36:00,"California, USA",37.25466919,-119.61727905
31,2015-10-12 21:02:00,"San Francisco, CA",37.78007889,-122.42015839
32,2015-10-09 20:18:00,"Manhattan Beach, CA",33.88509369,-118.40971375
33,2015-10-09 08:06:00,"California, USA",37.25466919,-119.61727905
34,2015-10-07 22:40:00,"San Francisco, CA",37.78007889,-122.42015839
35,2015-10-01 09:23:00,"San Francisco, CA",37.78007889,-122.42015839
36,2015-09-27 17:12:00,"El Segundo, CA",33.92086029,-118.41594696
37,2015-09-25 13:51:00,"San Francisco, CA",37.78007889,-122.42015839
38,2015-09-24 07:26:00,"Chicago, IL",41.8832283,-87.63240051
39,2015-09-21 12:51:00,"San Francisco, CA",37.78007889,-122.42015839
40,2015-09-20 19:19:00,"SeaTac, WA",47.44525909,-122.29453278
41,2015-09-18 12:57:00,"California, USA",37.25466919,-119.61727905
42,2015-09-17 07:26:00,"Colorado, USA",38.99855042,-105.5478363
43,2015-09-16 20:21:00,"Colorado, USA",38.99855042,-105.5478363
44,2015-09-16 19:17:00,"Colorado, USA",38.99855042,-105.5478363
45,2015-09-16 19:10:00,"Colorado, USA",38.99855042,-105.5478363
46,2015-09-15 19:38:00,"Boulder, CO",40.01687241,-105.27962494
47,2015-09-15 17:41:00,"Boulder, CO",40.01687241,-105.27962494
48,2015-09-14 08:03:00,"California, USA",37.25466919,-119.61727905
49,2015-09-12 19:01:00,"San Francisco, CA",37.78007889,-122.42015839
50,2015-09-10 11:35:00,"Union Square, San Francisco",37.78849411,-122.40678406
51,2015-09-10 08:06:00,"San Francisco, CA",37.78007889,-122.42015839
52,2015-09-05 21:22:00,"Carmel, CA",36.55250931,-121.92443848
53,2015-09-03 20:15:00,"San Francisco, CA",37.78007889,-122.42015839
54,2015-08-30 19:19:00,"Jeffersonville, IN",38.29885864,-85.72663116
55,2015-08-30 13:25:00,"Louisville, KY",38.19937515,-85.65352631
56,2015-08-30 11:16:00,"Louisville, KY",38.19937515,-85.65352631
57,2015-08-30 08:16:00,"Kentucky, USA",37.52732849,-85.28770447
58,2015-08-29 08:07:00,"Kentucky, USA",37.52732849,-85.28770447
59,2015-08-28 16:21:00,"Kentucky, USA",37.52732849,-85.28770447
60,2015-08-28 05:16:00,"Los Angeles, CA",34.05223846,-118.24334717
61,2015-08-28 05:02:00,"Los Angeles, CA",34.05223846,-118.24334717
62,2015-08-27 18:27:00,"California, USA",37.25466919,-119.61727905
63,2015-08-27 18:27:00,"California, USA",37.25466919,-119.61727905
64,2015-08-27 18:24:00,"California, USA",37.25466919,-119.61727905
65,2015-08-27 18:16:00,"California, USA",37.25466919,-119.61727905
66,2015-08-27 18:07:00,"California, USA",37.25466919,-119.61727905
67,2015-08-24 19:56:00,"San Francisco, CA",37.78007889,-122.42015839
68,2015-08-22 10:36:00,"San Francisco, CA",37.78007889,-122.42015839
69,2015-08-17 06:53:00,"Oakland, CA",37.80482864,-122.2724762
70,2015-08-16 20:47:00,"San Francisco, CA",37.78007889,-122.42015839
71,2015-08-13 12:32:00,"Chicago, IL",41.8832283,-87.63240051
72,2015-08-10 12:50:00,"Los Angeles, CA",34.05223846,-118.24334717
73,2015-08-04 16:35:00,"Chicago, IL",41.8832283,-87.63240051
74,2015-08-02 19:10:00,"San Francisco, CA",37.78007889,-122.42015839
75,2015-07-30 09:46:00,"San Francisco, CA",37.78007889,-122.42015839
76,2015-07-24 12:52:00,"California, USA",37.25466919,-119.61727905
77,2015-07-23 18:56:00,"San Francisco, CA",37.78007889,-122.42015839
78,2015-07-23 18:50:00,"San Francisco, CA",37.78007889,-122.42015839
79,2015-07-20 13:26:00,"California, USA",37.25466919,-119.61727905
80,2015-07-18 16:16:00,"San Francisco, CA",37.78007889,-122.42015839
81,2015-07-18 15:38:00,"San Francisco, CA",37.78007889,-122.42015839
82,2015-07-17 20:01:00,"San Leandro, CA",37.72836304,-122.15861511
83,2015-07-16 11:56:00,"San Francisco, CA",37.78007889,-122.42015839
84,2015-07-15 16:07:00,"Queens, NY",40.75977707,-73.81729889
85,2015-07-15 13:17:00,"Manhattan, NY",40.75325012,-74.00380707
86,2015-07-15 02:32:00,"Manhattan, NY",40.75325012,-74.00380707
87,2015-07-14 16:30:00,"Manhattan, NY",40.75325012,-74.00380707
88,2015-07-13 18:55:00,"San Francisco, CA",37.78007889,-122.42015839
89,2015-07-11 18:35:00,"California, USA",37.25466919,-119.61727905
90,2015-07-09 16:51:00,"San Francisco, CA",37.78007889,-122.42015839
91,2015-07-04 10:19:00,"California, USA",37.25466919,-119.61727905
92,2015-07-01 20:20:00,"Los Angeles, CA",34.05223846,-118.24334717
93,2015-07-01 17:29:00,"California, USA",37.25466919,-119.61727905
94,2015-06-28 11:03:00,"San Francisco, CA",37.78007889,-122.42015839
95,2015-06-26 09:30:00,"San Francisco, CA",37.78007889,-122.42015839
96,2015-06-26 08:26:00,"San Francisco, CA",37.78007889,-122.42015839
97,2015-06-26 08:18:00,"San Francisco, CA",37.78007889,-122.42015839
98,2015-06-25 17:25:00,"Chicago, IL",41.8832283,-87.63240051
99,2015-06-24 06:29:00,"Chicago, IL",41.8832283,-87.63240051
100,2015-06-17 08:50:00,"San Francisco, CA",37.78007889,-122.42015839
101,2015-06-16 05:55:00,"San Francisco, CA",37.78007889,-122.42015839
102,2015-06-15 21:01:00,"San Francisco, CA",37.78007889,-122.42015839
103,2015-06-15 14:50:00,"San Francisco, CA",37.78007889,-122.42015839
104,2015-06-12 06:54:00,"San Francisco, CA",37.78007889,-122.42015839
105,2015-06-11 22:51:00,"San Francisco, CA",37.78007889,-122.42015839
106,2015-06-11 14:01:00,"San Francisco, CA",37.78007889,-122.42015839
107,2015-06-10 19:16:00,"San Francisco, CA",37.78007889,-122.42015839
108,2015-06-10 08:57:00,"San Francisco, CA",37.78007889,-122.42015839
109,2015-06-09 19:14:00,"San Francisco, CA",37.78007889,-122.42015839
110,2015-06-07 22:34:00,"San Francisco, CA",37.78007889,-122.42015839
111,2015-06-05 15:50:00,"San Francisco, CA",37.78007889,-122.42015839
112,2015-06-05 08:29:00,"San Francisco, CA",37.78007889,-122.42015839
113,2015-06-05 07:39:00,"San Francisco, CA",37.78007889,-122.42015839
114,2015-06-04 22:35:00,"San Francisco, CA",37.78007889,-122.42015839
115,2015-06-04 19:50:00,"San Francisco, CA",37.78007889,-122.42015839
116,2015-06-04 16:31:00,"San Francisco, CA",37.78007889,-122.42015839
117,2015-06-02 22:25:00,"San Francisco, CA",37.78007889,-122.42015839
118,2015-06-02 16:46:00,"Chicago, IL",41.8832283,-87.63240051
119,2015-06-02 09:56:00,"Lisle, IL",41.80125046,-88.07478333
120,2015-06-01 06:11:00,"California, USA",37.25466919,-119.61727905
121,2015-06-01 05:36:00,"California, USA",37.25466919,-119.61727905
122,2015-05-30 16:27:00,"San Francisco, CA",37.78007889,-122.42015839
123,2015-05-30 16:12:00,"San Francisco, CA",37.78007889,-122.42015839
124,2015-05-30 11:21:00,"San Francisco, CA",37.78007889,-122.42015839
125,2015-05-30 09:35:00,"San Francisco, CA",37.78007889,-122.42015839
126,2015-05-29 12:56:00,"San Francisco, CA",37.78007889,-122.42015839
127,2015-05-28 21:50:00,"San Francisco, CA",37.78007889,-122.42015839
128,2015-05-28 17:20:00,"San Francisco, CA",37.78007889,-122.42015839
129,2015-05-28 15:11:00,"San Francisco, CA",37.78007889,-122.42015839
130,2015-05-27 14:43:00,"San Francisco, CA",37.78007889,-122.42015839
131,2015-05-26 11:39:00,"San Francisco, CA",37.78007889,-122.42015839
132,2015-05-25 11:20:00,"San Francisco, CA",37.78007889,-122.42015839
133,2015-05-25 08:49:00,"San Francisco, CA",37.78007889,-122.42015839
134,2015-05-25 03:58:00,"San Francisco, CA",37.78007889,-122.42015839
135,2015-05-25 03:38:00,"San Francisco, CA",37.78007889,-122.42015839
136,2015-05-24 18:25:00,"San Francisco, CA",37.78007889,-122.42015839
137,2015-05-24 15:01:00,"California, USA",37.25466919,-119.61727905
138,2015-05-24 14:51:00,"California, USA",37.25466919,-119.61727905
139,2015-05-24 14:37:00,"California, USA",37.25466919,-119.61727905
140,2015-05-24 03:23:00,"Hillingdon, London",51.52663803,-0.44237199
141,2015-05-23 15:53:00,"London, England",51.50015259,-0.12623601
142,2015-05-21 14:05:00,"Culver City, CA",34.02249908,-118.39428711
143,2015-05-23 10:53:00,"London, England",51.50015259,-0.12623601
144,2015-05-23 06:27:00,"London, England",51.50015259,-0.12623601
145,2015-05-23 02:44:00,"Scarborough, England",54.28013611,-0.402401
146,2015-05-23 01:04:00,"Scarborough, England",54.28013611,-0.402401
147,2015-05-22 15:28:00,"Scarborough, England",54.28013611,-0.402401
148,2015-05-22 15:28:00,"Scarborough, England",54.28013611,-0.402401
149,2015-05-22 13:31:00,"Scarborough, England",54.28013611,-0.402401
150,2015-05-22 08:47:00,"Scarborough, England",54.28013611,-0.402401
151,2015-05-22 00:57:00,"York, England",53.9577446,-1.08225906
152,2015-05-22 00:23:00,"York, England",53.9577446,-1.08225906
153,2015-05-21 06:45:00,"York, England",53.9577446,-1.08225906
154,2015-05-21 05:59:00,"York, England",53.9577446,-1.08225906
155,2015-05-20 08:00:00,"York, England",53.9577446,-1.08225906
156,2015-05-20 02:12:00,"Sheffield, England",53.38305664,-1.46479499
157,2015-05-19 15:13:00,"Sheffield, England",53.38305664,-1.46479499
158,2015-05-19 11:54:00,"Sheffield, England",53.38305664,-1.46479499
159,2015-05-19 06:27:00,"Sheffield, England",53.38305664,-1.46479499
160,2015-05-19 04:30:00,"Sheffield, England",53.38305664,-1.46479499
161,2015-05-19 02:02:00,"Sheffield, England",53.38305664,-1.46479499
162,2015-05-19 00:39:00,"Sheffield, England",53.38305664,-1.46479499
163,2015-05-18 15:43:00,"Sheffield, England",53.38305664,-1.46479499
164,2015-05-18 15:37:00,"Sheffield, England",53.38305664,-1.46479499
165,2015-05-18 15:27:00,"Sheffield, England",53.38305664,-1.46479499
166,2015-05-18 12:14:00,"Sheffield, England",53.38305664,-1.46479499
167,2015-05-18 11:59:00,"Sheffield, England",53.38305664,-1.46479499
168,2015-05-18 06:09:00,"Manchester, England",53.48071289,-2.23437595
169,2015-05-18 05:22:00,"Manchester, England",53.48071289,-2.23437595
170,2015-05-18 05:22:00,"Manchester, England",53.48071289,-2.23437595
171,2015-05-18 03:25:00,"Manchester, England",53.48071289,-2.23437595
172,2015-05-17 13:26:00,"Manchester, England",53.48071289,-2.23437595
173,2015-05-17 11:49:00,"Manchester, England",53.48071289,-2.23437595
174,2015-05-17 03:35:00,"Manchester, England",53.48071289,-2.23437595
175,2015-05-17 01:48:00,"Manchester, England",53.48071289,-2.23437595
176,2015-05-16 14:42:00,"Stafford, England",52.80514145,-2.11634707
177,2015-05-16 08:20:00,"Hammersmith, London",51.49290848,-0.225794
178,2015-05-16 08:14:00,"Hammersmith, London",51.49290848,-0.225794
179,2015-05-16 06:47:00,"Hammersmith, London",51.49290848,-0.225794
180,2015-05-16 05:50:00,"Hammersmith, London",51.49290848,-0.225794
181,2015-05-16 02:00:00,"Salfords, England",51.20154572,-0.166484
182,2015-05-15 10:29:00,"Brighton, England",50.81952286,-0.13642
183,2015-05-15 08:58:00,"Brighton, England",50.81952286,-0.13642
184,2015-05-15 07:24:00,"Brighton, England",50.81952286,-0.13642
185,2015-05-14 12:24:00,"Brighton, England",50.81952286,-0.13642
186,2015-05-14 08:55:00,"London, England",51.50015259,-0.12623601
187,2015-05-14 07:28:00,"Camden Town, London",51.54133987,-0.14628001
188,2015-05-14 04:59:00,"Ealing, London",51.51335144,-0.304214
189,2015-05-14 04:01:00,"Hillingdon, London",51.52663803,-0.44237199
190,2015-05-13 17:09:00,"California, USA",37.25466919,-119.61727905
191,2015-05-13 16:05:00,"California, USA",37.25466919,-119.61727905
192,2015-05-13 06:55:00,"San Francisco, CA",37.78007889,-122.42015839
193,2015-05-12 14:25:00,"San Francisco, CA",37.78007889,-122.42015839
194,2015-05-10 22:19:00,"San Francisco, CA",37.78007889,-122.42015839
195,2015-05-09 16:16:00,"San Francisco, CA",37.78007889,-122.42015839
196,2015-05-09 13:32:00,"San Francisco, CA",37.78007889,-122.42015839
197,2015-05-08 20:56:00,"San Francisco, CA",37.78007889,-122.42015839
198,2015-05-07 12:35:00,"Paradise, NV",36.11553574,-115.15795135
199,2015-05-05 10:20:00,"Paradise, NV",36.11553574,-115.15795135
200,2015-05-04 21:08:00,"Paradise, NV",36.11553574,-115.15795135
201,2015-05-03 15:19:00,"San Francisco, CA",37.78007889,-122.42015839
202,2015-05-03 13:00:00,"San Francisco, CA",37.78007889,-122.42015839
203,2015-05-02 21:33:00,"San Francisco, CA",37.78007889,-122.42015839
204,2015-05-02 10:41:00,"San Francisco, CA",37.78007889,-122.42015839
205,2015-05-02 10:22:00,"San Francisco, CA",37.78007889,-122.42015839
206,2015-05-01 15:52:00,"San Francisco, CA",37.78007889,-122.42015839
207,2015-05-01 10:29:00,"San Francisco, CA",37.78007889,-122.42015839
208,2015-05-01 10:10:00,"San Francisco, CA",37.78007889,-122.42015839
209,2015-04-30 19:00:00,"San Francisco, CA",37.78007889,-122.42015839
210,2015-04-30 15:35:00,"San Francisco, CA",37.78007889,-122.42015839
211,2015-04-27 21:56:00,"San Francisco, CA",37.78007889,-122.42015839
212,2015-04-27 15:16:00,"San Francisco, CA",37.78007889,-122.42015839
213,2015-04-26 11:15:00,"San Francisco, CA",37.78007889,-122.42015839
214,2015-04-25 22:10:00,"San Francisco, CA",37.78007889,-122.42015839
215,2015-04-25 20:22:00,"Oakland, CA",37.80482864,-122.2724762
216,2015-04-25 19:36:00,"Oakland, CA",37.80482864,-122.2724762
217,2015-04-24 08:46:00,"San Francisco, CA",37.78007889,-122.42015839
218,2015-04-22 17:31:00,"Irvine, CA",33.68590927,-117.82472229
219,2015-04-21 21:04:00,"San Francisco, CA",37.78007889,-122.42015839
220,2015-04-20 16:21:00,"San Francisco, CA",37.78007889,-122.42015839
221,2015-04-18 19:23:00,"Seattle, WA",47.60322952,-122.33027649
222,2015-04-17 13:34:00,"Dallas, TX",32.77797699,-96.79621124
223,2015-04-16 21:41:00,"Grapevine, TX",32.9398613,-97.07836914
224,2015-04-16 15:25:00,"California, USA",37.25466919,-119.61727905
225,2015-04-15 19:09:00,"San Francisco, CA",37.78007889,-122.42015839
226,2015-04-14 13:06:00,"San Jose, CA",37.33479309,-121.88814545
227,2015-04-13 17:52:00,"San Francisco, CA",37.78007889,-122.42015839
228,2015-04-12 11:07:00,"San Francisco, CA",37.78007889,-122.42015839
229,2015-04-12 06:42:00,"San Francisco, CA",37.78007889,-122.42015839
230,2015-04-11 21:59:00,"Berkeley, CA",37.8690567,-122.27046204
231,2015-04-11 21:54:00,"Berkeley, CA",37.8690567,-122.27046204
232,2015-04-11 19:36:00,"Berkeley, CA",37.8690567,-122.27046204
233,2015-04-09 18:17:00,"San Diego, CA",32.71575928,-117.16381836
234,2015-04-09 11:02:00,"Scottsdale, AZ",33.49490738,-111.92606354
235,2015-04-07 21:06:00,"San Diego, CA",32.71575928,-117.16381836
236,2015-04-07 17:03:00,"California, USA",37.25466919,-119.61727905
237,2015-04-07 13:24:00,"Irvine, CA",33.68590927,-117.82472229
238,2015-04-07 12:58:00,"San Francisco, CA",37.78007889,-122.42015839
239,2015-04-07 07:53:00,"San Francisco, CA",37.78007889,-122.42015839
240,2015-04-04 19:56:00,"San Francisco, CA",37.78007889,-122.42015839
241,2015-04-03 12:06:00,"Santa Rosa, CA",38.43969727,-122.71564484
242,2015-04-02 08:27:00,"San Francisco, CA",37.78007889,-122.42015839
243,2015-04-01 18:59:00,"San Francisco, CA",37.78007889,-122.42015839
244,2015-03-30 08:27:00,"San Francisco, CA",37.78007889,-122.42015839
245,2015-03-29 16:34:00,"San Francisco, CA",37.78007889,-122.42015839
246,2015-03-29 16:20:00,"San Francisco, CA",37.78007889,-122.42015839
247,2015-03-28 21:03:00,"San Francisco, CA",37.78007889,-122.42015839
248,2015-03-26 19:23:00,"San Francisco, CA",37.78007889,-122.42015839
249,2015-03-24 11:19:00,"San Francisco, CA",37.78007889,-122.42015839
250,2015-03-23 18:42:00,"San Francisco, CA",37.78007889,-122.42015839
251,2015-03-22 11:21:00,"San Francisco, CA",37.78007889,-122.42015839
252,2015-03-21 20:02:00,"San Francisco, CA",37.78007889,-122.42015839
253,2015-03-21 12:44:00,"San Francisco, CA",37.78007889,-122.42015839
254,2015-03-20 08:03:00,"California, USA",37.25466919,-119.61727905
255,2015-03-20 06:12:00,"Los Angeles, CA",34.05223846,-118.24334717
256,2015-03-20 05:30:00,"Los Angeles, CA",34.05223846,-118.24334717
257,2015-03-19 15:02:00,"Los Angeles, CA",34.05223846,-118.24334717
258,2015-03-19 13:48:00,"Los Angeles, CA",34.05223846,-118.24334717
259,2015-03-18 20:38:00,"Los Angeles, CA",34.05223846,-118.24334717
260,2015-03-18 19:14:00,"Los Angeles, CA",34.05223846,-118.24334717
261,2015-03-18 18:05:00,"Los Angeles, CA",34.05223846,-118.24334717
262,2015-03-18 16:39:00,"Los Angeles, CA",34.05223846,-118.24334717
263,2015-03-17 14:50:00,"Orlando, FL",28.53833008,-81.37887573
264,2015-03-17 06:04:00,"California, USA",37.25466919,-119.61727905
265,2015-03-17 05:37:00,"California, USA",37.25466919,-119.61727905
266,2015-03-16 19:41:00,"San Francisco, CA",37.78007889,-122.42015839
267,2015-03-16 16:03:00,"San Francisco, CA",37.78007889,-122.42015839
268,2015-03-16 15:51:00,"San Francisco, CA",37.78007889,-122.42015839
269,2015-03-15 16:43:00,"Greenfield, CA",36.32980347,-121.2510376
270,2015-03-15 11:24:00,"Solvang, CA",34.5959816,-120.13795471
271,2015-03-14 21:16:00,"Solvang, CA",34.5959816,-120.13795471
272,2015-03-14 18:56:00,"Solvang, CA",34.5959816,-120.13795471
273,2015-03-14 14:47:00,"California, USA",37.25466919,-119.61727905
274,2015-03-14 13:07:00,"California, USA",37.25466919,-119.61727905
275,2015-03-14 12:35:00,"Solvang, CA",34.5959816,-120.13795471
276,2015-03-14 09:26:00,"Solvang, CA",34.5959816,-120.13795471
277,2015-03-14 08:48:00,"Solvang, CA",34.5959816,-120.13795471
278,2015-03-13 18:52:00,"California, USA",37.25466919,-119.61727905
279,2015-03-12 20:48:00,"San Francisco, CA",37.78007889,-122.42015839
280,2015-03-12 19:52:00,"San Francisco, CA",37.78007889,-122.42015839
281,2015-03-11 22:43:00,"San Francisco, CA",37.78007889,-122.42015839
282,2015-03-11 19:07:00,"San Francisco, CA",37.78007889,-122.42015839
283,2015-03-11 18:50:00,"San Francisco, CA",37.78007889,-122.42015839
284,2015-03-10 17:50:00,"San Francisco, CA",37.78007889,-122.42015839
285,2015-03-09 15:56:00,"San Francisco, CA",37.78007889,-122.42015839
286,2015-03-07 16:03:00,"San Francisco, CA",37.78007889,-122.42015839
287,2015-03-07 13:13:00,"San Francisco, CA",37.78007889,-122.42015839
288,2015-03-07 00:20:00,"San Francisco, CA",37.78007889,-122.42015839
289,2015-03-06 21:32:00,"San Francisco, CA",37.78007889,-122.42015839
290,2015-03-06 21:18:00,"San Francisco, CA",37.78007889,-122.42015839
291,2015-03-06 06:53:00,"San Francisco, CA",37.78007889,-122.42015839
292,2015-03-05 21:37:00,"San Francisco, CA",37.78007889,-122.42015839
293,2015-03-05 16:16:00,"Los Angeles, CA",34.05223846,-118.24334717
294,2015-03-05 07:18:00,"Rancho Palos Verdes, CA",33.74515915,-118.40239716
295,2015-03-05 04:26:00,"Rancho Palos Verdes, CA",33.74515915,-118.40239716
296,2015-03-04 16:30:00,"Rancho Palos Verdes, CA",33.74515915,-118.40239716
297,2015-03-02 20:23:00,"Rancho Palos Verdes, CA",33.74515915,-118.40239716
298,2015-03-02 15:07:00,"Los Angeles, CA",34.05223846,-118.24334717
299,2015-03-02 11:48:00,"California, USA",37.25466919,-119.61727905
300,2015-03-01 20:27:00,"San Francisco, CA",37.78007889,-122.42015839
301,2015-02-28 23:33:00,"San Francisco, CA",37.78007889,-122.42015839
302,2015-02-28 22:30:00,"San Francisco, CA",37.78007889,-122.42015839
303,2015-02-28 22:02:00,"San Francisco, CA",37.78007889,-122.42015839
304,2015-02-28 20:41:00,"San Francisco, CA",37.78007889,-122.42015839
305,2015-02-28 00:32:00,"San Francisco, CA",37.78007889,-122.42015839
306,2015-02-27 22:55:00,"San Francisco, CA",37.78007889,-122.42015839
307,2015-02-27 14:03:00,"San Francisco, CA",37.78007889,-122.42015839
308,2015-02-26 21:00:00,"San Francisco, CA",37.78007889,-122.42015839
309,2015-02-25 18:24:00,"San Francisco, CA",37.78007889,-122.42015839
310,2015-02-25 17:35:00,"San Francisco, CA",37.78007889,-122.42015839
311,2015-02-24 21:07:00,"San Francisco, CA",37.78007889,-122.42015839
312,2015-02-21 17:01:00,"San Francisco, CA",37.78007889,-122.42015839
313,2015-02-19 20:04:00,"Paradise, NV",36.11553574,-115.15795135
314,2015-02-17 07:01:00,"California, USA",37.25466919,-119.61727905
315,2015-02-13 17:22:00,"San Francisco, CA",37.78007889,-122.42015839
316,2015-02-12 11:48:00,"San Francisco, CA",37.78007889,-122.42015839
317,2015-02-11 19:48:00,"San Francisco, CA",37.78007889,-122.42015839
318,2015-02-09 22:10:00,"Oakland, CA",37.80482864,-122.2724762
319,2015-02-08 13:37:00,"San Francisco, CA",37.78007889,-122.42015839
320,2015-02-07 12:11:00,"Hayward, CA",37.67211151,-122.08396149
321,2015-01-31 23:06:00,"San Francisco, CA",37.78007889,-122.42015839
322,2015-01-22 21:27:00,"San Francisco, CA",37.78007889,-122.42015839
323,2015-01-19 15:19:00,"San Francisco, CA",37.78007889,-122.42015839
324,2015-01-16 23:08:00,"Paradise, NV",36.11553574,-115.15795135
325,2015-01-16 16:34:00,"Paradise, NV",36.11553574,-115.15795135
326,2015-01-10 17:46:00,"Petaluma, CA",38.23247528,-122.63684845
327,2015-01-05 19:33:00,"Chicago, IL",41.8832283,-87.63240051
328,2015-01-04 10:34:00,"San Francisco, CA",37.78007889,-122.42015839
329,2015-01-02 08:26:00,"San Francisco, CA",37.78007889,-122.42015839
330,2014-12-31 15:55:00,"Puerto Vallarta, Jalisco",20.65714645,-105.23897552
331,2014-12-29 08:38:00,"Puerto Vallarta, Jalisco",20.65714645,-105.23897552
332,2014-12-27 10:24:00,"San Francisco, CA",37.78007889,-122.42015839
333,2014-12-22 13:19:00,"San Francisco, CA",37.78007889,-122.42015839
334,2014-12-21 15:42:00,"Seattle, WA",47.60322952,-122.33027649
335,2014-12-21 11:40:00,"Seattle, WA",47.60322952,-122.33027649
336,2014-12-20 19:55:00,"Shoreline, WA",47.75598526,-122.33892822
337,2014-12-20 18:32:00,"Shoreline, WA",47.75598526,-122.33892822
338,2014-12-20 13:53:00,"Seattle, WA",47.60322952,-122.33027649
339,2014-12-20 13:45:00,"Seattle, WA",47.60322952,-122.33027649
340,2014-12-13 15:35:00,"California, USA",37.25466919,-119.61727905
341,2014-12-13 09:51:00,"California, USA",37.25466919,-119.61727905
342,2014-12-11 16:58:00,"San Francisco, CA",37.78007889,-122.42015839
343,2014-12-10 17:38:00,"San Francisco, CA",37.78007889,-122.42015839
344,2014-12-10 16:47:00,"San Francisco, CA",37.78007889,-122.42015839
345,2014-12-10 16:38:00,"San Francisco, CA",37.78007889,-122.42015839
346,2014-12-02 09:16:00,"San Francisco, CA",37.78007889,-122.42015839
347,2014-11-30 13:03:00,"Daly City, CA",37.69111252,-122.47222137
348,2014-11-29 13:51:00,"Berkeley, CA",37.8690567,-122.27046204
349,2014-11-28 08:42:00,"San Francisco, CA",37.78007889,-122.42015839
350,2014-11-26 15:00:00,"Arden-Arcade, CA",38.60528183,-121.3797226
351,2014-11-25 09:35:00,"San Francisco, CA",37.78007889,-122.42015839
352,2014-11-22 10:36:00,"San Francisco, CA",37.78007889,-122.42015839
353,2014-11-21 19:43:00,"San Francisco, CA",37.78007889,-122.42015839
354,2014-11-21 10:19:00,"San Francisco, CA",37.78007889,-122.42015839
355,2014-11-17 07:17:00,"San Francisco, CA",37.78007889,-122.42015839
356,2014-11-15 21:00:00,"San Francisco, CA",37.78007889,-122.42015839
357,2014-11-15 07:14:00,"San Francisco, CA",37.78007889,-122.42015839
358,2014-11-14 16:32:00,"San Francisco, CA",37.78007889,-122.42015839
359,2014-11-14 07:26:00,"San Francisco, CA",37.78007889,-122.42015839
360,2014-11-13 21:44:00,"San Francisco, CA",37.78007889,-122.42015839
361,2014-11-12 17:57:00,"San Francisco, CA",37.78007889,-122.42015839
362,2014-11-11 19:13:00,"California, USA",37.25466919,-119.61727905
363,2014-11-09 07:49:00,"Berkeley, CA",37.8690567,-122.27046204
364,2014-11-08 12:50:00,"San Francisco, CA",37.78007889,-122.42015839
365,2014-11-08 11:13:00,"San Francisco, CA",37.78007889,-122.42015839
366,2014-11-07 15:08:00,"San Francisco, CA",37.78007889,-122.42015839
367,2014-11-06 13:38:00,"Manhattan, NY",40.75325012,-74.00380707
368,2014-11-06 06:22:00,"Manhattan, NY",40.75325012,-74.00380707
369,2014-11-06 06:07:00,"Manhattan, NY",40.75325012,-74.00380707
370,2014-11-05 16:39:00,"Manhattan, NY",40.75325012,-74.00380707
371,2014-11-05 05:46:00,"Manhattan, NY",40.75325012,-74.00380707
372,2014-11-04 18:11:00,"Manhattan, NY",40.75325012,-74.00380707
373,2014-11-04 11:04:00,"Brooklyn, NY",40.69252777,-73.99099731
374,2014-11-04 10:47:00,"Brooklyn, NY",40.69252777,-73.99099731
375,2014-11-03 17:39:00,"Manhattan, NY",40.75325012,-74.00380707
376,2014-11-03 16:04:00,"Manhattan, NY",40.75325012,-74.00380707
377,2014-11-03 15:41:00,"Manhattan, NY",40.75325012,-74.00380707
378,2014-11-02 07:03:00,"California, USA",37.25466919,-119.61727905
379,2014-11-01 23:29:00,"San Francisco, CA",37.78007889,-122.42015839
380,2014-10-30 10:40:00,"Chicago, IL",41.8832283,-87.63240051
381,2014-10-28 15:02:00,"California, USA",37.25466919,-119.61727905
382,2014-10-28 05:05:00,"San Francisco, CA",37.78007889,-122.42015839
383,2014-10-24 10:31:00,"San Francisco, CA",37.78007889,-122.42015839
384,2014-10-21 17:11:00,"San Francisco, CA",37.78007889,-122.42015839
385,2014-10-21 16:33:00,"San Francisco, CA",37.78007889,-122.42015839
386,2014-10-21 16:29:00,"San Francisco, CA",37.78007889,-122.42015839
387,2014-10-20 17:59:00,"San Francisco, CA",37.78007889,-122.42015839
388,2014-10-18 22:15:00,"Washington, DC",38.89206314,-77.01991272
389,2014-10-18 08:43:00,"Washington, DC",38.89206314,-77.01991272
390,2014-10-17 13:54:00,"California, USA",37.25466919,-119.61727905
391,2014-10-13 19:45:00,"San Francisco, CA",37.78007889,-122.42015839
392,2014-10-10 18:22:00,"San Francisco, CA",37.78007889,-122.42015839
393,2014-10-05 17:38:00,"San Francisco, CA",37.78007889,-122.42015839
394,2014-10-05 15:58:00,"San Francisco, CA",37.78007889,-122.42015839
395,2014-10-05 13:00:00,"San Francisco, CA",37.78007889,-122.42015839
396,2014-10-05 09:47:00,"San Francisco, CA",37.78007889,-122.42015839
397,2014-10-03 15:02:00,"San Francisco, CA",37.78007889,-122.42015839
398,2014-10-02 06:41:00,"San Francisco, CA",37.78007889,-122.42015839
399,2014-10-02 04:06:00,"San Francisco, CA",37.78007889,-122.42015839
400,2014-10-01 16:13:00,"California, USA",37.25466919,-119.61727905
401,2014-10-01 16:03:00,"California, USA",37.25466919,-119.61727905
402,2014-10-01 15:55:00,"California, USA",37.25466919,-119.61727905
403,2014-10-01 05:21:00,"Hillingdon, London",51.52663803,-0.44237199
404,2014-10-01 03:52:00,"Hillingdon, London",51.52663803,-0.44237199
405,2014-10-01 03:10:00,"Hillingdon, London",51.52663803,-0.44237199
406,2014-10-01 03:03:00,"Hillingdon, London",51.52663803,-0.44237199
407,2014-09-30 07:47:00,"London, England",51.50015259,-0.12623601
408,2014-09-30 03:02:00,"Camden Town, London",51.54133987,-0.14628001
409,2014-09-29 13:53:00,"Islington, London",51.53483963,-0.103436
410,2014-09-29 11:46:00,"Islington, London",51.53483963,-0.103436
411,2014-09-29 07:29:00,"Paddington, London",51.51596832,-0.174968
412,2014-09-29 05:39:00,"London, England",51.50015259,-0.12623601
413,2014-09-29 05:25:00,"London, England",51.50015259,-0.12623601
414,2014-09-29 03:55:00,"Poplar, London",51.50878143,-0.010522
415,2014-09-29 03:31:00,"Poplar, London",51.50878143,-0.010522
416,2014-09-29 00:57:00,"Islington, London",51.53483963,-0.103436
417,2014-09-28 14:26:00,"Islington, London",51.53483963,-0.103436
418,2014-09-28 10:03:00,"Paddington, London",51.51596832,-0.174968
419,2014-09-28 08:00:00,"Islington, London",51.53483963,-0.103436
420,2014-09-27 11:59:00,"Manchester, England",53.48071289,-2.23437595
421,2014-09-27 08:51:00,"Manchester, England",53.48071289,-2.23437595
422,2014-09-27 04:16:00,"Manchester, England",53.48071289,-2.23437595
423,2014-09-27 03:33:00,"Manchester, England",53.48071289,-2.23437595
424,2014-09-27 03:22:00,"Manchester, England",53.48071289,-2.23437595
425,2014-09-27 02:10:00,"Manchester, England",53.48071289,-2.23437595
426,2014-09-26 12:36:00,"Manchester, England",53.48071289,-2.23437595
427,2014-09-26 09:25:00,"Manchester, England",53.48071289,-2.23437595
428,2014-09-26 03:46:00,"Camden Town, London",51.54133987,-0.14628001
429,2014-09-25 12:29:00,"Rome, Lazio",41.89055634,12.49426746
430,2014-09-24 23:49:00,"Rome, Lazio",41.89055634,12.49426746
431,2014-09-24 13:22:00,"Rome, Lazio",41.89055634,12.49426746
432,2014-09-24 04:45:00,"Rome, Lazio",41.89055634,12.49426746
433,2014-09-23 10:27:00,"Fiumicino, Lazio",41.77153015,12.23000145
434,2014-09-23 08:30:00,"Kloten, Zürich",47.45000076,8.58300018
