,time,poi,latitude,longitude
0,2015-12-06 06:06:00,"Berlin, Germany",52.52342987,13.41143608
1,2015-12-02 03:29:00,Denmark,56.03481293,9.31906033
2,2015-11-19 11:41:00,"Copenhagen, Capital Region of Denmark",55.67575836,12.56902313
3,2015-11-12 06:05:00,"Central Jutland, Denmark",56.24876785,9.38790703
4,2015-11-11 04:33:00,"Barcelona, Catalonia",41.38791656,2.16991901
5,2015-11-10 21:41:00,"Barcelona, Catalonia",41.38791656,2.16991901
6,2015-11-10 06:21:00,"Barcelona, Catalonia",41.38791656,2.16991901
7,2015-11-09 06:28:00,"Gothenburg, Sweden",57.69699478,11.98649979
8,2015-11-09 01:23:00,"Barcelona, Catalonia",41.38791656,2.16991901
9,2015-11-09 01:14:00,"Barcelona, Catalonia",41.38791656,2.16991901
10,2015-11-09 01:09:00,"Barcelona, Catalonia",41.38791656,2.16991901
11,2015-11-07 22:39:00,"Copenhagen, Capital Region of Denmark",55.67575836,12.56902313
12,2015-11-06 15:28:00,"Copenhagen, Capital Region of Denmark",55.67575836,12.56902313
13,2015-11-04 00:12:00,"Capital Region of Denmark, Denmark",55.87615585,12.31215572
14,2015-11-03 07:30:00,"Copenhagen, Capital Region of Denmark",55.67575836,12.56902313
15,2015-10-29 12:00:00,"Copenhagen, Capital Region of Denmark",55.67575836,12.56902313
16,2015-10-17 10:10:00,"Copenhagen, Capital Region of Denmark",55.67575836,12.56902313
17,2015-10-13 02:24:00,"Capital Region of Denmark, Denmark",55.87615585,12.31215572
18,2015-10-12 14:07:00,"Copenhagen, Capital Region of Denmark",55.67575836,12.56902313
19,2015-10-11 10:49:00,"Nyborg, Syddanmark",55.31038284,10.79169464
20,2015-10-11 01:24:00,"Copenhagen, Capital Region of Denmark",55.67575836,12.56902313
21,2015-10-01 02:16:00,"Viborg, Midtjylland",56.45312119,9.40201187
22,2015-09-28 04:11:00,"Tårnby, Hovedstaden",55.6309967,12.60020828
23,2015-09-20 23:25:00,"Copenhagen, Capital Region of Denmark",55.67575836,12.56902313
24,2015-09-07 21:00:00,"Copenhagen, Capital Region of Denmark",55.67575836,12.56902313
25,2015-09-02 13:31:00,"Copenhagen, Capital Region of Denmark",55.67575836,12.56902313
26,2015-08-16 14:36:00,"Copenhagen, Capital Region of Denmark",55.67575836,12.56902313
27,2015-07-15 00:47:00,"New York, USA",42.93923187,-75.62004852
28,2015-07-13 02:06:00,"New York, USA",42.93923187,-75.62004852
29,2015-06-28 19:19:00,"Queens, NY",40.75977707,-73.81729889
30,2015-06-21 20:16:00,"Manhattan, NY",40.75325012,-74.00380707
31,2015-05-29 21:23:00,"Manhattan, NY",40.75325012,-74.00380707
32,2015-05-21 10:19:00,"Manhattan, NY",40.75325012,-74.00380707
33,2015-04-30 19:31:00,"Manhattan, NY",40.75325012,-74.00380707
34,2015-04-28 06:06:00,"Manhattan, NY",40.75325012,-74.00380707
35,2015-04-08 10:12:00,Mexico,23.93359184,-102.50969696
36,2015-04-01 09:53:00,"Manhattan, NY",40.75325012,-74.00380707
37,2015-03-19 22:45:00,"Manhattan, NY",40.75325012,-74.00380707
38,2015-03-18 14:00:00,"Manhattan, NY",40.75325012,-74.00380707
39,2015-03-18 13:56:00,"Manhattan, NY",40.75325012,-74.00380707
40,2015-03-16 10:10:00,"Manhattan, NY",40.75325012,-74.00380707
41,2015-03-13 21:25:00,"Manhattan, NY",40.75325012,-74.00380707
42,2015-03-08 09:20:00,"Manhattan, NY",40.75325012,-74.00380707
43,2015-03-06 13:14:00,"Manhattan, NY",40.75325012,-74.00380707
44,2015-03-05 08:55:00,"Manhattan, NY",40.75325012,-74.00380707
45,2015-03-05 07:39:00,"Manhattan, NY",40.75325012,-74.00380707
46,2015-03-03 14:04:00,"Manhattan, NY",40.75325012,-74.00380707
47,2015-02-27 10:15:00,"Manhattan, NY",40.75325012,-74.00380707
48,2015-02-26 16:57:00,"Manhattan, NY",40.75325012,-74.00380707
49,2015-02-26 11:34:00,"Manhattan, NY",40.75325012,-74.00380707
50,2015-02-26 11:27:00,"Manhattan, NY",40.75325012,-74.00380707
51,2015-02-26 10:47:00,"Manhattan, NY",40.75325012,-74.00380707
52,2015-02-26 08:58:00,"Manhattan, NY",40.75325012,-74.00380707
53,2015-02-26 08:34:00,"Manhattan, NY",40.75325012,-74.00380707
54,2015-02-26 08:26:00,"Manhattan, NY",40.75325012,-74.00380707
55,2015-02-26 07:42:00,"Manhattan, NY",40.75325012,-74.00380707
56,2015-02-26 07:35:00,"Manhattan, NY",40.75325012,-74.00380707
57,2015-02-25 13:48:00,"Manhattan, NY",40.75325012,-74.00380707
58,2015-02-25 13:18:00,"Manhattan, NY",40.75325012,-74.00380707
59,2015-02-25 12:27:00,"Manhattan, NY",40.75325012,-74.00380707
60,2015-02-25 11:54:00,"Manhattan, NY",40.75325012,-74.00380707
61,2015-02-25 10:34:00,"Manhattan, NY",40.75325012,-74.00380707
62,2015-02-25 09:29:00,"Manhattan, NY",40.75325012,-74.00380707
63,2015-02-25 07:27:00,"Manhattan, NY",40.75325012,-74.00380707
64,2015-02-25 07:21:00,"Chelsea, Manhattan",40.74523544,-74.00596619
65,2015-02-25 07:11:00,"Manhattan, NY",40.75325012,-74.00380707
66,2015-02-24 13:22:00,"Manhattan, NY",40.75325012,-74.00380707
67,2015-02-24 13:21:00,"Manhattan, NY",40.75325012,-74.00380707
68,2015-02-24 12:37:00,"Manhattan, NY",40.75325012,-74.00380707
69,2015-02-24 12:28:00,"Manhattan, NY",40.75325012,-74.00380707
70,2015-02-24 11:24:00,"Manhattan, NY",40.75325012,-74.00380707
71,2015-02-24 10:36:00,"Manhattan, NY",40.75325012,-74.00380707
72,2015-02-24 09:35:00,"Manhattan, NY",40.75325012,-74.00380707
73,2015-02-24 09:14:00,"Manhattan, NY",40.75325012,-74.00380707
74,2015-02-24 09:10:00,"Manhattan, NY",40.75325012,-74.00380707
75,2015-02-24 08:58:00,"Manhattan, NY",40.75325012,-74.00380707
76,2015-02-24 06:55:00,"Manhattan, NY",40.75325012,-74.00380707
77,2015-02-24 06:51:00,"Manhattan, NY",40.75325012,-74.00380707
78,2015-02-23 17:34:00,"Manhattan, NY",40.75325012,-74.00380707
79,2015-02-18 09:05:00,"Manhattan, NY",40.75325012,-74.00380707
80,2015-02-15 17:06:00,"Manhattan, NY",40.75325012,-74.00380707
81,2015-02-13 07:12:00,"Manhattan, NY",40.75325012,-74.00380707
82,2015-02-04 08:14:00,"Manhattan, NY",40.75325012,-74.00380707
83,2015-02-03 11:22:00,"Manhattan, NY",40.75325012,-74.00380707
84,2015-02-03 11:12:00,"Manhattan, NY",40.75325012,-74.00380707
85,2015-02-02 18:55:00,"Manhattan, NY",40.75325012,-74.00380707
86,2015-02-02 18:50:00,"Manhattan, NY",40.75325012,-74.00380707
87,2015-02-02 09:09:00,"Times Square, Manhattan",40.7527904,-73.9930345
88,2015-01-28 09:12:00,"Manhattan, NY",40.75325012,-74.00380707
89,2015-01-28 07:59:00,"Manhattan, NY",40.75325012,-74.00380707
90,2015-01-27 10:28:00,"Manhattan, NY",40.75325012,-74.00380707
91,2015-01-27 10:17:00,"Manhattan, NY",40.75325012,-74.00380707
92,2015-01-26 09:27:00,"Manhattan, NY",40.75325012,-74.00380707
93,2015-01-26 08:33:00,"Manhattan, NY",40.75325012,-74.00380707
94,2015-01-22 10:05:00,"Manhattan, NY",40.75325012,-74.00380707
95,2015-01-20 08:02:00,"Manhattan, NY",40.75325012,-74.00380707
96,2015-01-19 10:06:00,"Manhattan, NY",40.75325012,-74.00380707
97,2015-01-16 18:21:00,"Manhattan, NY",40.75325012,-74.00380707
98,2015-01-16 13:01:00,"Manhattan, NY",40.75325012,-74.00380707
99,2014-12-23 06:08:00,"Frederikshavn, Nordjylland",57.44084549,10.53837204
100,2014-12-17 11:34:00,"Manhattan, NY",40.75325012,-74.00380707
101,2014-12-11 10:53:00,"Copenhagen, Capital Region of Denmark",55.67575836,12.56902313
102,2014-12-11 10:47:00,"Copenhagen, Capital Region of Denmark",55.67575836,12.56902313
103,2014-12-08 16:51:00,"Manhattan, NY",40.75325012,-74.00380707
104,2014-12-06 07:35:00,"Manhattan, NY",40.75325012,-74.00380707
105,2014-12-02 14:03:00,"Times Square, Manhattan",40.7527904,-73.9930345
106,2014-11-21 10:07:00,"Manhattan, NY",40.75325012,-74.00380707
107,2014-11-21 09:04:00,"Manhattan, NY",40.75325012,-74.00380707
108,2014-11-19 13:22:00,"Manhattan, NY",40.75325012,-74.00380707
109,2014-11-19 07:04:00,"Manhattan, NY",40.75325012,-74.00380707
110,2014-11-19 06:52:00,"Manhattan, NY",40.75325012,-74.00380707
111,2014-11-18 09:15:00,"Manhattan, NY",40.75325012,-74.00380707
112,2014-11-15 01:59:00,"Copenhagen, Capital Region of Denmark",55.67575836,12.56902313
113,2014-11-14 08:16:00,"Copenhagen, Capital Region of Denmark",55.67575836,12.56902313
114,2014-11-14 05:15:00,"Copenhagen, Capital Region of Denmark",55.67575836,12.56902313
115,2014-11-14 04:32:00,"Copenhagen, Capital Region of Denmark",55.67575836,12.56902313
116,2014-11-14 01:51:00,"Copenhagen, Capital Region of Denmark",55.67575836,12.56902313
117,2014-11-14 01:46:00,"Copenhagen, Capital Region of Denmark",55.67575836,12.56902313
118,2014-11-11 08:51:00,"Manhattan, NY",40.75325012,-74.00380707
119,2014-11-07 08:58:00,"Manhattan, NY",40.75325012,-74.00380707
120,2014-11-06 15:43:00,"Manhattan, NY",40.75325012,-74.00380707
121,2014-11-01 20:56:00,"New Orleans, LA",29.95176315,-90.07461548
122,2014-11-01 13:43:00,"New Orleans, LA",29.95176315,-90.07461548
123,2014-10-31 09:45:00,"Hebron, KY",39.0660553,-84.70092773
124,2014-10-29 06:58:00,"Manhattan, NY",40.75325012,-74.00380707
125,2014-10-28 18:35:00,"Manhattan, NY",40.75325012,-74.00380707
126,2014-10-24 06:13:00,"Manhattan, NY",40.75325012,-74.00380707
127,2014-10-22 18:39:00,"Manhattan, NY",40.75325012,-74.00380707
128,2014-10-14 19:45:00,"Manhattan, NY",40.75325012,-74.00380707
129,2014-10-10 05:55:00,"Manhattan, NY",40.75325012,-74.00380707
130,2014-10-09 19:40:00,"Manhattan, NY",40.75325012,-74.00380707
131,2014-10-06 09:30:00,"Manhattan, NY",40.75325012,-74.00380707
132,2014-09-24 10:45:00,"Manhattan, NY",40.75325012,-74.00380707
133,2014-09-22 11:21:00,"New York, NY",40.71304703,-74.00723267
134,2014-09-22 10:55:00,"Copenhagen, Capital Region of Denmark",55.67575836,12.56902313
135,2014-09-22 10:44:00,"Copenhagen, Capital Region of Denmark",55.67575836,12.56902313
136,2014-09-22 10:26:00,"Copenhagen, Capital Region of Denmark",55.67575836,12.56902313
137,2014-09-18 00:14:00,"Copenhagen, Capital Region of Denmark",55.67575836,12.56902313
138,2014-09-18 00:53:00,"Copenhagen, Capital Region of Denmark",55.67575836,12.56902313
139,2014-09-15 07:39:00,"New York, NY",40.71304703,-74.00723267
140,2014-09-13 15:37:00,"New York, NY",40.71304703,-74.00723267
141,2014-09-09 10:49:00,"New York, NY",40.71304703,-74.00723267
142,2014-09-09 10:23:00,"New York, NY",40.71304703,-74.00723267
143,2014-09-05 14:15:00,"Queens, NY",40.75977707,-73.81729889
144,2014-09-05 13:14:00,"Queens, NY",40.75977707,-73.81729889
145,2014-09-03 08:37:00,"San Francisco, CA",37.78007889,-122.42015839
146,2014-09-02 19:53:00,"Queens, NY",40.75977707,-73.81729889
147,2014-09-02 19:43:00,"Queens, NY",40.75977707,-73.81729889
148,2014-08-27 07:57:00,"Manhattan, NY",40.75325012,-74.00380707
149,2014-08-27 07:35:00,"San Diego, CA",32.71575928,-117.16381836
150,2014-08-22 10:29:00,Barbados,13.150033,-59.52503204
151,2014-08-20 07:37:00,Barbados,13.150033,-59.52503204
152,2014-08-19 07:44:00,Barbados,13.150033,-59.52503204
153,2014-08-16 09:14:00,"San Diego, CA",32.71575928,-117.16381836
154,2014-08-07 09:43:00,"New York, NY",40.71304703,-74.00723267
155,2014-08-05 13:35:00,"Yucca Valley, CA",34.1206398,-116.44117737
156,2014-07-21 18:09:00,"California, USA",37.25466919,-119.61727905
157,2014-07-18 09:56:00,"San Francisco, CA",37.78007889,-122.42015839
158,2014-07-08 16:35:00,"New York, NY",40.71304703,-74.00723267
159,2014-06-11 15:34:00,"New York, NY",40.71304703,-74.00723267
160,2014-05-29 14:55:00,"New York, NY",40.71304703,-74.00723267
161,2014-05-27 15:07:00,"New York, NY",40.71304703,-74.00723267
162,2014-05-22 09:53:00,"Copenhagen, Capital Region of Denmark",55.67575836,12.56902313
163,2014-05-14 09:30:00,"New York, NY",40.71304703,-74.00723267
164,2014-05-11 15:55:00,"New York, NY",40.71304703,-74.00723267
165,2014-04-28 17:31:00,"New York, NY",40.71304703,-74.00723267
166,2014-04-22 18:31:00,"New York, NY",40.71304703,-74.00723267
167,2014-04-15 11:03:00,"New York, NY",40.71304703,-74.00723267
168,2014-04-13 11:34:00,"New York, NY",40.71304703,-74.00723267
169,2014-04-05 12:53:00,"New York, NY",40.71304703,-74.00723267
170,2014-04-05 10:14:00,"New York, NY",40.71304703,-74.00723267
171,2014-03-08 11:11:00,"Manhattan, NY",40.75325012,-74.00380707
172,2014-03-07 01:46:00,"Tårnby, Hovedstaden",55.6309967,12.60020828
173,2014-03-01 03:27:00,"Naut Aran, Catalunya",42.70692825,0.90232199
174,2014-02-22 07:53:00,"Naut Aran, Catalunya",42.70692825,0.90232199
175,2014-02-21 03:23:00,"Naut Aran, Catalunya",42.70692825,0.90232199
176,2014-02-16 11:23:00,"Manhattan, NY",40.75325012,-74.00380707
177,2014-02-13 06:18:00,"Manhattan, NY",40.75325012,-74.00380707
178,2014-01-30 15:33:00,"Manhattan, NY",40.75325012,-74.00380707
179,2014-01-30 15:28:00,"Manhattan, NY",40.75325012,-74.00380707
180,2014-01-25 12:30:00,"Manhattan, NY",40.75325012,-74.00380707
181,2014-01-24 12:44:00,"Manhattan, NY",40.75325012,-74.00380707
182,2014-01-24 09:07:00,"Manhattan, NY",40.75325012,-74.00380707
183,2014-01-17 05:10:00,"Manhattan, NY",40.75325012,-74.00380707
184,2014-01-14 15:00:00,"Manhattan, NY",40.75325012,-74.00380707
185,2014-01-14 13:03:00,"Manhattan, NY",40.75325012,-74.00380707
186,2014-01-03 09:18:00,"Manhattan, NY",40.75325012,-74.00380707
187,2013-12-21 07:03:00,"Clifton, NJ",40.86541748,-74.16099548
188,2013-12-15 09:57:00,"Manhattan, NY",40.75325012,-74.00380707
189,2013-12-13 11:26:00,"Manhattan, NY",40.75325012,-74.00380707
190,2013-12-09 07:46:00,"Manhattan, NY",40.75325012,-74.00380707
191,2013-11-27 17:44:00,"Manhattan, NY",40.75325012,-74.00380707
192,2013-11-27 17:23:00,"Manhattan, NY",40.75325012,-74.00380707
193,2013-11-20 05:18:00,"Manhattan, NY",40.75325012,-74.00380707
194,2013-11-17 09:06:00,"Alamo Square, San Francisco",37.77613831,-122.43421173
195,2013-11-07 04:20:00,"Copenhagen, Capital Region of Denmark",55.67575836,12.56902313
196,2013-11-06 04:46:00,"Copenhagen, Capital Region of Denmark",55.67575836,12.56902313
197,2013-10-31 06:30:00,"Aarhus, Central Jutland",56.16308212,10.15676785
198,2013-10-10 15:11:00,"Manhattan, NY",40.75325012,-74.00380707
199,2013-10-04 10:10:00,"Manhattan, NY",40.75325012,-74.00380707
200,2013-09-20 21:00:00,"Manhattan, NY",40.75325012,-74.00380707
201,2013-09-19 11:20:00,"Manhattan, NY",40.75325012,-74.00380707
202,2013-09-13 20:50:00,"Manhattan, NY",40.75325012,-74.00380707
203,2013-09-11 11:05:00,"Manhattan, NY",40.75325012,-74.00380707
204,2013-09-08 14:17:00,"Queens, NY",40.75977707,-73.81729889
205,2013-09-04 09:40:00,"Manhattan, NY",40.75325012,-74.00380707
206,2013-08-26 17:06:00,"Manhattan, NY",40.75325012,-74.00380707
207,2013-08-25 15:30:00,"Manhattan, NY",40.75325012,-74.00380707
208,2013-08-25 07:45:00,"Manhattan, NY",40.75325012,-74.00380707
209,2013-08-23 20:15:00,"Manhattan, NY",40.75325012,-74.00380707
210,2013-08-23 11:57:00,"Manhattan, NY",40.75325012,-74.00380707
211,2013-08-22 11:36:00,"Manhattan, NY",40.75325012,-74.00380707
212,2013-08-19 15:13:00,"Atherton, CA",37.46131897,-122.19843292
213,2013-08-18 13:16:00,"California, USA",37.25466919,-119.61727905
214,2013-08-16 11:43:00,"Manhattan, NY",40.75325012,-74.00380707
215,2013-08-10 17:36:00,Northside Piers Sales Office,39.16797638,-84.54184723
216,2013-08-08 07:52:00,Compton Garden Maintenance,33.89833832,-118.2207489
217,2013-08-02 04:14:00,"Manhattan, NY",40.75325012,-74.00380707
218,2013-07-24 12:09:00,"Manhattan, NY",40.75325012,-74.00380707
219,2013-07-21 06:06:00,"New York, USA",42.93923187,-75.62004852
220,2013-07-15 13:25:00,"New York, NY",40.71304703,-74.00723267
221,2013-06-19 03:36:00,"Cannes, Provence-Alpes-Côte d'Azur",43.55130005,7.01280022
222,2013-06-19 00:14:00,"Cannes, Provence-Alpes-Côte d'Azur",43.55130005,7.01280022
223,2013-06-18 05:00:00,"Cannes, Provence-Alpes-Côte d'Azur",43.55130005,7.01280022
224,2013-06-17 22:56:00,"Tårnby, Hovedstaden",55.6309967,12.60020828
225,2013-06-13 09:50:00,"Copenhagen, Capital Region of Denmark",55.67575836,12.56902313
226,2013-06-13 06:32:00,"Copenhagen, Capital Region of Denmark",55.67575836,12.56902313
227,2013-06-09 13:20:00,DR Byen,55.65805435,12.59055519
228,2013-06-07 05:19:00,"Copenhagen, Capital Region of Denmark",55.67575836,12.56902313
229,2013-06-03 11:32:00,"Copenhagen, Capital Region of Denmark",55.67575836,12.56902313
230,2013-05-26 11:54:00,"Copenhagen, Capital Region of Denmark",55.67575836,12.56902313
231,2013-05-24 07:01:00,"Egedal, Hovedstaden",55.78377914,12.1741209
232,2013-05-23 06:28:00,"Frederiksberg, Hovedstaden",55.6780014,12.53536797
233,2013-05-21 11:04:00,"Kolding, Syddanmark",55.49074936,9.4721117
234,2013-05-16 11:49:00,"Copenhagen, Capital Region of Denmark",55.67575836,12.56902313
235,2013-05-08 09:24:00,"Copenhagen, Capital Region of Denmark",55.67575836,12.56902313
236,2013-05-07 00:16:00,"Copenhagen, Capital Region of Denmark",55.67575836,12.56902313
237,2013-04-29 11:50:00,"Copenhagen, Capital Region of Denmark",55.67575836,12.56902313
238,2013-04-27 08:37:00,"Copenhagen, Capital Region of Denmark",55.67575836,12.56902313
239,2013-04-17 07:04:00,"Copenhagen, Capital Region of Denmark",55.67575836,12.56902313
240,2013-04-05 11:04:00,"Frederikshavn, Nordjylland",57.44084549,10.53837204
241,2013-03-20 07:45:00,"Copenhagen, Capital Region of Denmark",55.67575836,12.56902313
242,2013-03-10 04:58:00,"Holstebro, Midtjylland",56.35991287,8.61538887
243,2013-03-04 12:35:00,"Holstebro, Midtjylland",56.35991287,8.61538887
244,2013-03-02 02:08:00,"Naut Aran, Catalunya",42.70692825,0.90232199
245,2013-03-02 00:07:00,"Naut Aran, Catalunya",42.70692825,0.90232199
246,2013-02-23 13:17:00,"Copenhagen, Capital Region of Denmark",55.67575836,12.56902313
247,2013-02-23 02:43:00,"Copenhagen, Capital Region of Denmark",55.67575836,12.56902313
248,2013-02-22 04:58:00,DR Byen,55.65805435,12.59055519
249,2013-02-21 01:41:00,"Copenhagen, Capital Region of Denmark",55.67575836,12.56902313
250,2013-02-19 03:01:00,"Gentofte, Hovedstaden",55.74759674,12.54108143
251,2013-02-12 08:01:00,DR Byen,55.65805435,12.59055519
252,2013-02-08 06:02:00,"Copenhagen, Capital Region of Denmark",55.67575836,12.56902313
253,2013-02-03 09:51:00,"Frederiksberg, Hovedstaden",55.6780014,12.53536797
254,2013-01-31 09:26:00,"Copenhagen, Capital Region of Denmark",55.67575836,12.56902313
255,2013-01-24 23:49:00,"Gladsaxe, Hovedstaden",55.74465561,12.47196674
256,2013-01-18 02:12:00,"Copenhagen, Capital Region of Denmark",55.67575836,12.56902313
257,2013-01-17 23:15:00,"Copenhagen, Capital Region of Denmark",55.67575836,12.56902313
258,2013-01-15 13:38:00,"Copenhagen, Capital Region of Denmark",55.67575836,12.56902313
259,2013-01-08 08:16:00,"Copenhagen, Capital Region of Denmark",55.67575836,12.56902313
260,2012-12-07 11:39:00,"Copenhagen, Capital Region of Denmark",55.67575836,12.56902313
261,2012-12-05 00:03:00,"Wattens, Österreich",47.2916832,11.5928421
262,2012-12-04 08:49:00,"Innsbruck, Österreich",47.2626915,11.39470387
263,2012-12-02 03:13:00,"Copenhagen, Capital Region of Denmark",55.67575836,12.56902313
264,2012-11-20 04:39:00,"Copenhagen, Capital Region of Denmark",55.67575836,12.56902313
265,2012-11-19 07:30:00,"Gentofte, Hovedstaden",55.74759674,12.54108143
266,2012-11-18 10:17:00,Nokia Danmark,56.03481293,9.31906033
267,2012-11-14 09:10:00,"Copenhagen, Capital Region of Denmark",55.67575836,12.56902313
268,2012-11-13 01:53:00,"Copenhagen, Capital Region of Denmark",55.67575836,12.56902313
269,2012-11-12 02:02:00,"Odense, Syddanmark",55.39622498,10.39059544
270,2012-11-10 06:22:00,"Copenhagen, Capital Region of Denmark",55.67575836,12.56902313
271,2012-11-08 07:30:00,"Svendborg, Syddanmark",55.05975342,10.60686779
272,2012-11-07 10:56:00,"Nyborg, Syddanmark",55.31038284,10.79169464
273,2012-11-04 03:14:00,"Lyngby-Taarbæk, Hovedstaden",55.76959991,12.50233364
274,2012-10-26 01:42:00,"Copenhagen, Capital Region of Denmark",55.67575836,12.56902313
275,2012-10-08 05:58:00,"Copenhagen, Capital Region of Denmark",55.67575836,12.56902313
276,2012-09-21 01:04:00,"Copenhagen, Capital Region of Denmark",55.67575836,12.56902313
277,2012-09-18 07:49:00,DR Byen,55.65805435,12.59055519
278,2012-09-17 23:58:00,"Copenhagen, Capital Region of Denmark",55.67575836,12.56902313
279,2012-08-29 09:40:00,"Copenhagen, Capital Region of Denmark",55.67575836,12.56902313
280,2012-08-24 02:47:00,"Copenhagen, Capital Region of Denmark",55.67575836,12.56902313
281,2012-08-23 08:13:00,"Copenhagen, Capital Region of Denmark",55.67575836,12.56902313
282,2012-08-23 07:25:00,"Copenhagen, Capital Region of Denmark",55.67575836,12.56902313
283,2012-08-22 01:13:00,"Malmö, Sweden",55.60331345,13.0013113
284,2012-08-17 15:31:00,"Copenhagen, Capital Region of Denmark",55.67575836,12.56902313
285,2012-08-16 23:12:00,"Copenhagen, Capital Region of Denmark",55.67575836,12.56902313
286,2012-08-16 10:37:00,"Copenhagen, Capital Region of Denmark",55.67575836,12.56902313
287,2012-08-02 09:53:00,"Frederikshavn, Nordjylland",57.44084549,10.53837204
288,2012-07-31 06:32:00,Skagens Museum,57.72447968,10.59726906
289,2012-07-11 09:41:00,"Frederikshavn, Nordjylland",57.44084549,10.53837204
290,2012-07-08 06:33:00,"Roskilde, Sjælland",55.64148712,12.08041763
291,2012-07-07 11:55:00,"Roskilde, Sjælland",55.64148712,12.08041763
292,2012-07-07 04:51:00,"Roskilde, Sjælland",55.64148712,12.08041763
293,2012-07-05 07:40:00,"Roskilde, Sjælland",55.64148712,12.08041763
294,2012-07-04 13:02:00,"Roskilde, Sjælland",55.64148712,12.08041763
295,2012-07-04 09:31:00,"Roskilde, Sjælland",55.64148712,12.08041763
296,2012-07-04 06:20:00,"Copenhagen, Capital Region of Denmark",55.67575836,12.56902313
297,2012-07-04 02:09:00,"Roskilde, Sjælland",55.64148712,12.08041763
298,2012-07-03 16:25:00,"Roskilde, Sjælland",55.64148712,12.08041763
299,2012-07-03 14:35:00,"Roskilde, Sjælland",55.64148712,12.08041763
300,2012-07-03 12:19:00,"Roskilde, Sjælland",55.64148712,12.08041763
301,2012-07-03 11:25:00,"Roskilde, Sjælland",55.64148712,12.08041763
302,2012-07-01 11:51:00,"Roskilde, Sjælland",55.64148712,12.08041763
303,2012-07-01 11:30:00,"Roskilde, Sjælland",55.64148712,12.08041763
304,2012-07-01 10:19:00,"Roskilde, Sjælland",55.64148712,12.08041763
305,2012-06-30 11:37:00,"Copenhagen, Capital Region of Denmark",55.67575836,12.56902313
306,2012-06-23 04:19:00,"Copenhagen, Capital Region of Denmark",55.67575836,12.56902313
307,2012-06-21 03:23:00,"Roskilde, Sjælland",55.64148712,12.08041763
308,2012-06-16 04:42:00,"Frederikshavn, Nordjylland",57.44084549,10.53837204
309,2012-06-08 04:20:00,"Copenhagen, Capital Region of Denmark",55.67575836,12.56902313
310,2012-05-23 12:31:00,"Copenhagen, Capital Region of Denmark",55.67575836,12.56902313
311,2012-05-11 06:14:00,"Copenhagen, Capital Region of Denmark",55.67575836,12.56902313
312,2012-05-10 05:30:00,"Copenhagen, Capital Region of Denmark",55.67575836,12.56902313
313,2012-05-08 13:25:00,International Terminal,-33.93497467,151.1658783
314,2012-05-07 12:13:00,"SoMa, San Francisco",37.77597046,-122.39800262
315,2012-05-07 11:18:00,"South Beach, San Francisco",37.78691101,-122.38880157
316,2012-05-07 09:38:00,Boulange,49.38225937,5.94989586
317,2012-05-05 15:17:00,"Cloverdale-Geyserville, CA",38.69490388,-122.89287949
318,2012-05-05 13:20:00,"California, USA",37.25466919,-119.61727905
319,2012-05-04 15:29:00,"Potrero, San Francisco",37.75942993,-122.40140533
320,2012-05-04 12:27:00,"Cupertino, CA",37.31931305,-122.02926636
321,2012-05-03 13:21:00,Gordon Biersch,42.589077,-70.82328796
322,2012-05-03 10:25:00,"Woodside, CA",37.43177414,-122.25582123
323,2012-05-02 11:59:00,"Mountain View, CA",37.3900795,-122.08139038
324,2012-04-30 21:32:00,"Tårnby, Hovedstaden",55.6309967,12.60020828
325,2012-04-29 04:20:00,"Copenhagen, Capital Region of Denmark",55.67575836,12.56902313
