,time,poi,latitude,longitude
0,2015-10-02 07:05:00,"St Petersburg, FL",27.77206993,-82.63848877
1,2015-09-29 17:27:00,"Tampa, FL",27.94742393,-82.45877838
2,2015-09-06 11:35:00,"Florida, USA",28.59551239,-82.48734283
3,2015-05-26 17:22:00,"Florida, USA",28.59551239,-82.48734283
4,2015-05-23 09:34:00,"St Petersburg, FL",27.77206993,-82.63848877
5,2015-05-22 11:59:00,"Ocoee, FL",28.56951904,-81.54410553
6,2014-10-08 10:09:00,"Egypt Lake-Leto, FL",28.01649475,-82.50575256
7,2014-10-05 07:56:00,"Tampa, FL",27.94742393,-82.45877838
8,2014-10-02 10:23:00,"Egypt Lake-Leto, FL",28.01649475,-82.50575256
9,2014-10-01 10:44:00,"Egypt Lake-Leto, FL",28.01649475,-82.50575256
10,2014-09-27 19:01:00,"Town 'n' Country, FL",27.99683571,-82.58346558
11,2014-09-27 09:53:00,"Tampa, FL",27.94742393,-82.45877838
12,2014-09-19 15:51:00,"St Petersburg, FL",27.77206993,-82.63848877
13,2014-09-13 21:20:00,"St Petersburg, FL",27.77206993,-82.63848877
14,2014-09-13 16:21:00,"St Petersburg, FL",27.77206993,-82.63848877
15,2014-09-12 14:42:00,"Carrollwood, FL",28.06751633,-82.52092743
16,2014-08-28 10:37:00,"Egypt Lake-Leto, FL",28.01649475,-82.50575256
17,2014-08-04 13:45:00,"New Orleans, LA",29.95176315,-90.07461548
18,2014-08-04 12:00:00,"New Orleans, LA",29.95176315,-90.07461548
19,2014-08-04 10:10:00,"New Orleans, LA",29.95176315,-90.07461548
20,2014-08-03 12:40:00,"New Orleans, LA",29.95176315,-90.07461548
21,2014-08-03 10:37:00,"New Orleans, LA",29.95176315,-90.07461548
22,2014-08-03 00:02:00,"New Orleans, LA",29.95176315,-90.07461548
23,2014-08-02 22:38:00,"New Orleans, LA",29.95176315,-90.07461548
24,2014-08-02 19:21:00,"New Orleans, LA",29.95176315,-90.07461548
25,2014-08-02 14:42:00,"New Orleans, LA",29.95176315,-90.07461548
26,2014-08-02 13:09:00,"New Orleans, LA",29.95176315,-90.07461548
27,2014-08-01 16:04:00,"New Orleans, LA",29.95176315,-90.07461548
28,2014-08-01 15:43:00,"New Orleans, LA",29.95176315,-90.07461548
29,2014-08-01 12:04:00,"New Orleans, LA",29.95176315,-90.07461548
30,2014-08-01 08:45:00,"New Orleans, LA",29.95176315,-90.07461548
31,2014-08-01 07:56:00,"New Orleans, LA",29.95176315,-90.07461548
32,2014-08-01 07:55:00,"New Orleans, LA",29.95176315,-90.07461548
33,2014-08-01 01:30:00,"Florida, USA",28.59551239,-82.48734283
34,2014-07-16 16:15:00,"East Lake-Orient Park, FL",27.98229027,-82.37754822
35,2014-07-16 16:15:00,"East Lake-Orient Park, FL",27.98229027,-82.37754822
36,2014-07-13 10:53:00,"Tampa, FL",27.94742393,-82.45877838
37,2014-06-28 08:32:00,"Town 'n' Country, FL",27.99683571,-82.58346558
38,2014-06-24 11:00:00,"Tampa, FL",27.94742393,-82.45877838
39,2014-05-17 14:30:00,"St Petersburg, FL",27.77206993,-82.63848877
40,2014-02-07 11:32:00,"Bremerhaven, Free Hanseatic City of Bremen",53.53878784,8.58337975
41,2014-02-07 11:06:00,"Bremerhaven, Free Hanseatic City of Bremen",53.53878784,8.58337975
42,2013-12-05 08:20:00,"Tampa, FL",27.94742393,-82.45877838
43,2013-11-02 09:35:00,"Town 'n' Country, FL",27.99683571,-82.58346558
44,2013-10-24 16:30:00,"Citrus Park, FL",28.07753181,-82.57427979
45,2013-09-27 06:46:00,"Greater Carrollwood, FL",28.06751633,-82.52092743
46,2013-09-20 03:36:00,"Tampa, FL",27.94742393,-82.45877838
47,2013-09-17 15:04:00,"Greater Carrollwood, FL",28.06751633,-82.52092743
48,2013-09-14 20:53:00,"Tampa, FL",27.94742393,-82.45877838
49,2013-09-14 19:30:00,"Tampa, FL",27.94742393,-82.45877838
50,2013-09-14 16:51:00,"Tampa, FL",27.94742393,-82.45877838
51,2013-09-14 14:13:00,"Tampa, FL",27.94742393,-82.45877838
52,2013-08-03 13:49:00,"Greater Carrollwood, FL",28.06751633,-82.52092743
53,2013-07-19 18:50:00,Taps Beer & Wine,59.26463699,25.9584198
54,2013-06-29 15:13:00,Cuban Civic Club,40.08006287,-74.71672058
55,2013-06-21 20:15:00,Four Green Fields,51.03832266,0.54541361
56,2013-06-15 10:48:00,"Tampa, FL",27.94742393,-82.45877838
57,2013-06-08 16:55:00,"Greater Carrollwood, FL",28.06751633,-82.52092743
58,2013-06-08 14:35:00,Cafe' Alfresco,15.26089954,12.55850029
59,2013-05-19 15:29:00,"St. Petersburg, FL",27.77206993,-82.63848877
60,2013-04-27 12:09:00,Southern Hospitality,34.0,-117.0
61,2013-04-27 11:30:00,Whistle Stop Gourmet Coffee,35.47732925,-86.08087158
62,2013-04-02 11:05:00,"St. Petersburg, FL",27.77206993,-82.63848877
63,2013-04-02 10:05:00,Moon Under Water,42.30253983,-70.99752045
64,2013-03-17 08:25:00,Bay Area Renaissance,37.75,-122.28299713
65,2013-03-15 15:19:00,Dubliner North,50.7538785,7.07823075
66,2013-03-05 16:20:00,"Tampa, FL",27.94742393,-82.45877838
67,2013-02-20 15:26:00,Starbucks,39.01421308,-119.74556321
68,2013-02-16 18:32:00,"Tampa, FL",27.94742393,-82.45877838
69,2013-02-16 14:30:00,Ciro's,39.38339233,17.06257057
70,2013-02-16 07:34:00,"Town 'n' Country, FL",27.99683571,-82.58346558
71,2013-02-15 18:33:00,"Tampa, FL",27.94742393,-82.45877838
72,2013-02-15 18:33:00,"Tampa, FL",27.94742393,-82.45877838
73,2013-02-09 05:59:00,Starbucks,39.01421308,-119.74556321
74,2013-02-08 17:17:00,State Theatre Concerts,-33.87091446,151.20751953
75,2013-02-04 18:00:00,"Tampa, FL",27.94742393,-82.45877838
76,2013-02-03 09:36:00,Centro Ybor,27.97365761,-82.44817352
77,2013-02-03 09:33:00,La Crepena Cafe,34.05223846,-118.24334717
78,2013-02-02 20:35:00,Village Inn,29.73466995,-98.11712929
79,2013-02-02 18:36:00,"Dunedin, FL",28.02638626,-82.77163696
80,2013-02-02 18:29:00,Dunedin Brewery,-45.8744,170.505
81,2013-02-02 18:08:00,"Dunedin, FL",28.02638626,-82.77163696
82,2013-02-02 18:00:00,"Dunedin, FL",28.02638626,-82.77163696
83,2013-02-02 17:33:00,The Chic-A-Boom Room,18.79435,98.97855
84,2013-02-02 16:07:00,Blur Nightclub & Showbar,39.45935822,46.31047058
85,2013-01-31 19:31:00,"Tampa, FL",27.94742393,-82.45877838
86,2013-01-27 15:13:00,Skippers Smokehouse,30.04729652,-84.3633728
87,2013-01-22 14:28:00,"Tampa, FL",27.94742393,-82.45877838
88,2013-01-14 17:39:00,"Tampa, FL",27.94742393,-82.45877838
89,2013-01-11 18:25:00,World of Beer,50.69817734,-3.09264302
90,2013-01-11 16:16:00,"Tampa, FL",27.94742393,-82.45877838
91,2013-01-06 12:22:00,Louis Pappas Market Cafe,60.30083084,19.13138962
92,2012-12-31 21:55:00,"St. Pete Beach, FL",27.72573471,-82.74153137
93,2012-12-29 09:25:00,La Lechonera,34.05223846,-118.24334717
94,2012-12-28 17:35:00,"Tampa, FL",27.94742393,-82.45877838
95,2012-12-26 07:13:00,Prestige Travel,44.74472046,12.24540424
96,2012-12-21 17:00:00,Tampa Bay Brewing,27.76738167,-82.581604
97,2012-12-17 10:42:00,"Citrus Park, FL",28.07753181,-82.57427979
98,2012-12-15 08:55:00,Harley-Davidson of Crystal River,28.89975739,-82.59528351
99,2012-12-15 06:51:00,Maw's Vittles,35.42077637,45.86450958
100,2012-12-09 15:38:00,Idlewild Baptist Church,43.88696671,-85.79496002
101,2012-12-09 09:09:00,"Tampa, FL",27.94742393,-82.45877838
102,2012-12-09 07:26:00,"Florida, USA",28.59551239,-82.48734283
103,2012-12-08 11:17:00,"Tampa, FL",27.94742393,-82.45877838
104,2012-12-05 14:54:00,Prestige Travel,44.74472046,12.24540424
105,2012-12-04 15:56:00,"Tampa, FL",27.94742393,-82.45877838
106,2012-12-02 11:10:00,"Tampa, FL",27.94742393,-82.45877838
107,2012-12-02 09:47:00,"Tampa, FL",27.94742393,-82.45877838
108,2012-12-01 16:32:00,Byblos Cafe,34.11917496,35.64610291
109,2012-11-24 09:53:00,"Tampa, FL",27.94742393,-82.45877838
110,2012-11-21 11:53:00,"Hollywood, FL",26.0117569,-80.13905334
111,2012-11-21 06:50:00,"Wimauma, FL",27.71248627,-82.30232239
112,2012-11-14 09:49:00,Prestige Travel,44.74472046,12.24540424
113,2012-11-03 06:46:00,"Sorrento, Campania",40.62631989,14.37573814
114,2012-09-23 10:23:00,"Tampa, FL",27.94742393,-82.45877838
115,2012-09-22 07:24:00,"Town 'n' Country, FL",27.99683571,-82.58346558
116,2012-09-20 09:47:00,"Greater Carrollwood, FL",28.06751633,-82.52092743
117,2012-08-14 12:16:00,"Greater Carrollwood, FL",28.06751633,-82.52092743
118,2012-08-12 13:48:00,"Town 'n' Country, FL",27.99683571,-82.58346558
119,2012-07-21 15:42:00,"St. Petersburg, FL",27.77206993,-82.63848877
120,2012-06-23 15:47:00,"Orlando, FL",28.53833008,-81.37887573
121,2012-06-15 16:09:00,"Tampa, FL",27.94742393,-82.45877838
122,2012-06-13 15:11:00,Prestige Travel,44.74472046,12.24540424
123,2012-06-10 12:47:00,"Greater Carrollwood, FL",28.06751633,-82.52092743
124,2012-06-03 09:24:00,Starbucks,39.01421308,-119.74556321
125,2012-06-02 16:42:00,Oragami Sushi,54.0012207,26.83299065
126,2012-05-28 12:01:00,"Tampa, FL",27.94742393,-82.45877838
127,2012-05-28 10:38:00,"Greater Carrollwood, FL",28.06751633,-82.52092743
128,2012-05-27 11:12:00,Lowry Park Zoological Garden,32.11246109,34.8083992
129,2012-05-25 16:38:00,Hard Rock Hotel,18.73508644,-68.48111725
130,2012-05-20 10:33:00,Target - Pharmacy,46.28918076,3.06098199
131,2012-05-19 19:58:00,"Greater Carrollwood, FL",28.06751633,-82.52092743
132,2012-05-19 19:22:00,World of Beer,50.69817734,-3.09264302
133,2012-05-17 10:26:00,"Tampa, FL",27.94742393,-82.45877838
134,2012-05-08 11:35:00,"Citrus Park, FL",28.07753181,-82.57427979
135,2012-05-08 11:09:00,"Citrus Park, FL",28.07753181,-82.57427979
136,2012-05-06 13:07:00,La Lechonera,34.05223846,-118.24334717
137,2012-05-05 12:06:00,"Florida, USA",28.59551239,-82.48734283
138,2012-05-03 20:47:00,"Town 'n' Country, FL",27.99683571,-82.58346558
139,2012-04-17 10:29:00,"Tampa, FL",27.94742393,-82.45877838
140,2012-03-26 07:04:00,Prestige Travel,44.74472046,12.24540424
141,2012-02-22 18:31:00,Starbucks,39.01421308,-119.74556321
142,2012-02-19 17:30:00,"Tampa, FL",27.94742393,-82.45877838
143,2012-02-04 18:47:00,Mise En Place,1.32952797,34.38920593
144,2012-01-29 21:05:00,"Greater Carrollwood, FL",28.06751633,-82.52092743
145,2012-01-13 06:58:00,Prestige Travel,44.74472046,12.24540424
146,2012-01-10 10:06:00,Panera Bread,27.83491135,76.10665131
147,2012-01-07 09:49:00,Target - Pharmacy,46.28918076,3.06098199
148,2012-01-07 07:53:00,"Town 'n' Country, FL",27.99683571,-82.58346558
149,2012-01-04 17:45:00,Starbucks,39.01421308,-119.74556321
150,2012-01-03 11:32:00,Prestige Travel,44.74472046,12.24540424
151,2011-12-31 19:14:00,"St. Pete Beach, FL",27.72573471,-82.74153137
152,2011-12-26 11:45:00,Brick House Tap & Tavern,51.5236617,-0.0713045
153,2011-12-26 10:47:00,Tampa Bay History Ctr,27.76738167,-82.581604
154,2011-12-24 13:54:00,"Tampa, FL",27.94742393,-82.45877838
155,2011-12-24 07:25:00,"Tampa, FL",27.94742393,-82.45877838
156,2011-12-07 09:26:00,"Quintana Roo, México",19.62212563,-88.13102722
157,2011-12-04 11:21:00,"Florida, USA",28.59551239,-82.48734283
158,2011-11-27 13:48:00,"Wesley Chapel, FL",28.18135834,-82.35116577
159,2011-11-26 07:02:00,"Tampa, FL",27.94742393,-82.45877838
160,2011-11-17 19:43:00,"Brandon, FL",27.93765831,-82.28847504
161,2011-11-12 15:30:00,Oishi Sushi & Hibachi Grill,35.51670074,138.73330688
162,2011-11-12 07:58:00,"Town 'n' Country, FL",27.99683571,-82.58346558
163,2011-11-12 07:58:00,"Town 'n' Country, FL",27.99683571,-82.58346558
164,2011-11-09 16:52:00,State Theatre Concerts,-33.87091446,151.20751953
165,2011-11-05 10:57:00,"Town 'n' Country, FL",27.99683571,-82.58346558
166,2011-10-29 14:18:00,"Fort Myers, FL",26.61414909,-81.82576752
167,2011-10-14 15:19:00,"Tampa, FL",27.94742393,-82.45877838
168,2011-10-11 06:22:00,"Greater Carrollwood, FL",28.06751633,-82.52092743
169,2011-10-09 07:00:00,"Tampa, FL",27.94742393,-82.45877838
170,2011-10-08 08:23:00,"Tampa, FL",27.94742393,-82.45877838
171,2011-10-05 16:05:00,Starbucks,39.01421308,-119.74556321
172,2011-10-01 07:57:00,"Town 'n' Country, FL",27.99683571,-82.58346558
173,2011-09-30 15:54:00,Dubliner North,50.7538785,7.07823075
174,2011-09-27 05:54:00,Burger King,12.52001938,-70.03247034
175,2011-09-26 15:21:00,Prestige Travel,44.74472046,12.24540424
176,2011-09-24 08:32:00,"Orlando, FL",28.53833008,-81.37887573
177,2011-09-22 13:31:00,"Orlando, FL",28.53833008,-81.37887573
178,2011-09-17 15:35:00,Amway Center,28.53929329,-81.38395691
